value,emory_probability,mimic_iv_probability,ohsu_probability,rush_probability,ucmc_probability,umn_probability
-6.0,,,,,1.2950096801973596e-6,
-1.0,,0.000014006465384421449,,,,
0.0,0.9777436201437943,0.0014370633484416407,0.0014326647564469914,0.0006018657839301836,0.0002460518392374983,0.0007067137809187279
0.09,,,,,0.00024734684891769565,0.0007195631223899775
0.15,,,,,,0.0007452618053324767
0.2,,,,,,0.0010921940250562159
0.3,,,,,,0.0011307420494699647
0.49,,,,,,0.001156440732412464
0.5,,0.0014622749861335992,,,0.00025382189731868246,0.0013234821715387085
0.54,,,,,0.0002551169069988798,
0.6,,0.0014650762792104836,,,,0.0015162222936074526
0.64,,,,,,0.0015419209765499518
0.65,,,,0.0006620523623232019,,0.0017475104400899455
0.66,,,,,,0.0018117571474461935
0.67,,,,,,0.001888853196273691
0.7,,0.001479082744594905,,,0.0002615919553998666,0.0027112110504336653
0.73,,,,,,0.002814005782203662
0.75,,,,,,0.0031866366848699004
0.76,,,,,,0.003225184709283649
0.8,,0.001490287916902442,,,0.00026418197476026133,0.005936395759717315
0.85,,0.0014930892099793264,,,,0.006270478637969804
0.9,,0.0015126982615175164,,0.0007222389407162202,0.00027065702316124814,0.014237070350144555
0.91,,,,,,0.014391262447799551
0.93,,,,,,0.014455509155155798
0.94,,,,,,0.014468358496627047
0.95,,0.0015154995545944008,,,,0.01473819466752329
0.97,,,,,,0.014751044008994539
0.98,,,,,,0.014763893350465788
0.99,,,,,,0.014802441374879537
1.0,1.0,0.002002924549972267,,0.0013842913030394223,0.0002887871586840112,0.020353356890459365
1.07,,,,,0.0002900821683642085,
1.1,,0.0020085271361260358,,,0.00030821230388697156,0.020623193061355606
1.2,,0.0020169310153566886,,,0.0003172773716483531,0.022923225184709285
1.3,,0.0020533478253561845,,,0.0003263424394097346,0.023141663989720528
1.4,,0.0020925659284325646,,,0.0003379975265315108,0.023218760038548024
1.5,,0.0021233801522782918,,0.0020463436653626243,0.0003444725749324976,0.02327015740443302
1.6,,0.0021373866176627133,,,0.0003548326523740765,0.023295856087375524
1.63,,,,,,0.023321554770318022
1.7,,0.00216820084150844,,,0.0004014530008611814,0.023462897526501766
1.8,,0.0021766047207390934,,,0.0004869236397542072,
1.9,,0.0021878098930466303,,,0.0005710992689670355,
2.0,,0.005608188739922348,,0.009088173337345773,0.0006397347820174956,0.03145518792161902
2.1,,0.005627797791460538,,,0.0006552748981798639,
2.2,,0.005695028825305761,,,0.000677290062743219,
2.3,,0.005737048221459025,,,0.0007018952466669689,
2.4,,0.005776266324535406,,,0.0007200253821897319,
2.5,,0.005860305116841934,,,0.0007498106048342712,
2.6,,0.005902324512995199,,,0.0007886608952401919,
2.7,,0.005921933564533389,,,0.0008171511082045338,
2.8,,0.005952747788379116,,,0.0008896716502955859,
2.9,,0.0059919658914554955,,,0.0009285219407015068,
3.0,,0.009205049050641777,,0.01757448089076136,0.0009660772214272301,0.03203340828782525
3.1,,0.00926667749833323,,,0.0010243526570361114,
3.2,,0.009294690429102073,,,0.0010683829861628216,
3.3,,0.009319902066794032,,,0.0010800380732845978,
3.4,,0.009367524049101066,,,0.001102053237847953,
3.5,,0.009403940859100561,,,0.0011214783830509132,
3.6,,0.00940954344525433,,,0.0011253634120915053,
3.7,,0.00944315896217694,,,0.0011512636056954526,
3.8,,0.009479575772176436,,,0.0011680987315380183,
3.9,,,,,0.001174573779939005,
4.0,,0.013715130904425483,,0.025519109238639783,0.0011965889445023602,0.03220044972695149
4.1,,0.013773958059040053,,,0.0012095390413043338,
4.2,,0.013793567110578242,,,0.00122119412842611,
4.3,,0.013827182627500854,,,0.0012328492155478862,
4.4,,0.013852394265192813,,,0.001261339428512228,
4.5,,0.013880407195961656,,,0.0012742895253142017,
4.6,,0.01390281754057673,,,0.0012950096801973596,
4.7,,0.013930830471345574,,,0.001311844806039925,
4.8,,0.013944836936729994,,,0.0013157298350805172,
4.9,,0.013972849867498837,,,0.0013481050770854511,
5.0,,0.018359674825899636,,0.033584110743304245,0.0013973154449329508,0.033022807581111466
5.1,,0.01838208517051471,,,0.0014089705320547272,
5.2,,0.018412899394360437,,,0.0014322807062982796,
5.3,,0.01847452784205189,,,0.001455590880541832,
5.4,,0.018513745945128272,,,0.0014801960644655818,
5.5,,0.018550162755127768,,,0.0014957361806279502,
5.6,,0.018583778272050377,,,0.0015138663161507132,
5.7,,0.018603387323588568,,,0.0015216363742318975,
5.8,,0.0186510093058956,,,0.0015578966452774235,
5.9,,0.018684624822818213,,,0.0015837968388813706,
6.0,,0.022432754959689393,,0.039723141739392114,0.0016368922357694624,0.0336010279473177
6.1,,0.022460767890458234,,,0.0016744475164951857,
6.2,,0.02249158211430396,,,0.0017016427197793303,
6.3,,0.02250838987276527,,,0.0017210678649822908,
6.4,,0.022556011855072302,,,0.0017417880198654485,
6.5,,0.02260643513045622,,,0.0017974734361139348,
6.6,,0.02262044159584064,,,0.0018104235329159085,
6.7,,0.02266526228507079,,,0.001847978813641632,
6.8,,0.02270448038814717,,,0.0018816490653267633,
6.9,,0.02271288426737782,,,0.0019127292976515,
7.0,,0.023320764865061714,,0.04050556725850135,0.0019515795880574206,0.03383231609380019
7.1,,0.023373989433522514,,,0.002007265004305907,
7.2,,0.023402002364291356,,,0.0020292801688692624,
7.3,,0.02344962434659839,,,0.002081080556077157,
7.39,,,,,,0.03387086411821394
7.4,,0.023491643742751655,,,0.002114750807762288,
7.5,,0.02350845150121296,,,0.002128995914244459,
7.6,,0.023536464431981804,,,0.002171731233690972,
7.7,,0.02358688770736572,,,0.0022028114660157085,
7.8,,0.023598092879673255,,,0.0022196465918582742,
7.9,,0.023640112275826523,,,0.002248136804822616,
8.0,,0.026326552336558555,,0.04339452302136623,0.0022960521629899183,0.03415354963058143
8.1,,0.02634336009501986,,,0.0023141822985126813,
8.2,,0.02638257819809624,,,0.0023478525501978128,
8.3,,0.026402187249634432,,,0.0023892928599641284,
8.4,,0.026416193715018854,,,0.0024113080245274834,
8.5,,0.026461014404249,,,0.0024397982374918252,
8.6,,0.026508636386556036,,,0.0024799435375779436,
8.65,,,,0.04345470959975925,,
8.7,,0.026539450610401763,,,0.002504548721501693,
8.8,,0.026581470006555027,,,0.0025421040022274165,
8.9,,0.02662909198886206,,,0.0025809542926333376,
9.0,,0.02681957991809019,,0.04363526933493831,0.0026353446992016267,0.03419209765499518
9.1,,0.02686440060732034,,,0.0026560648540847843,
9.2,,0.026909221296550486,,,0.0026988001735312973,
9.3,,0.026940035520396213,,,0.002713045280013468,
9.4,,0.026979253623472595,,,0.0027389454736174153,
9.5,,0.02701567043347209,,,0.00276096063818077,
9.6,,0.027049285950394703,,,0.0027816807930639282,
9.7,,0.027108113105009272,,,0.002808875996348073,
9.8,,0.027141728621931885,,,0.0028334811802718223,
9.9,,0.027169741552700726,,,0.002845136267393599,
10.0,,0.0313828863403347,,0.04610291904905206,0.002969457196692545,0.03477031802120141
10.1,,0.03141650185725731,,,0.003012192516139058,
10.2,,0.031438912201872386,,,0.003026437622621229,
10.3,,0.031489335477256304,,,0.0030575178549459656,
10.4,,0.031531354873409564,,,0.003095073135671689,
10.5,,0.03156777168340906,,,0.003119678319595439,
10.6,,0.0316322014241774,,,0.003149463542239978,
10.7,,0.031677022113407546,,,0.0031896088423260965,
10.8,,0.03169663116494574,,,0.0031999689197676753,
10.9,,0.03175545831956031,,,0.0032362291908132014,
11.0,,0.031920734611096485,,0.04616310562744508,0.0033735002169141214,0.034821715387086415
11.1,,0.03195154883494221,,,0.0033851553040358975,
11.2,,0.031987965644941704,,,0.0034097604879596475,
11.3,,0.03206360055801758,,,0.003443430739644779,
11.4,,0.032086010902632654,,,0.0034524958074061605,
11.5,,0.03215324193647788,,,0.0035107712430150415,
11.6,,0.0322204729703231,,,0.0035392614559793833,
11.7,,0.03224288331493817,,,0.0035612766205427387,
11.8,,0.032296107883398976,,,0.0036014219206288566,
11.9,,0.03232412081416782,,,0.0036402722110347773,
12.0,,0.03363232468107279,0.0028653295128939827,0.046704784832982245,0.0037373979370495794,0.03514294892386765
12.1,,0.03370515830107178,,,0.003764593140333724,
12.2,,0.03377799192107077,,,0.0038202785565822103,
12.3,,0.03381160743799338,,,0.003872078943790105,
12.4,,0.033887242351069255,,,0.003960139602043525,
12.5,,0.03391805657491498,,,0.003995104863408854,
12.6,,0.03393766562645317,,,0.004019710047332604,
12.7,,0.033976883729529554,,,0.004076690473261288,
12.8,,0.034049717349528545,,,0.004154391054073129,
12.9,,0.034083332866451155,,,0.004175111208956287,
13.0,,0.0342177949341416,,,0.004263171867209707,0.03527144233858015
13.1,,0.03429062855414059,,,0.0043162672640977996,
13.2,,0.03434105182952451,,,0.004342167457701746,
13.3,,0.03440828286336973,,,0.004375837709386878,
13.4,,0.03446150743183053,,,0.004415983009472996,
13.5,,0.03451193070721445,,,0.004441883203076943,
13.6,,0.034612777257982286,,,0.004505338677406614,
13.7,,0.034680008291827505,,,0.004546778987172929,
13.8,,0.034716425101827,,,0.004570089161416482,
13.9,,0.034789258721826,,,0.004656854809989705,
14.0,,0.034996554409515435,,0.04682515798976828,0.004768225642486678,0.035348538387407646
14.1,,0.03503577251259181,,,0.004785060768329243,0.035361387728878896
14.2,,0.03511701001182146,,,0.0048303861071361505,
14.3,,0.0351982475110511,,,0.004882186494344045,
14.4,,0.03522906173489683,,,0.004899021620186611,
14.5,,0.03529629276874205,,,0.00494823198803411,
14.6,,0.03536632509566416,,,0.005005212413962795,
14.7,,0.035405543198740536,,,0.005028522588206347,
14.8,,0.035525998801046565,,,0.005099748120617201,
14.9,,0.035618441472583744,,,0.0051606135755864774,
15.0,,0.039019211267921274,,0.04947336743906109,0.0053561600372962785,0.03602955348538387
15.1,,0.03912846169791976,,,0.005401485376103186,
15.2,,0.03924331471407202,,,0.005514151218280357,
15.3,,0.039293737989455936,,,0.005547821469965488,
15.4,,0.03936377031637804,,,0.005626817060457527,
15.5,,0.039467418160222756,,,0.005694157563827789,
15.6,,0.03952064272868356,,,0.005730417834873315,
15.7,,0.03960748281406697,,,0.005813298454405947,
15.8,,0.039753150054064955,,,0.005883228977136604,
15.9,,0.03980077203637199,,,0.005916899228821736,
16.0,,0.03996324703483128,,0.04971411375263316,0.006099495593729563,0.03624799229039512
16.1,,0.04008090134406042,,,0.006201801358465154,
16.2,,0.040145331084828755,,,0.00623806162951068,
16.3,,0.040234972463289054,,,0.006313172190962128,
16.4,,0.04036103065174885,,0.04977430033102618,0.006414182946017521,
16.5,,0.040411453927132766,,,0.006453033236423442,
16.6,,0.040543114701746326,,,0.006524258768834297,
16.7,,0.04067757676943677,,,0.00661102441740752,
16.8,,0.040739205217128226,,,0.00666023478525502,
16.9,,0.04087926987097244,,,0.006747000433828243,
17.0,,0.041050148748662384,,0.0498344869094192,0.006939956876177649,0.036312238997751364
17.1,,0.04110897590327695,,,0.006972332118182583,
17.2,,0.041254643143274934,,0.05001504664459826,0.007057802757075609,
17.3,,0.04142832331404176,,,0.007153633473410213,
17.4,,0.041498355640963866,,,0.007193778773496332,
17.5,,0.041652426760192506,,,0.007284429451110147,
17.6,,0.041817703051728675,,,0.007380260167444751,
17.7,,0.04189894055095832,,,0.007428175525612054,
17.8,,0.042053011670186956,,,0.007542136377469422,
17.9,,0.04217906985864675,,,0.0076716373454891575,
18.0,,0.04228271770249147,,0.050315979536563346,0.007953949455772182,0.036633472534532606
18.1,,0.04247880821787337,,,0.008073090346350339,
18.2,,0.04264128321633266,,,0.008184461178847312,
18.3,,0.04272532200863919,,,0.00821942644021264,
18.4,,0.04287939312786782,,,0.008370942572795732,
18.5,,0.04307268235017284,,,0.008510803618257047,
18.6,,0.04315672114247937,,,0.008579439131307506,
18.7,,0.0433472090717075,,,0.008790525709179675,
18.8,,0.04356010734555071,,,0.008932976774001386,
18.9,,0.04365535131016477,,,0.00900938234513303,
19.0,,0.043904666394007474,,0.050616912428528435,0.009510551091369408,
19.1,,0.0441679879432346,,,0.009699622504678223,
19.2,,0.044296847424771274,,,0.00977991310485046,
19.3,,0.044540559922460206,,,0.009923659179352366,
19.4,,0.04484870216091748,,,0.010076470321615655,
19.5,,0.0449523500047622,,,0.010136040766904733,
19.6,,0.045226876726296855,,0.05067709900692146,0.010345832335096705,
19.7,,0.04546498663783202,,0.05097803189888655,0.010496053457999598,
19.8,,0.04560224999859935,,,0.010589294154973809,
19.9,,0.0458963857716722,,,0.010766710481160846,
20.0,,0.046221335768590784,,0.051820643996388804,0.011506161008553539,0.03817539351108256
20.1,,0.04635019525012746,,,0.011578681550644591,
20.2,,0.04661911938550835,,,0.011788473118836563,
20.3,,0.04697208231319577,,,0.011985314590226562,
20.4,,0.04713175601857818,,,0.01208373532592156,
20.5,,0.04745950730857364,,,0.012307772000595704,
20.6,,0.04775644437472337,,,0.012513678539747084,
20.7,,0.04794413101087462,,,0.01264835954648761,
20.8,,0.0482858887662545,,,0.012886641327643925,
20.9,,0.04864725557317258,,,0.013121038079759647,
21.0,,0.04881813445086252,,0.05290400240746314,0.013606666709833655,0.038278188242852555
21.1,,0.04917950125778059,,,0.013828113365147405,
21.2,,0.04956327840931374,,,0.014052150039821548,
21.3,,0.049767772803926295,,,0.014190716075602666,
21.4,,0.0501235370246906,,,0.014440652943880755,
21.5,,0.050560538744684545,,,0.01470353990896082,
21.6,,0.050787443483912176,,,0.014839515925381542,
21.7,,0.051213240031598585,,,0.015119238016304172,
21.8,,0.05169786373389957,,,0.015398960107226802,
21.9,,0.051938774938511616,,,0.01555695128821088,
22.0,,0.05243460381312014,,0.053505868191393316,0.016258846534877847,0.0384452296819788
22.1,,0.05296965079080503,,,0.016510078412836134,
22.2,,0.05321336328849397,,,0.016668069593820212,
22.3,,0.05379323095540902,,,0.017050097449478434,
22.4,,0.05430306629540196,,,0.017436010334177247,
22.5,,0.05461961241308988,,,0.017613426660364286,
22.6,,0.05517146714923609,,,0.01792422898361165,
22.7,,0.0557933542123044,,,0.018187115948691716,
22.8,,0.056051073175377754,,,0.018320501945752046,
22.9,,0.05659452403229331,,,0.018636484307720202,
23.0,,0.05718559687151589,,0.05657538368943726,0.019375934835112893,0.03898490202377128
23.1,,0.057532957213049546,,,0.019580546364584075,
23.2,,0.05822487660303996,,,0.019899118745912627,
23.3,,0.058863571424569584,,,0.02024488633052532,
23.4,,0.059174514956103735,,,0.020414532598631175,
23.5,,0.05983562012224843,,,0.02081987062853295,
23.6,,0.06046871235762428,,,0.021242043784277288,
23.7,,0.06084968821608054,,,0.021422050129824722,
23.8,,0.06161724251914684,,,0.021787242859640375,
23.9,,0.06233437354682922,,,0.022156320618496622,
24.0,,0.06278258043913071,,0.05820042130604875,0.022916491300772474,0.03944747831673627
24.1,,0.06347169853604424,,,0.023273913972506943,
24.2,,0.06427566964911002,,,0.02369349710889089,
24.3,,0.06473508171371906,,,0.023905878696443256,
24.4,,0.06556706575755368,,,0.02439927738459845,
24.5,,0.06640465238754209,,,0.024866775879149698,
24.6,,0.06684165410753604,,,0.02515038299911292,
24.7,,0.06771565754752394,,0.05826060788444177,0.02565414176470969,
24.8,,0.06851122478135907,,,0.02619416080135199,
24.9,,0.06900985494904448,,,0.026366397088818237,
25.0,,0.07003792950826102,,0.061029190490520614,0.027941128859938227,0.0449726951493736
25.1,,0.07096515751670972,,,0.02841121737384987,
25.2,,0.07144978121901069,,,0.028711659619655657,
25.3,,0.07237140664130563,,,0.029212828365892035,
25.4,,0.0733938786143684,,,0.029758027441255122,
25.5,,0.07390091266128444,,,0.029992424193370844,
25.6,,0.07487856394511706,,,0.030545393326815117,
25.7,,0.07587582428048788,,,0.031028431937528734,
25.8,,0.07641087125817277,,,0.03132239913493353,
25.9,,0.07748096521354257,,,0.03185205809413425,
26.0,,0.0786519057196802,,0.07035811014143846,0.03300202669014951,0.04528107934468358
26.1,,0.07918415140428822,,,0.03326102862618898,
26.2,,0.08038030354811782,,,0.03377514746922733,
26.3,,0.081489615606564,,,0.034392867086681475,
26.4,,0.0820750858596328,,,0.03479043505850206,
26.5,,0.08330205222730813,,,0.03538484450171265,
26.6,,0.08446458885421511,,,0.03598443398364403,
26.7,,0.08508647591728342,,,0.03633149657793692,
26.8,,0.08627982676803612,,,0.03699065650515738,
26.9,,0.08759083192801798,,,0.03765888150013921,
27.0,,0.08835558493800738,,0.07294613301233825,0.03855761821819618,0.04552521683263733
27.1,,0.0896890004426043,,,0.039175337835650324,
27.2,,0.09100560818873993,,,0.03974384708525696,
27.3,,0.09170593145796099,,,0.040062419466585515,
27.4,,0.09311778316871068,,,0.04073841451964853,
27.5,,0.09456885298253674,,,0.04144937483407689,
27.6,,0.09520194521791259,,,0.041832697699415305,
27.7,,0.09673985511712206,,,0.0424711374717526,
27.8,,0.09813489906941043,,,0.043232603163708645,
27.9,,0.09884922880401593,,,0.043557650593438184,
28.0,,0.10041515163399425,,0.08143244056575384,0.04504302669662456,0.046309026662383554
28.1,,0.10195306153320373,,0.08149262714414686,0.04576823211753508,
28.2,,0.10265058350934791,,,0.04613083482799034,
28.3,,0.10420530116701869,,,0.04685733525858106,
28.4,,0.10579363434161208,,,0.04764340613446086,
28.5,,0.10670405459159948,,,0.04803708907724085,
28.6,,0.10850808733311297,,,0.048706609081902885,
28.7,,0.11018045930001288,,,0.04955354541275196,
28.8,,0.11102925110230882,,0.08155281372253988,0.049922623171608206,
28.9,,0.11268761660382433,,,0.05072941420237116,
29.0,,0.11452246356918354,,0.08438158290701174,0.05232357111869411,0.046617410857693546
29.1,,0.11529842175148049,,,0.05273149916795628,0.046630260199164796
29.2,,0.11713887130299346,,,0.05353699518903904,
29.3,,0.11891769240681499,,,0.05436062134564456,
29.4,,0.11981690748449485,,,0.054701208891536464,
29.5,,0.12164895315677716,,,0.055489869786776655,
29.6,,0.12349220400136703,,,0.05641580170811777,
29.7,,0.12452868243981421,,,0.056805599621857175,
29.8,,0.12654001086901714,,,0.057682321175350784,
29.9,,0.1285261276605281,,,0.05868077363878295,
30.0,,0.1295570035128215,,0.10183569064098706,0.061585480351465625,0.0896113074204947
30.1,,0.1316467681481772,,,0.06239356639190878,
30.2,,0.13372252631814846,,,0.06334539850685383,
30.3,,0.13480662673890267,,,0.06383750218532884,
30.4,,0.13693560947733474,,,0.06473235387434521,
30.5,,0.13896934825115273,,,0.0656647608440873,0.08976549951814969
30.6,,0.14003383962036875,,,0.06610765415471481,
30.7,,0.14207037968726363,,,0.06708020642454303,
30.8,,0.1442553882872334,,,0.06819391474951275,
30.9,,0.1453254822426032,,,0.06867824836990656,
31.0,,0.1476085361002639,,0.10508576587421005,0.07105588614274892,0.0898939929328622
31.1,,0.15002044943946125,,,0.07198052305440983,
31.2,,0.1511353640840612,,,0.07244931655864127,
31.3,,0.1532391351848013,,,0.07347237420599718,
31.4,,0.15566785628246,,,0.07445658156294718,
31.5,,0.1569116304085966,,,0.07505228601583797,
31.6,,0.15937956960933167,,,0.07605203348895033,
31.7,,0.16191754113698884,,,0.07704401090398151,
31.8,,0.16317532172850988,,,0.07755942475670005,0.0899196916158047
31.9,,0.16564326092924495,,,0.07854363211365005,
32.0,,0.16806918073382673,,0.11453505868191394,0.08104300079643095,0.09211692900738837
32.1,,0.16936337813534727,,,0.0816568353848445,
32.2,,0.17179490052608284,,,0.0828314091647835,
32.3,,0.1743160642952787,,,0.08394770750911364,
32.4,,0.17569710178218265,,,0.08458355726209053,
32.5,,0.1783639327913765,,,0.08566230032569494,
32.58,,0.1783667340844534,,,,
32.6,,0.18089069914672612,,,0.08676564857322308,
32.7,,0.18219049913440044,,,0.08725904726137827,
32.8,,0.18488814436744,,,0.08838441067346979,
32.9,,0.18758859089355648,,,0.08944243358219103,
33.0,,0.1890424620004594,,0.12085464941318086,0.09137717804440589,0.09305493093478959
33.1,,0.19186056283580502,,,0.09244556103056871,
33.2,,0.19447136798346115,,,0.09371208049780172,
33.3,,0.19581038607421186,,,0.0942572795731648,
33.4,,0.19857806363417355,,,0.09542149327566224,0.09306778027626084
33.5,,0.20128131145336686,,,0.09658311695879927,
33.6,,0.20271557350873162,,,0.0971075958792792,
33.7,,0.2056261170156144,,,0.09824590938817268,
33.8,,0.2086066928494193,,0.12091483599157388,0.09960178452333932,
33.9,,0.21005776266324536,,,0.10028036959576273,
33.941,,0.21006056395632225,,,,
34.0,,0.21295990229089748,0.0057306590257879654,0.13006319590731266,0.10285355383031489,0.09377449405717957
34.1,,0.2159180677800873,,,0.10400870246505092,
34.2,,0.21743636862775859,,,0.10459922687922092,
34.3,,0.22063544532156043,,,0.10593049683046381,
34.4,,0.22366644443074923,,0.13012338248570568,0.10709859556200182,
34.5,,0.22529679700149588,,,0.10771890519881636,0.09378734339865082
34.6,,0.2284846685229902,,,0.10898542466604938,
34.7,,0.23163052064833126,,,0.11014834335886661,
34.8,,0.23303676977292717,,,0.11073109771495541,
34.9,,0.23624985293211345,,,0.11198596209506666,
35.0,,0.23967303307206606,,0.14835991573879026,0.1260484722123298,0.2066302601991648
35.1,,0.24124455848819815,,,0.1265820162005711,
35.2,,0.24427275630431006,,,0.12782393048388035,0.20664310954063606
35.3,,0.2476343079965712,,,0.12899591424445897,
35.4,,0.24928707091193295,,,0.1295773735908676,
35.5,,0.25258419286342576,,,0.13075971742888778,
35.6,,0.2559821613656864,,,0.1320236468767604,0.20666880822357855
35.7,,0.2576881488495089,,,0.1327190670750264,
35.8,,0.26112253416176906,,,0.13392990112601091,0.2066816575650498
35.9,,0.2644728806817227,,,0.13508763978010735,
36.0,,0.26647300393861806,,0.1550406259404153,0.1370728896198499,0.20994539029874718
36.1,,0.2697281064939576,,,0.13821897318682458,
36.2,,0.2732801461154469,,,0.13949585273149917,
36.3,,0.27482085730773326,,,0.14012522743607508,
36.4,,0.2783056658953773,,,0.14136196168066356,
36.5,,0.28175966025917565,,,0.1427204268351906,
36.6,,0.28342082705376803,,,0.14339124184953284,
36.7,,0.28699807831294927,,,0.1446292711038015,
36.8,,0.2905949386236687,,,0.14579736983533953,
36.9,,0.29248020886441184,,,0.14647983993680352,
37.0,,0.2962787622766669,,0.16069816430935902,0.14861660590912917,0.21141021522646963
37.1,,0.2999848730173848,,,0.14994399083133148,
37.2,,0.30188975230966614,,,0.15059926572951132,
37.3,,0.30540257382807906,,,0.1519823360679621,
37.4,,0.3091507039649502,,,0.15322943038999218,
37.5,,0.31103037161953956,,,0.1538005296589592,
37.6,,0.31466084744718165,,,0.15508258924235457,
37.7,,0.31852102930712817,,,0.15641515420327767,
37.8,,0.32028864523864214,,,0.15696164828832096,
37.9,,0.3241488270985887,,,0.15827608311372127,0.21142306456794088
38.0,,0.32793337404545936,,0.16930484501956064,0.16097617829693278,0.21523931898490203
38.1,,0.3296393615292819,,,0.16171174379528486,
38.2,,0.33330625416692344,,,0.16292646287530999,
38.3,,0.33722526318148455,,,0.16424348772007072,0.21525216832637328
38.4,,0.3388724235106925,,,0.16495962807321984,
38.5,,0.3426205536475637,,,0.16638802375047754,0.21526501766784453
38.6,,0.3463826902498193,,,0.16765972325643133,
38.7,,0.3482371462667167,,,0.1684535641903923,
38.8,,0.35208332166127887,,,0.1698418145675639,0.21540636042402828
38.9,,0.3558118427466118,,,0.17116531446072558,
39.0,,0.35794922936427453,,0.17159193499849534,0.1727258011253634,0.21635721169290073
39.1,,0.3619130590680658,,,0.1740039756797182,
39.2,,0.3654650986895551,,,0.17531582048575814,0.21637006103437198
39.3,,0.3675324529802957,,,0.17599958559690235,
39.4,,0.37150748785639454,,,0.17736064077078975,
39.5,,0.37560017704172244,,,0.1786724855768297,
39.6,,0.37763671710861735,,,0.1792500598941977,
39.7,,0.3814772899170257,,,0.18054247955503466,
39.8,,0.38549714548235464,,,0.18185820939011518,
39.9,,0.38760651916924854,,,0.18247463399788913,
40.0,,0.3920325622307257,0.01002865329512894,0.24682515798976828,0.2047591605747253,0.6591840668165756
40.1,,0.3958535259875959,,,0.20604381017748108,
40.2,,0.3979404893298747,,,0.20659677931092535,
40.3,,0.4019799539467418,,,0.20795783448481278,0.6591969161580469
40.4,,0.4058205267551502,,,0.2094587507041615,
40.5,,0.4078878810458908,,,0.21006740525385428,
40.6,,0.41197496764506497,,,0.2112808293241992,0.6592097654995182
40.7,,0.41599202191731705,,,0.2125577088688738,
40.8,,0.417905305088829,,,0.2132492440380992,
40.9,,0.4218859425510816,,,0.21455461379573812,
41.0,,0.4257881438071814,0.011461318051575931,0.2510382184772796,0.21710448785604672,0.6593896562801157
41.1,,0.42770422827177024,,,0.21774033760902362,
41.2,,0.4316372437517158,,,0.21900944709561704,0.6594025056215869
41.3,,0.4355226372493543,,,0.22019697097235802,
41.4,,0.43740230490394366,,,0.22080433051237058,
41.5,,0.441607045812347,,,0.2221265353958521,0.6594153549630581
41.6,,0.4456913311184443,,,0.22353032588918603,0.6594282043045294
41.7,,0.44772787118533913,,,0.22413898043887878,
41.8,,0.4516440789068234,,,0.22538995978994944,
41.9,,0.45539501033677143,,,0.22651791322140133,
42.0,,0.4576556538498171,,0.26403851941017153,0.22897584159441592,0.6601606167683907
42.1,,0.4614850214859179,,,0.23024106605196873,
42.2,,0.4655048770512469,,,0.2315373707418463,0.6601734661098618
42.3,,0.46761144944506383,,,0.23222631589171128,
42.4,,0.47142120802962645,,,0.23352003056222845,0.6601863154513331
42.5,,0.47516933816649765,,,0.2346790642260051,
42.6,,0.47721708340570007,,,0.23524498345625133,
42.7,,0.4810296432833396,,,0.23664100389150408,
42.8,,0.48504669755559165,,,0.23773010703255007,
42.9,,0.4870888402086403,,,0.23832192645640027,
43.0,,0.49111429836012305,,0.26801083358411076,0.24087439053606927,0.6611500160616769
43.1,,0.49505291642622234,,,0.24205284934504886,
43.2,,0.4968961672708122,,,0.24251387279119913,
43.3,,0.5005966754253763,,,0.2436457112516916,0.6611628654031481
43.4,,0.5045605051291676,,,0.2449161157479652,
43.5,,0.5062833003714514,,,0.24549498507501344,
43.6,,0.5101490848175518,,,0.24666178879687126,
43.7,,0.5140512860736516,,,0.24767837139582619,
43.8,,0.5159421589005485,,,0.24832458122624468,
43.9,,0.5197743278297262,,,0.24932950873807783,0.6611757147446193
44.0,,0.5238334014981315,,0.2866084863075534,0.2524336469415109,0.661985223257308
44.1,,0.5258531338065651,,,0.25307079170416796,0.6619980725987793
44.2,,0.5296853027357428,,,0.2542272353485842,
44.3,,0.5334362341656909,,,0.25544324943828955,
44.4,,0.535201048804128,,,0.2559988085910942,
44.5,,0.5389015569586921,,,0.2570982718095818,
44.6,,0.5425824560617181,,,0.25818737495062777,
44.7,,0.5445517650947678,,,0.2587882594422393,
44.8,,0.548103804716257,,,0.25981390710895563,
44.9,,0.5518435309738976,,,0.2608667499789561,
45.0,,0.5542694507784793,,0.3337345771892868,0.28186921697239686,0.7966334725345326
45.1,,0.5580343886738118,,,0.2829207648327171,0.7966463218760038
45.2,,0.561709685190684,,,0.28395806758655523,
45.21,,,,,0.2839593625962354,
45.3,,0.5634492881914291,,,0.28458614728145093,
45.4,,0.5670573536744561,,,0.28566100531601474,0.7966591712174751
45.5,,0.5706878295020982,,,0.28685500424115673,
45.6,,0.5723938169859207,,,0.28736782807451483,
45.7,,0.5761671587604839,,,0.2883882957025104,
45.8,,0.5798004358812028,,,0.2894968239887593,
45.9,,0.5818537837065589,,,0.28996561749299077,
46.0,,0.5855206763442005,,0.34276256394823956,0.293293792371098,0.7974044330228076
46.1,,0.5891539534649194,,,0.2943090799603727,
46.2,,0.5908795500002801,,,0.2947597433290814,
46.3,,0.5945520452240755,,,0.29564423494065617,
46.4,,0.5983085792401772,,,0.2966647025686517,
46.5,,0.6001126119816907,,,0.2971710513536089,
46.6,,0.6037122735854871,,,0.29811122838143217,
46.7,,0.607222293810823,,,0.29910579581582375,
46.8,,0.6090515381900286,,,0.29962509469758286,
46.9,,0.6126876166038243,,,0.3006313172190962,
47.0,,0.6161920342430066,0.012893982808022923,0.35203129702076436,0.3026942676396506,0.7976999678766463
47.1,,0.6179932656914432,,,0.3031876663278058,
47.2,,0.6213688238490888,,,0.30416539863635483,
47.3,,0.6248424272644253,,,0.3049903198026405,
47.4,,0.6266184470751699,,,0.3055096186843997,
47.5,,0.6299379793712778,,,0.30641353544117744,
47.6,,0.6333275439943078,,,0.30732522225603637,
47.7,,0.6349887107889002,,,0.3078160309248312,
47.8,,0.6382578198096241,,,0.3087808131365782,
47.9,,0.6416838012426536,,,0.30963163449646786,
48.0,,0.6436979309649334,,0.36569365031597956,0.3126477120416475,0.7981239961451976
48.1,,0.6468998089518122,,,0.3136396894566787,
48.2,,0.6500064429740768,,,0.31449439584560895,
48.3,,0.6515443528732863,,,0.3149372891562364,
48.4,,0.6548330709455484,,,0.3158489759710954,
48.5,,0.6580349489324272,,,0.31679821806668007,
48.6,,0.6596709040893276,,,0.3171711808545769,
48.7,,0.6627271148362084,,,0.317992216991822,
48.8,,0.6660074290292399,,,0.3188352682936305,
48.9,,0.6676153712553715,,,0.3193545671753896,
49.0,,0.6707976401907121,,0.3717724947336744,0.3216622744255013,0.79825248955991
49.1,,0.6738846651614385,,,0.3225972714146038,
49.2,,0.675349741440649,,,0.323011674512267,
49.3,,0.678375137963684,,,0.32385602082375564,
49.4,,0.6815434004336401,,,0.3246705819125998,
49.5,,0.6831485413666949,,,0.32502929959401444,
49.6,,0.6860842965112696,,,0.3258477457118992,
49.7,,0.6891601163096885,,,0.3266234565103374,
49.8,,0.6906812184504367,,,0.3269795841723917,
49.9,,0.6936673968703954,,0.3718326813120674,0.3278161604257992,
50.0,,0.6968272554611209,0.022922636103151862,0.5300631959073127,0.38512551881325313,0.9287632508833922
50.1,,0.6981578696726409,,,0.38545186125266284,
50.2,,0.7010936248172156,,,0.3862431121672634,
50.3,,0.7041134187540969,,,0.38697608764625513,
50.4,,0.7056289183086913,,,0.387342575385751,
50.5,,0.7084386152648062,,,0.38810145105834665,
50.6,,0.7111922863593835,,0.5301835690640987,0.38883442653733835,
50.7,,0.712657362638594,,,0.3892527146640421,
50.8,,0.7154334440777863,,,0.39016310646922087,
50.9,,0.718153499655441,,,0.3909362272482987,
51.0,,0.7196633966238816,,0.5338549503460728,0.391942449769812,0.929367169932541
51.1,,0.7224814974592272,,,0.3926922603746463,
51.2,,0.7252995982945728,,,0.3934278258729984,
51.3,,0.7266078021614777,,,0.3937774784866517,
51.4,,0.7294062939452851,,,0.3944625386074761,
51.5,,0.7321067404714016,,,0.3951851540090262,
51.6,,0.7332972900290774,,,0.39546617110962906,
51.7,,0.7359641210382712,,,0.39618360647245837,
51.8,,0.7386953817882335,,,0.39694118713537385,
51.9,,0.7401016309128293,,,0.3973024948361489,
52.0,,0.7428525007143297,,0.5395726752934096,0.39953120649576856,0.9297654995181497
52.1,,0.745435292931217,,,0.4002810171006028,
52.2,,0.7467827149011984,,,0.4006410297916977,
52.3,,0.7494299368588541,,,0.40130277973827855,
52.4,,0.7520491458857409,,,0.40194121951061584,
52.5,,0.7532509006157242,,,0.40229216713394933,
52.6,,0.7558420967118422,,,0.40292283684820546,
52.7,,0.7582344009995013,,,0.40354314648502,
52.8,,0.7595566113317908,,,0.4038643088857089,
52.9,,0.7620105440671414,,,0.4044936835902848,
53.0,,0.7643132069763403,,0.5415588323803792,0.4062678468521552,0.9301638291037584
53.1,,0.7655597823955538,,,0.4065734691366818,
53.2,,0.7679941060793662,,,0.4072675943252676,
53.3,,0.7703864103670254,,,0.4079099191266455,
53.4,,0.7714565043223952,,,0.40817539611108594,
53.5,,0.7737227504215947,,,0.4087788706220579,
53.6,,0.7759189641938719,,,0.4092761543392537,
53.7,,0.7768826090123201,,,0.40959213670122185,
53.8,,0.7792272913176722,,,0.41018007109603144,
53.9,,0.7814823322445641,,,0.41081333082964794,
54.0,,0.7829165942999289,,0.5438459223593138,0.4872331470677743,0.9303051718599422
54.1,,0.7852780843637424,,,0.4878948970143552,
54.2,,0.7874098683952513,,,0.4884556362058806,
54.3,,0.7884519494198522,,,0.48871593315160033,
54.4,,0.7904856881936702,,,0.48932070267225247,
54.5,,0.792645485155948,,,0.4898943919605799,
54.6,,0.7937744062659323,,,0.49020648929350746,
54.7,,0.7958081450397504,,,0.490807373785119,
54.8,,0.7978558902789528,,,0.49133573773463957,
54.9,,0.7988503493212467,,,0.4915636594383543,
55.0,,0.8008224596473732,,0.6083057478182365,0.505150901002985,0.9486154834564728
55.1,,0.8028449932488837,,,0.505668904875064,
55.2,,0.8038170419465626,,,0.5059227267723826,
55.3,,0.8057387289973051,,,0.5063992903346952,
55.4,,0.8076520121688171,,,0.5069108191583732,
55.5,,0.8086576763834186,,,0.5071244957556058,
55.6,,0.8106718061056984,,,0.5075906992404768,
55.7,,0.8124226142787511,,,0.5081708635772052,
55.8,,0.813344239701046,,,0.5084674207939704,
55.9,,0.8151622789079439,,,0.5089970797531711,
56.0,,0.8171904150956081,,0.6123382485705687,0.5103814451013021,0.9487054288467716
56.1,,0.8181036366386724,,,0.5106792973277475,
56.2,,0.8200365288617226,,,0.5110859303673295,
56.3,,0.821916196516312,,,0.5116622096750173,
56.4,,0.8228378219386069,,,0.5118966064271331,
56.5,,0.8245270016639681,,,0.5124664106864198,
56.6,,0.8263310344054816,,,0.5128950588905652,
56.7,,0.8272134417247001,,,0.5132265813686957,
56.8,,0.8289922628285217,,,0.5136591146018816,
56.9,,0.8306170128131145,,,0.514068337660824,
57.0,,0.8315778563384858,,0.6170328016852242,0.5151302455985859,0.9489881143591391
57.1,,0.8332726386500008,,,0.5154941433187213,
57.2,,0.8348945873415169,,,0.5159836569778359,
57.3,,0.835715366213044,,,0.5161636633233834,
57.4,,0.8373008980945604,,,0.5166324568276148,
57.5,,0.8388724235106926,,,0.5170300247994354,
57.6,,0.8396175674691437,,,0.5172631265418709,
57.7,,0.8413459652975813,,,0.5177863104526707,
57.8,,0.8430379463160195,,,0.5182123686374556,
57.85,,0.8430407476090963,,,,
57.9,,0.8437382695852406,,,0.5184389953314901,
58.0,,0.8453714234490641,,0.61974119771291,0.5195306884918964,0.9493093478959204
58.1,,0.8469989747267339,,,0.5200266771994121,
58.2,,0.8478001445467228,,,0.5202312887288832,
58.3,,0.849368868669778,,,0.5206379217684652,
58.4,,0.8508815669312955,,,0.5210872901274937,
58.5,,0.8516659289928231,,,0.5212931966666451,
58.6,,0.8531113962204954,,,0.5217399750063132,
58.7,,0.8547053319812425,,,0.5221841633266209,
58.8,,0.8554392707673862,,,0.522395249904493,
58.9,,0.8568287121335209,,,0.522808357992476,
59.0,,0.8582349612581167,,0.623111646102919,0.5235063682101023,0.9494763893350466
59.1,,0.8589717013373374,,,0.5237109797395736,
59.2,,0.8604283737373172,,,0.5240774674790694,
59.3,,0.8618654370857588,,,0.5244491352572861,
59.4,,0.8625209396657497,,,0.52460583142859,
59.5,,0.8638879706872692,,,0.5250422496908165,
59.6,,0.8652381939503274,,,0.5254825529820836,
59.7,,0.8658712861857033,,,0.5256509042405092,
59.8,,0.8672327146210691,,,0.5260005568541625,
59.9,,0.8684960977987439,,,0.5263424394097346,
60.0,,0.8705214326933313,0.19340974212034384,0.8077640686126993,0.9225959764049236,0.9881786058464503
60.1,,0.8719753038002341,,,0.9230880800833986,
60.2,,0.8733675464594457,,,0.9235283833746657,
60.3,,0.8741463059348196,,,0.9237407649622181,
60.4,,0.875636593851722,,,0.9242238035729317,
60.5,,0.8770456442693948,,,0.9246951870965235,
60.6,,0.8777823843486153,,,0.9249813842358472,
60.7,,0.8792222489901338,,,0.925439817662637,
60.8,,0.880695729148575,,,0.9259099061765487,
60.9,,0.8813568343147197,,,0.9261158127157001,
61.0,,0.8827154614570085,,0.8083659343966295,0.9269135386787016,0.9884098939929329
61.1,,0.8840796911854512,,,0.9273059266118014,
61.2,,0.8846735653177507,,,0.927513128160633,
61.3,,0.8858837239269647,,,0.92801818193591,
61.4,,0.8871331006392551,,,0.9284468301400552,
61.5,,0.8877745967538616,,,0.9286915869696126,
61.6,,0.8890183708799982,,,0.929087859931753,
61.7,,0.8904050109530559,,,0.9295721935521468,
61.8,,0.8911137381015076,,,0.9297224146750497,
61.9,,0.8924415510199508,,,0.9301458828404743,
62.0,,0.8935676708368583,,0.8120975022569967,0.9308788583194659,0.9884355926758753
62.1,,0.8941587436760808,,,0.9310860598682975,
62.2,,0.8954053190952944,,,0.9314395975109914,
62.3,,0.8966154777045084,,,0.9318397555021724,
62.4,,0.8972233583021922,,,0.9319912716347555,
62.5,,0.898318663895254,,,0.9322891238612009,
62.6,,0.8995428289698525,,,0.9327125920266254,
62.7,,0.9001198953436906,,,0.932887418333452,
62.8,,0.9012432138675213,,,0.9333186565569578,
62.9,,0.9024197569598127,,,0.9336955043738951,
63.0,,0.9030948685913418,,0.816370749322901,0.9342704886719029,0.9884998393832316
63.1,,0.9041089366851739,,,0.9346823017502056,
63.2,,0.9051398125374673,,,0.934980153976651,
63.3,,0.9057084750320749,,,0.9351420301866756,
63.4,,0.9068037806251366,,,0.9354178672485577,
63.5,,0.9078514642358912,,,0.9358206152590991,
63.6,,0.9083809086274224,,,0.9359617713142405,
63.7,,0.9093921754281776,,,0.9363852394796651,
63.8,,0.9104706732627781,,,0.9366830917061105,
63.9,,0.9109861111889248,,,0.9368423778967748,
64.0,,0.9120646090235253,,0.8211254890159494,0.9376025485790507,0.9885512367491166
64.1,,0.9130478628935117,,,0.937906875853897,
64.2,,0.9135044736650438,,,0.9380765221220029,
64.3,,0.9144653171904151,,,0.9383640142710067,
64.4,,0.915459776232709,,,0.9387110768652995,
64.5,,0.9159752141588557,,,0.9388379878139589,
64.6,,0.9169584680288421,,,0.9391345450307241,
64.7,,0.9178408753480607,,,0.9394479373733319,
64.8,,0.9183114925849772,,,0.9396059285543159,
64.9,,0.9192471244726566,,,0.9399050757904416,
65.0,,0.9201687498949515,0.2191977077363897,0.8620523623232019,0.9443883993032848,0.9922518470928365
65.1,,0.9205945464426379,,,0.9445179002713046,
65.2,,0.9215021653995484,,,0.9447807872363846,
65.3,,0.9224069830633821,,,0.9450799344725102,
65.4,,0.9228523886626067,,,0.9451874202759666,
65.5,,0.9237460011541327,,,0.9454865675120921,
65.6,,0.9245527735602754,,,0.9457403894094109,
65.7,,0.9249673649356543,,,0.9458841354839127,
65.8,,0.9258469709617959,,,0.9461172372263482,
65.9,,0.9265781084548628,,,0.9464137944431135,
66.0,,0.9269702894856265,,0.8643996388805296,0.946922733247431,
66.1,,0.9278723058563834,,,0.9471558349898666,
66.2,,0.9287323028309867,,,0.9474433271388704,
66.3,,0.9291328877409812,,,0.9475559929810475,
66.4,,0.9299760769571234,,,0.9478784503914167,
66.5,,0.9307576377255741,,,0.9481607625016997,
66.6,,0.9311077993601846,,,0.9482591832373947,
66.7,,0.9318389368532515,,,0.9485130051347134,
66.8,,0.932528054950165,,,0.9487979072643568,
66.9,,0.9329258385670826,,,0.9489118681162142,
67.0,,0.9338782782132232,,0.8669274751730364,0.9497626894761039,0.992277545775779
67.1,,0.934634627343982,,,0.9500087413153413,
67.2,,0.9350240070816689,,,0.9501175221284779,
67.3,,0.9357131251785824,,,0.9503920641806798,
67.4,,0.9363966406893423,,,0.9506148058456737,
67.5,,0.9368000268924135,,,0.9507507818620944,
67.6,,0.9375451708508648,,,0.951009783798134,
67.7,,0.9382875135162391,,,0.9512480655792902,
67.8,,0.9386320725646958,,,0.9513840415957109,
67.9,,0.9393407997131475,,,0.951700023957679,
68.0,,0.9399991035862154,,0.8699969906710804,0.952650561062944,0.9923417924831353
68.1,,0.9403128484108264,,,0.9527839470600042,
68.2,,0.9410776014208159,,,0.9530131637733992,
68.3,,0.9416826807254228,,,0.9532669856707179,
68.4,,0.9420244384808028,,,0.9533744714741743,
68.5,,0.9426967488192549,,,0.9535985081488484,
68.6,,0.9433634565715534,,,0.9538031196783195,
68.7,,0.9437192207923177,,,0.9539287356172987,
68.8,,0.94439153113077,,,0.9542770932212719,
68.9,,0.9449517897461468,,,0.9545309151185906,
69.0,,0.9452935475015267,,0.8708997893469757,0.9548171122579141,0.9923931898490203
69.1,,0.9458818190476724,,,0.9549984136131418,
69.2,,0.946425269904588,,,0.9551913700554912,
69.3,,0.9466857901607382,,,0.9553079209267089,
69.4,,0.947369305671498,,,0.9555630378337078,
69.5,,0.947974384976105,,,0.9558375798859097,
69.6,,0.9482377065253321,,,0.9559554257668076,
69.7,,0.9488035677268627,,,0.9562092476641263,
69.8,,0.9493862366868546,,,0.9564617745517647,
69.9,,0.949643955649928,,,0.9566003405875458,
70.0,,0.9504115099529943,0.2979942693409742,0.9399337947637677,0.9703559334106022,0.9964921297783489
70.1,,0.9509969802060632,,,0.9705696100078348,
70.2,,0.9512322888245214,,,0.9707314862178594,
70.3,,0.9518289642498977,,,0.9709555228925336,
70.4,,0.9523584086414288,,,0.9710979739573553,
70.5,,0.9525881146737334,,,0.9711847396059285,
70.6,,0.9530699370829575,,,0.9714243163967651,
70.7,,0.9536414008706419,,,0.9716211578681551,
70.8,,0.9538599017306388,,,0.9717105135360887,
70.9,,0.9543697370706318,,,0.9718827498235549,
71.0,,0.9549047840483167,,0.9404754739693049,0.972558744876618,
71.1,,0.9551540991321594,,,0.9726610506413536,
71.2,,0.9556163124898454,,,0.9728915623644286,
71.3,,0.9560953336059925,,,0.9730495535454128,
71.4,,0.9563586551552197,,,0.9731324341649454,
71.5,,0.9567676439444448,,,0.9733059654620918,
71.6,,0.957271876698284,,,0.9735274121174056,
71.7,,0.9574931788513578,,,0.9736361929305422,
71.8,,0.9579553922090437,,,0.9737967741308866,
71.9,,0.9585128495313436,,,0.9739625353699519,
72.0,,0.9587789723736477,,0.9419801384291303,0.9742772227222398,0.9965306778027626
72.1,,0.9591907624559497,,,0.974428738854823,
72.2,,0.9596361680551743,,,0.9745828450067664,
72.3,,0.95983786115671,,,0.9746553655488575,
72.4,,0.960272061583627,,,0.9748301918556841,
72.5,,0.9606978581313134,,,0.97506588361748,
72.6,,0.9609331667497717,,,0.9751759594402968,
72.7,,0.96138417493515,,,0.9753261805631998,
72.8,,0.9618155740689902,,,0.9755074819184273,
72.9,,0.9619948568259108,,,0.9756046076444421,
73.0,,0.9624206533735973,,0.9423412578994884,0.9760332558485875,0.9965435271442339
73.1,,0.9628604563866681,,,0.9762158522134953,
73.2,,0.9630845598328188,,,0.9762857827362259,
73.3,,0.9634879460358902,,,0.9765719798755496,
73.4,,0.9638717231874233,,,0.9767468061823762,
73.5,,0.9640454033581901,,,0.9768594720245534,
73.6,,0.9644235779235695,,,0.97703429833138,
73.7,,0.96472891886895,,,0.9772194847156482,
73.8,,0.9649530223151006,,,0.9773127254126225,
73.9,,0.9653480046389413,,,0.977479781661368,
74.0,,0.9657962115312428,,0.9446283478784231,0.9781221064627458,0.9966848699004176
74.1,,0.965983898167394,,,0.9781933319951567,
74.2,,0.9662920404058514,,,0.9783979435246278,
74.3,,0.9666590097989232,,,0.9786064400831396,
74.4,,0.9668522990212282,,,0.978713925886596,
74.5,,0.9672612878104533,,,0.9789029972999048,
74.6,,0.9676170520312176,,,0.979015663142082,
74.7,,0.9678187451327532,,,0.979127033974579,
74.8,,0.9682333365081321,,,0.9792889101846036,
74.9,,0.9685526839188969,,,0.9794469013655878,
75.0,,0.9687571783135095,0.3667621776504298,0.9599157387902498,0.9809737177785404,0.9983552842916801
75.1,,0.969132551585812,,,0.9811239389014433,
75.2,,0.9694855145134994,,,0.9812521448597828,
75.3,,0.9696479895119587,,,0.9813337304696352,
75.4,,0.9700205614911843,,,0.9814541663698936,
75.5,,0.9703623192465642,,,0.9815668322120708,
75.6,,0.970561211055023,,,0.9816419427735222,
75.7,,0.9708693532934802,,,0.9817960489254657,
75.8,,0.9711578864803994,,,0.9819125997966834,
75.9,,0.9713623808750119,,,0.98195533511613,
76.0,,0.9716481127688541,,0.9610592837797172,0.982263547420017,
76.1,,0.9719870692311571,,,0.9823762132621942,
76.2,,0.9720991209542325,,,0.9824435537655644,
76.3,,0.9724352761234586,,,0.9825665796851831,
76.4,,0.9726957963796088,,,0.9826986706725632,
76.5,,0.9728162519819149,,,0.9827517660694514,
76.6,,0.9731468045649871,,,0.9828514818148265,
76.7,,0.9734353377519063,,,0.9829861628215671,
76.8,,0.9735726011126736,,,0.9830327831700542,
76.9,,0.9738751407649772,,,0.9831596941187135,
77.0,,0.9741160519695892,,0.9621426421907915,0.9834821515290827,
77.1,,0.9742729243818947,,,0.9835494920324529,
77.2,,0.9745390472241987,,,0.9836815830198331,
77.3,,0.9748331829972715,,,0.9837735287071271,
77.4,,0.9749620424788082,,,0.9838564093266597,
77.5,,0.9752505756657273,,,0.9839910903334003,
77.6,,0.9755895321280303,,,0.9841698016692675,
77.7,,0.975740801954182,,,0.9842565673178407,
77.8,,0.9759817131587941,,,0.9843627581116169,
77.9,,0.9762338295357137,,,0.9844767189634742,
78.0,,0.9764075097064805,,0.9631658140234728,0.9846334151347781,0.9984195309990364
78.1,,0.9766120041010931,,,0.9847810462383206,
78.2,,0.9768865308226278,,,0.9848470917320107,
78.3,,0.976998582545703,,,0.9849157272450612,
78.4,,0.9772983209049297,,,0.9850620633389234,
78.5,,0.9775560398680031,,,0.9851760241907809,
78.6,,0.9776877006426167,,,0.9852304145973492,
78.7,,0.9779202079679981,,,0.9853391954104856,
78.8,,0.9781611191726101,,,0.9854544512720232,
78.9,,0.9782787734818392,,,0.9855127267076321,
79.0,,0.97850287692799,,0.9636473066506169,0.9858300040792805,0.9984323803405075
79.1,,0.9786933648572181,,,0.9859608000569804,
79.2,,0.978816621752601,,,0.9860385006377923,
79.3,,0.979009910974906,,,0.986187426751015,
79.4,,0.9792256105418261,,,0.9863376478739179,
79.5,,0.9793460661441321,,,0.9864140534450495,
79.6,,0.9795561631248985,,,0.9865047041226633,
79.7,,0.9797270420025884,,,0.9866458601778049,
79.8,,0.9798026769156643,,,0.9867132006811751,
79.9,,0.9800295816548918,,,0.9868336365814334,
80.0,,0.9804161600995019,0.5530085959885387,0.9858561540776407,0.988786511179171,0.9994474783167363
80.1,,0.9805142053571929,,,0.9888396065760592,
80.2,,0.9807102958725747,,,0.9889432073504749,
80.3,,0.9809792200079557,,,0.9891115586089007,
80.4,,0.9810996756102617,,,0.9891711290541897,
80.5,,0.98133498422872,,,0.9893071050706104,
80.6,,0.9815562863817938,,,0.9894391960579906,
80.7,,0.9816375238810234,,,0.9894871114161579,
80.8,,0.9818364156894822,,,0.9896230874325785,
80.9,,0.9820549165494792,,,0.9897033780327508,
81.0,,0.9821809747379391,,,0.9898665492524557,
81.1,,0.9823994755979361,,,0.9900141803559982,
81.2,,0.9826515919748556,,,0.9901385012852971,
81.3,,0.9827300281810084,,,0.9901993667402664,
81.4,,0.9829345225756209,,,0.9902990824856416,
81.5,,0.9831306130910028,,,0.9904311734730217,
81.6,,0.9832286583486938,,,0.9904946289473514,
81.7,,0.9834135436917681,,,0.9906215398960108,
81.8,,0.9835788199833043,,,0.9907367957575482,
81.9,,0.9836992755856103,,,0.9907639909608325,
82.0,,0.9839261803248379,,0.9859765272344267,0.9909323422192581,
82.1,,0.9841138669609892,,,0.991056663148557,
82.2,,0.9842007070463726,,,0.9911110535551253,
82.3,,0.9844220091994464,,,0.9911991142133787,
82.4,,0.9845648751463676,,,0.9912845848522718,
82.5,,0.9846461126455972,,,0.9913545153750024,
82.6,,0.9848337992817484,,,0.991502146478545,
82.7,,0.9850691079002067,,,0.9916044522432805,
82.8,,0.9851615505717439,,,0.9916497775820874,
82.9,,0.9853016152255881,,,0.9917404282597012,
83.0,,0.9854865005686625,,0.9860367138128198,0.9918867643535635,
83.1,,0.9856265652225067,,,0.9919346797117309,
83.2,,0.9857526234109665,,,0.9920421655151872,
83.3,,0.9859010919440414,,,0.9921198660959991,
83.4,,0.9859487139263484,,,0.9921548313573644,
83.5,,0.9861195928040384,,,0.9922649071801811,
83.6,,0.9862764652163438,,,0.9923957031578811,
83.7,,0.9863577027155735,,,0.9924216033514851,
83.8,,0.9865537932309554,,,0.9925420392517434,
83.9,,0.986733075987876,,,0.992644345016479,
84.0,,0.9868031083147981,,0.9862774601263918,0.9927608958876968,
84.1,,0.9869683846063343,,,0.9928593166233918,
84.2,,0.9871364621909473,,,0.9929137070299601,
84.3,,0.9872008919317157,,,0.9929447872622847,
84.4,,0.9874249953778664,,,0.9930224878430967,
84.5,,0.9875902716694026,,,0.9931377437046341,
84.6,,0.9876631052894016,,,0.9931649389079183,
84.7,,0.987797567357092,,,0.9932452295080906,
84.8,,0.9879348307178594,,,0.9933669604180291,
84.9,,0.988016068217089,,,0.9934161707858766,
85.0,,0.9881673380432408,0.6146131805157593,0.9888052964188986,0.9936751727219161,0.9996273690973337
85.1,,0.988307402697085,,,0.9937645283898497,
85.2,,0.9883746337309302,,,0.9938228038254586,
85.3,,0.9885539164878507,,,0.9939212245611536,
85.4,,0.9887219940724639,,,0.9940105802290872,
85.5,,0.9887920263993859,,,0.9940533155485337,
85.6,,0.9889320910532302,,,0.9941038209260614,
85.7,,0.9890749570001512,,,0.9941892915649545,
85.8,,0.989156194499381,,,0.9942320268844009,
85.9,,0.9892962591532252,,,0.9942773522232079,
86.0,,0.9894727406170688,,0.9889858561540776,0.9944172132686692,0.999640218438805
86.1,,0.9895623819955292,,,0.9944560635590751,
86.2,,0.9896828375978352,,,0.994514338994684,
86.3,,0.9897976906139874,,,0.9945868595367751,
86.4,,0.9898873319924477,,,0.9946231198078206,
86.5,,0.9900161914739843,,,0.9946969353595918,
86.6,,0.9901338457832135,,,0.9947862910275255,
86.7,,0.9901758651793668,,,0.9948367964050532,
86.8,,0.9903047246609035,,,0.9949067269277838,
86.9,,0.9904643983662859,,,0.9949572323053115,
87.0,,0.9905260268139773,,,0.9950608330797273,
87.1,,0.9906492837093602,,,0.9951475987283005,
87.2,,0.9908033548285888,,,0.9952408394252747,
87.3,,0.9908537781039728,,,0.9952641495995183,
87.4,,0.9909770349993557,,,0.995321130025447,
87.5,,0.9911058944808924,,,0.9954104856933805,
87.6,,0.991187131980122,,,0.9954506309934666,
87.7,,0.9913440043924275,,,0.9955102014387558,
87.8,,0.9914252418916571,,,0.9955814269711666,
87.9,,0.9914840690462717,,,0.9956099171841309,
88.0,,0.9916269349931929,,,0.9957161079779071,
88.1,,0.9917305828370375,,,0.9957795634522368,
88.2,,0.991792211284729,,,0.9958067586555209,
88.3,,0.9919182694731888,,,0.9958559690233685,
88.4,,0.9920471289547255,,,0.9959142444589774,
88.5,,0.992108757402417,,,0.9959647498365051,
88.6,,0.9922320142977998,,,0.9960178452333931,
88.7,,0.9923440660208752,,,0.9960424504173169,
88.8,,0.992397290589336,,,0.9960722356399614,
88.9,,0.9925345539501034,,,0.9961097909206871,
89.0,,0.9926718173108707,,,0.9962004415983009,0.9996530677802763
89.1,,0.9927446509308697,,,0.9962392918887069,
89.2,,0.9928454974816375,,,0.9962807321984731,
89.3,,0.9929631517908667,,,0.9963221725082395,
89.4,,0.9930051711870199,,,0.996358432779285,
89.5,,0.9931340306685567,,,0.9964348383504167,
89.6,,0.9932544862708627,,,0.9965073588925077,
89.7,,0.9932909030808621,,,0.9965306690667513,
89.8,,0.9933945509247069,,,0.996568224347477,
89.9,,0.9935262116993204,,,0.9966277947927661,
90.0,,0.9936158530777807,0.835243553008596,0.9984953355401746,0.9969761523967392,0.9998715065852875
90.1,,0.9937110970423948,,,0.9970085276387441,
90.2,,0.9938063410070088,,,0.99704737792915,
90.3,,0.993848360403162,,,0.9970745731324342,
90.4,,0.9939267966093148,,,0.9971095383937995,
90.5,,0.994022040573929,,,0.9971470936745253,
90.6,,0.9940836690216204,,,0.9971678138294083,
90.7,,0.9941817142793113,,,0.9971988940617331,
90.8,,0.9943077724677711,,,0.9972286792843776,
90.9,,0.9943609970362319,,,0.9972649395554232,
91.0,,0.9944534397077691,,0.9987360818537466,0.9973374600975142,
91.1,,0.9945766966031521,,,0.9973827854363211,
91.2,,0.9946215172923821,,,0.9974358808332092,
91.3,,0.9947167612569963,,,0.9975019263268993,
91.4,,0.9948064026354565,,,0.9975407766173052,
91.5,,0.9948512233246867,,,0.9975537267141071,
91.6,,0.9949604737546852,,,0.9976158871787567,
91.7,,0.9950641215985299,,,0.997644377391721,
91.8,,0.9950893332362218,,,0.9976663925562843,
91.9,,0.9951705707354515,,,0.9977000628079695,
92.0,,0.995232199183143,,,0.9977855334468625,
92.1,,0.9952686159931424,,,0.9977971885339842,
92.2,,0.995349853492372,,,0.9978308587856695,
92.3,,0.995447898750063,,,0.9978852491922378,
92.4,,0.9954871168531394,,,0.9978943142599991,
92.5,,0.9955599504731384,,,0.9979357545697654,
92.6,,0.9956271815069836,,,0.9979616547633694,
92.7,,0.9956607970239062,,,0.9979694248214506,
92.8,,0.9957672461608278,,,0.9980005050537752,
92.9,,0.9958624901254419,,,0.9980354703151406,
93.0,,0.9959157146939027,,,0.9980911557313891,
93.1,,0.9959829457277479,,,0.9981481361573178,
93.2,,0.9960837922785157,,,0.9981934614961246,
93.3,,0.9961286129677459,,,0.9982064115929267,
93.4,,0.9961930427085143,,,0.9982439668736524,
93.5,,0.9962490685700519,,,0.9982905872221395,
93.6,,0.9963134983108203,,,0.9983164874157434,
93.7,,0.9964003383962037,,,0.9983372075706266,
93.8,,0.9964731720162027,,,0.998365697783591,
93.9,,0.9965067875331253,,,0.9983773528707127,
94.0,,0.9966020314977394,,,0.9984084331030374,
94.1,,0.9966748651177384,,,0.9984472833934434,
94.2,,0.9967140832208147,,,0.998464118519286,
94.3,,0.9967953207200444,,,0.9984990837806512,
94.4,,0.9968485452885052,,,0.9985457041291383,
94.5,,0.9968849620985046,,,0.9985754893517829,
94.6,,0.996974603476965,,,0.9986065695841077,
94.7,,0.9970670461485022,,,0.9986505999132343,
94.8,,0.9971146681308092,,,0.998660959990676,
94.9,,0.99716789269927,,,0.9986894502036403,
95.0,,0.9972547327846534,0.8724928366762178,0.9992777610592838,0.9987593807263709,0.9999357532926437
95.1,,0.9972855470084991,,,0.9987736258328531,
95.2,,0.997361181921575,,,0.9987956409974165,
95.3,,0.9974312142484971,,,0.9988642765104669,
95.4,,0.9974676310584966,,,0.9988681615395075,
95.5,,0.9975320607992649,,,0.998891471713751,
95.6,,0.9975992918331101,,,0.9989096018492738,
95.7,,0.9976357086431097,,,0.9989264369751164,
95.8,,0.9977309526077237,,,0.9989432721009589,
95.9,,0.9977981836415689,,,0.9989626972461619,
96.0,,0.9978374017446453,,,0.9989911874591263,0.9999614519755863
96.1,,0.997893427606183,,,0.9990080225849688,
96.2,,0.997966261226182,,,0.999035217788253,
96.3,,0.9980026780361815,,,0.9990533479237758,
96.4,,0.9980727103631036,,,0.9990714780592985,
96.5,,0.9981511465692564,,,0.9990960832432222,
96.6,,0.9981763582069483,,,0.999107738330344,
96.7,,0.9982379866546398,,,0.9991388185626687,
96.8,,0.9983080189815619,,,0.9991543586788312,
96.9,,0.9983388332054076,,,0.9991686037853132,
97.0,,0.9983892564807916,,,0.9992074540757192,
97.1,,0.9984480836354062,,,0.9992294692402826,
97.2,,0.9984816991523288,,,0.9992346492790034,
97.3,,0.998546128893097,,,0.9992553694338865,
97.4,,0.998618962513096,,,0.9992760895887697,
97.5,,0.9986609819092493,,,0.9992864496662113,
97.6,,0.9987366168223252,,,0.9993071698210945,
97.7,,0.9988066491492473,,,0.9993201199178964,
97.8,,0.9988234569077086,,,0.9993537901695815,
97.9,,0.9988766814761694,,,0.9993887554309469,
98.0,,0.9989243034584764,,0.9996990671080349,0.9994314907503934,
98.1,,0.9989523163892453,,,0.9994366707891141,
98.2,,0.9990335538884749,,,0.9994845861472814,
98.3,,0.9990839771638589,,,0.999501421273124,
98.4,,0.9991203939738583,,,0.9995104863408854,
98.5,,0.9991568107838579,,,0.9995545166700122,
98.6,,0.9992184392315493,,,0.9995739418152151,
98.7,,0.9992716638000101,,,0.9995894819313774,
98.8,,0.9993248883684709,,,0.9996205621637022,
98.9,,0.9993781129369317,,,0.999638692299225,
99.0,,0.9993893181092393,,,0.9996632974831486,
99.1,,0.9994229336261619,,,0.9996788375993111,
99.2,,0.9994705556084689,,,0.999691787696113,
99.3,,0.9995013698323146,,,0.9997008527638744,
99.4,,0.999540587935391,,,0.9997150978703566,
99.5,,0.9995966137969287,,,0.999730637986519,
99.6,,0.9996190241415437,,,0.9997552431704427,
99.7,,0.9996554409515432,,,0.9998109285866912,
99.8,,0.9997170693992347,,,0.9998329437512545,
99.9,,0.9997254732784654,,,0.9998458938480566,
100.0,,1.0,1.0,1.0,1.0,1.0
