value,emory_probability,mimic_iv_probability,nu_probability,ohsu_probability,rush_probability,ucmc_probability,umn_probability
-20.0,,,,,,4.650939978224299e-7,
-10.0,,,,,,,5.805218659366023e-7
-0.1,,,,,1.609049293225098e-6,,
0.0,0.0004211384322782231,0.0038788442921077024,0.00006246915585429694,0.00019032427631459698,0.0011874783784001223,0.00016092252324656075,0.00009520558601360279
0.06,,,,,,,0.00009578610787953939
0.1,,0.0039148428470228555,,0.0002024083573504444,0.0012116141177984988,0.00022929134092645795,0.000099269239075159
0.11,,,,,,,0.00010217184840484202
0.12,,,,,,,0.00010623550146639823
0.13,,,,,,,0.00011146019825982766
0.14,,,,,,,0.00011552385132138387
0.15,,,0.00006371853897138288,,,,0.00011842646065106689
0.16,,,,,,,0.00012249011371262309
0.17,,,,,,,0.00012539272304230612
0.18,,,,,,,0.00013061741983573554
0.19,,,0.00006496792208846882,,,,0.00013410055103135515
0.2,0.0004292894987094145,0.003927699473778267,0.00006621730520555475,0.00021147141812732996,0.0012647127444749269,0.00030556675656933643,0.00013700316036103816
0.21,,,,,,,0.00013932524782478458
0.22,,,0.0000674666883226407,,,,0.0001428083790204042
0.23,,,0.00006996545455681257,,,,0.0001457109883500872
0.24,,,,,,,0.0001486135976797702
0.25,,,0.00007621237014224226,,,,0.00015093568514351662
0.26,,,0.00007996051949350008,,,,0.00015441881633913623
0.27,,,,,,,0.00015790194753475585
0.28,,,,,,,0.00016022403499850224
0.29,,,,,,,0.00016196560059631205
0.3,0.0004428746094280668,0.003936699112507055,0.00008620743507892978,0.00022355549916317738,0.001296893730339429,0.00036277331830149534,0.00016544873179193166
0.31,,,0.00008745681819601571,,,,0.0001666097755238049
0.32,,,0.00008870620131310166,,,,0.0001683513411216147
0.33,,,,,,,0.0001718344723172343
0.34,,,0.0000899555844301876,,,,0.0001747370816469173
0.35,,,,,,,0.00017763969097660032
0.36,,,,,,,0.00018112282217221993
0.37,,,0.00009245435066435947,,,,0.00018344490963596635
0.38,,,,,,,0.00018460595336783955
0.39,,,,,,,0.00018576699709971277
0.4,0.0004483086537155278,0.003937984775182596,0.00009370373378144542,0.0002295975396811011,0.0013242475683242557,0.00039858555613382244,0.00018925012829533238
0.41,,,,,,,0.00018983065016126897
0.47,,,,,,,0.0001909916938931422
0.5,,0.0039418417632092195,0.00009745188313270322,0.00023261855994006296,0.0014577986596619387,0.00042509591400970094,0.0001938943032228252
0.6,,0.003944413088560302,0.00009995064936687511,0.0002356395801990248,0.0015060701384586918,0.0004474204259051776,
0.7,0.00045102567585925823,0.003949555739262467,0.00010120003248396104,0.00024168162071694854,0.0016380121805031496,0.0004683496558071869,0.000198538478150318
0.75,,,,,,,0.00019911900001625462
0.76,,,,,,,0.0001996995218821912
0.8,,0.003986839956853161,,0.00024772366123487224,0.0016862836592999027,0.0004939298256874206,0.000201441087480001
0.82,,,,,,0.000494394919685243,
0.9,0.0004537426980029887,0.003988125619528702,0.0001061975649523048,0.0002507446814938341,0.0017940899619459843,0.000520440183563299,0.00020434369680968404
0.99,,,,,,,0.00020492421867562063
1.0,0.0005352533623149029,0.004150119116646889,0.00020115068185083614,0.0003141861069320331,0.0019179867575243167,0.0005878788132475513,0.00033844424784103917
1.1,,0.004152690441997971,0.0002024000649679221,,0.0019630401377346194,0.0006157844531168972,0.0003396052915729124
1.2,,,,0.00031720712719099495,0.00204831975027555,0.0006432249989884206,0.00035005468515977124
1.3,,,,,0.002086936933312952,0.0006688051688686542,0.0003512157288916444
1.4,,0.004153976104673512,,0.00032324916770891865,0.002146471757162281,0.0006888042107750186,0.000351796250757581
1.5,,,,,0.002202788482425159,0.0007111287226704953,0.000354698860087264
1.6,,0.004156547430024595,,0.00032929120822684235,0.002233360418996436,0.0007297324825833925,0.00035644042568507386
1.69,,,0.00020364944808500804,,,,
1.7,,0.004159118755375677,0.0002061482143191799,,0.0023379486230560675,0.0007492664304919346,0.0003576014694169471
1.8,,0.004160404418051218,0.00020739759743626583,0.0003353332487447661,0.002400701545491846,0.0007683352844026542,0.00035876251314882025
1.9,0.0005379703844586334,0.0041616900807267595,0.00020864698055335178,0.00033835426900372795,0.0024666725665140753,0.000786473950317729,0.00036166512247850325
2.0,0.0006548023366390436,0.004285113697578711,0.00031734331173982844,0.0004289848767725836,0.0025889603127991828,0.0008436805120498878,0.0005230502012088787
2.1,,0.004288970685605335,0.0003248396104423441,,0.002672630876046888,0.0008646097419518972,0.0005242112449407519
2.2,,0.0042902563482808765,0.0003285877597936019,,0.002743429044948792,0.0008873993478451962,0.0005247917668066885
2.3,,,0.00033608405849611757,0.0004320058970315455,0.002841581051835523,0.0009092587657428504,0.0005271138542704349
2.4,,0.004292827673631958,0.00033733344161320346,,0.0028866344320458257,0.0009348389356230841,0.0005282748980023082
2.5,,0.004296684661658582,0.00033983220784737536,,0.0029783502417596564,0.0009655351394793645,0.000530016463600118
2.6,0.0006575193587827741,0.004301827312360747,0.0003410815909644613,0.00044106895780843106,0.0030298398191428593,0.000983208711396617,0.0005305969854660546
2.7,0.0006602363809265046,0.00430568430038737,0.00034358035719863315,0.0004440899780673929,0.00312155562885669,0.001005068129294271,0.0005323385510638644
2.8,,0.004309541288413993,0.00034607912343280505,0.00044711099832635476,0.003185917600585694,0.0010259973591962804,0.0005334995947957376
2.9,,,,,0.0032583248187808235,0.0010432058371157103,0.000535821682259484
3.0,0.0007363130009509578,0.0043712530968399695,0.00042354087669213325,0.0005498256871310579,0.0033629130228404547,0.0011027378688369812,0.0006600533615699169
3.1,0.0007390300230946883,0.0043751100848665936,0.0004247902598092192,,0.0034208387973965583,0.0011236670987389906,0.0006635364927655365
3.2,,0.004378967072893217,0.0004272890260433911,0.0005528467073900198,0.00353186319862909,0.001141340670656243,0.0006681806676930293
3.25,,,,,,,0.0006687611895589659
3.3,0.0007417470452384187,0.004384109723595381,0.00042978779227756294,,0.0036573690435006477,0.0011669208405364767,0.0006710832770227123
3.33,,,,,,0.001167385934534299,
3.4,,0.004390538036973087,,0.0005558677276489816,0.003726558163109327,0.0011841293184559065,0.000674566408218332
3.5,,0.004395680687675252,0.00043228655851173484,0.0005619097681669053,0.0038198830221163826,0.0012064538303513833,0.0006768884956820783
3.6,,0.004400823338377416,0.0004347853247459067,,0.003876199747379261,0.0012199415562882336,0.0006809521487436346
3.62,,,,,,,0.0006815326706095712
3.7,,0.004402109001052958,0.00043603470786299263,0.0005709728289437909,0.0039212531275895635,0.0012320340002316167,0.0006826937143414443
3.8,,0.004407251651755122,0.0004372840909800786,0.0005770148694617146,0.003984006050025342,0.0012464519141641122,0.0006867573674030006
3.9,,0.004409822977106205,0.0004422816234484223,0.0005890989504975621,0.004038713725994996,0.0012627302040878973,0.0006879184111348738
4.0,0.0007662002445319929,0.004452249845399063,0.0005697187013911881,0.000694834659561227,0.004128820486415601,0.0013092396038701401,0.0007500342507900903
4.1,,0.004454821170750145,0.0005797137663278757,0.0007099397608560363,0.004209272951076856,0.001323192423804813,0.0007529368601197733
4.13,,,,,,,0.0007535173819857099
4.2,,0.004457392496101228,0.0005909582143816491,0.0007190028216329219,0.004254326331287159,0.0013385405257329533,0.0007558394694494563
4.3,,0.004461249484127851,0.000593456980615821,0.0007280658824098074,0.004302597810083912,0.0013515631576719812,0.0007599031225110125
4.4,0.0007689172666757234,0.004465106472154475,0.0006059508117866804,0.0007310869026687693,0.00435247833817389,0.0013622603196218972,0.0007622252099747589
4.44,,,,,,,0.0007628057318406955
4.5,,0.00447024912285664,0.0006196940260746257,0.0007461920039635786,0.004436148901421595,0.0013743527635652804,0.0007709330379638079
4.6,,0.0044728204482077216,0.0006321878572454851,0.0007552550647404641,0.004465111788699647,0.0013929565234781776,0.0007837045190144132
4.69,,,,,,,0.0007842850408803498
4.7,,0.00448182008693651,0.0006509286040017741,0.0007703601660352734,0.004497292774564149,0.0014050489674215607,0.0008092474811156237
4.72,,,,,,,0.0008098280029815603
4.77,,,,,,,0.0008104085248474969
4.8,,0.004485677074963133,0.000673417500109321,0.0007884862875890446,0.004637280063074733,0.0014227225393388132,0.0008522060991949323
4.9,,,0.0007383854221977898,0.0008307805712145105,0.004648543408127308,0.001439931017258243,0.0009323181166941834
4.95,,,,,,,0.0009334791604260566
4.96,,,,,,,0.0009340596822919932
5.0,0.0007852193995381062,0.0060387575870168644,0.0019490376626540645,0.0011056934147800396,0.004685551541871486,0.0018501439233376262,0.001947650860217301
5.1,,0.006042614575043488,0.002021501883445049,0.0011268405565927726,0.0047032510840969615,0.0018696778712461682,0.00207420462699148
5.11,,,,,,,0.002074785148857417
5.15,,,,,,,0.0020765267144552267
5.199999999999999,,,,,,,0.002077107236321163
5.2,,0.006052899876447817,0.0020914673380018614,0.0011510087186644674,0.00475956780935984,0.0018882816311590655,0.0022233987465371872
5.25,,,,,,,0.0022239792684031236
5.27,,,,,,,0.0022245597902690603
5.28,,,,,,,0.0022257208340009335
5.29,,,,,,,0.0022263013558668702
5.3,,0.006077327467283099,0.0021139562341094087,0.0011721558604772004,0.004794966893810792,0.0019110712370523644,0.002330214769869522
5.35,,,,,,,0.0023307952917354584
5.36,,,,,,,0.002331375813601395
5.4,,0.0061673238545709805,0.0021526871107390728,0.0011781979009951242,0.004822320731795619,0.0019487438508759814,0.002420776180955632
5.45,,,,,,,0.002421937224687505
5.49,,,,,,,0.002422517746553442
5.5,,0.006259891567209945,0.002185171071783307,0.0011902819820309716,0.004870592210592372,0.0019882768406908878,0.0025310753354835865
5.55,,,,,,,0.002531655857349523
5.56,,,0.002186420454900393,,,,
5.6,0.0007879364216818367,0.006402600124195014,0.0022214031821787992,0.0012144501441026664,0.0049236908372688,0.0020408324624448223,0.0026210562247037596
5.65,,,,,,,0.0026216367465696964
5.7,,0.006535023379775754,0.0022426426951692603,0.0012295552453974756,0.004928517985148475,0.002091062614209645,0.0027046513733986303
5.73,,,,,,,0.002705231895264567
5.8,,0.0067175874797026,0.0022713785068622368,0.001244660346692285,0.004949435625960401,0.0021636172778699437,0.002780699737836325
5.85,,,,,,,0.002781280259702262
5.89,,,,,,,0.0027818607815681988
5.9,0.0007988045102567586,0.006920722182438105,0.00232260321466276,0.0012899756505767128,0.004997707104757154,0.0022240794975868596,0.002848620796150908
5.91,,,,,,,0.0028492013180168446
5.97,,,,,,,0.0028503623617487177
6.0,0.0009156364624371689,0.013134329893328568,0.003183428182334972,0.0016706242032059066,0.005063678125779383,0.0027975403969019157,0.0038093844842759846
6.01,,,,,,,0.0038099650061419214
6.03,,,,,,,0.0038105455280078577
6.05,,,,,,,0.0038117065717397313
6.06,,,,,,,0.0038122870936056676
6.1,0.0009319385952995517,0.013301466041148919,0.0032159121433792065,0.001685729304500716,0.00509425006235066,0.002878931846520841,0.0038999458953620945
6.13,,,,,,,0.003901106939093968
6.15,,,0.003218410909613378,,,,
6.19,,,,,,,0.0039016874609599044
6.2,0.000950957750305665,0.013491744117129013,0.0032596405524772144,0.0016978133855365635,0.005128040097508387,0.0029691600820983925,0.003993409915777887
6.21,,,,,,,0.003994570959509761
6.25,,,,,,,0.00399631252510757
6.26,,,,,,,0.003996893046973507
6.28,,,,,,,0.003997473568839444
6.3,0.0009862790381741612,0.013716735085348717,0.0032996208122239644,0.0017189605273492965,0.005158612034079664,0.0030524119077086076,0.004090937589255237
6.34,,,,,,,0.004091518111121174
6.35,,,,,,,0.00409209863298711
6.37,,,,,,,0.004092679154853046
6.4,0.0010052981931802745,0.013922441113435303,0.0033396010719707143,0.0017370866489030674,0.005187574921357716,0.0031519420232426075,0.004194851003257889
6.44,,,,,,,0.004195431525123825
6.45,,,,,,,0.004196012046989762
6.47,,,,,,,0.0041965925688556985
6.5,0.001048770547479962,0.014141003768277302,0.003388327013537066,0.0017793809325285335,0.005198838266410291,0.003262169300726523,0.004343464600937659
6.55,,,,,,,0.004344045122803596
6.550000000000001,,,,,,,0.0043452061665354685
6.56,,,,,,,0.004345786688401405
6.57,,,,,,,0.004346367210267342
6.59,,,,,,,0.004346947732133279
6.6,0.001084091835348458,0.014383994013954583,0.0034070677602933554,0.001809591135118152,0.005231019252274793,0.0033663503562387474,0.004466535236516219
6.65,,,,,,,0.0044671157583821555
6.67,,,,,,,0.004467696280248091
6.68,,,,,,,0.004468276802114028
6.69,,,,,,,0.004468857323979965
6.7,0.0011384322782230676,0.014602556668796582,0.003450796169391363,0.0018428223579667325,0.005285726928244447,0.0034807634797030655,0.004575092825446363
6.74,,,,,,,0.0045756733473123
6.75,,,,,,,0.004576253869178236
6.76,,,,,,,0.004576834391044173
6.8,0.0012063578318163293,0.014862260529255896,0.003510766559011488,0.001873032560556351,0.0053034264704699225,0.0036063388591151217,0.004722545379394261
6.800000000000001,,,,,,,0.004723706423126133
6.83,,,,,,,0.00472428694499207
6.84,,,,,,,0.004724867466858007
6.89,,,,,,,0.004725447988723944
6.9,0.0012579812525472082,0.015125821377741837,0.0035894776953879024,0.0019183478644407789,0.005379051787251503,0.0037295887685380655,0.004872320020805903
6.95,,,,,,,0.004874061586403714
7.0,0.0015731558212199429,0.01660304779193864,0.004316618669531919,0.002295975396811011,0.00551421192788241,0.004345373221654962,0.006735795210462398
7.03,,,,,,,0.006736375732328334
7.05,,,,,,,0.006742761472853636
7.050000000000001,,,,,,,0.006743341994719573
7.1,0.001711723950550197,0.01681775345875401,0.004386584124088731,0.0023292066196595913,0.005630063476994618,0.004463042003104037,0.006916918032634617
7.11,,,,,,,0.00691807907636649
7.15,,,,,,,0.006918659598232427
7.17,,,,,,,0.006919240120098364
7.2,0.0017959516370058416,0.017027316474867223,0.004475290325401833,0.002380563964061943,0.005723388336001674,0.0045853617245313364,0.007105007117198077
7.21,,,,,,,0.007105587639064013
7.25,,,,,,,0.007107329204661823
7.3,0.0018747452791740252,0.017275449371246667,0.0045277644163194426,0.002416816207169485,0.005868202772391932,0.0047174484199129065,0.007293676723627472
7.300000000000001,,,,,,,0.007294257245493409
7.33,,,,,,,0.0072948377673593455
7.35,,,,,,,0.007295998811091218
7.36,,,,,,,0.007296579332957155
7.4,0.0019970112756418964,0.017467013109902303,0.004598979253993341,0.002444005389500142,0.00599370861726349,0.004856046431263991,0.0074986009423030926
7.41,,,,,,,0.007499181464169029
7.45,,,,,,,0.007500342507900903
7.47,,,,,,,0.007500923029766839
7.48,,,,,,,0.0075015035516327756
7.49,,,,,,,0.007502084073498712
7.5,0.0021301453606846895,0.01767529046333997,0.0046926829877747865,0.0024772366123487224,0.006169094990225025,0.005002551040578056,0.007756352650778944
7.51,,,,,,,0.007756933172644881
7.52,,,,,,,0.007758094216376754
7.55,,,,,,,0.007758674738242691
7.6,0.0022225241135715255,0.017895138780857512,0.0047651472085657705,0.002531614977010036,0.006323563722374635,0.00514114905192914,0.007954891128929262
7.61,,,,,,,0.0079554716507952
7.62,,,,,,,0.007956052172661135
7.63,,,,,,,0.007956632694527071
7.65,,,,,,,0.007957213216393009
7.68,,,,,,,0.007957793738258945
7.7,0.00230675180002717,0.018105987459646262,0.004826366981302982,0.0025708882403765398,0.006548830623426149,0.0052676546193368414,0.008166201088130185
7.71,,,,,,0.005268119713334664,0.008166781609996123
7.75,,,0.004827616364420068,,,,0.008169684219325806
7.8,0.0024181497079201197,0.01826926661943999,0.004928816396904029,0.002640371706332663,0.00666629122183158,0.005402066784707523,0.008402473487566382
7.81,,,,,,,0.00840305400943232
7.85,,,,,,,0.008405376096896065
7.87,,,,,,,0.008405956618762003
7.9,0.002529547615813069,0.018429974453882638,0.00503001642938799,0.0027430863951373656,0.006793406115996364,0.005524851600132645,0.008631199102745403
7.93,,,,,,,0.008631779624611341
7.94,,,,,,,0.008632360146477277
8.0,0.0030240456459720145,0.01938007917110756,0.006461809481568476,0.003555740844798105,0.007266466608204542,0.006231329382824916,0.011897795642370666
8.04,,,0.006463058864685562,,,,
8.05,,,,,,,0.011898956686102538
8.1,0.0031109903545713897,0.019549786644278994,0.006554263832232835,0.003619182270236304,0.007412890093888026,0.006365276454197775,0.012146839522857469
8.11,,,,,,,0.012147420044723405
8.13,,,0.006555513215349921,,,,
8.14,,,,,,,0.012148581088455278
8.149999999999999,,,,,,,0.012149161610321214
8.15,,,,,,,0.012150903175919023
8.19,,,,,,,0.012151483697784961
8.2,0.0032060861296019563,0.01972206544280151,0.006640471267311765,0.003664497574120732,0.007577013121796986,0.006496898055581523,0.012412718537456431
8.22,,,,,,,0.012413299059322369
8.24,,,,,,,0.012413879581188305
8.3,0.0033174840374949055,0.019904629542728355,0.006729177468624867,0.003691686756451389,0.007813543367901075,0.00666665736478671,0.012621125887327672
8.32,,,,,,,0.01262170640919361
8.34,,,,,,,0.012622286931059545
8.35,,,,,,,0.012622867452925481
8.36,,,,,,,0.012623447974791419
8.4,0.0034288819453878547,0.020091050630681825,0.006837873799811343,0.0037400230805947786,0.007943876360652309,0.006832695922009318,0.012857978808629806
8.41,,,,,,,0.012858559330495742
8.43,,,,,,,0.01285913985236168
8.44,,,,,,0.00683316101600714,
8.45,,,,,,,0.012861461939825425
8.49,,,,,,,0.012862042461691363
8.5,0.003526694742562152,0.020287757020039623,0.006975305942690796,0.0037823173642202446,0.008075818402696767,0.007023849555114336,0.013111666864044101
8.53,,,,,,,0.013112247385910037
8.55,,,,,,,0.013113988951507848
8.59,,,,,,,0.013114569473373784
8.6,0.0036163564733052572,0.020465178469264305,0.007096496105048132,0.003830653688363634,0.008198106148981874,0.007207096590256374,0.013322976823245024
8.61,,,,,,,0.01332355734511096
8.63,,,,,,,0.013324137866976898
8.66,,,0.007097745488165218,,,,
8.68,,,,,,,0.013324718388842834
8.7,0.0036788479826110583,0.020651599557217775,0.007213938118054211,0.0038789900125070238,0.008346138683958584,0.007419179453263402,0.013551702438424046
8.72,,,,,,,0.013552282960289982
8.75,,,,,,,0.013554605047753729
8.76,,,,,,,0.013555185569619665
8.77,,,,,,,0.013555766091485602
8.8,0.0037712267354978943,0.02082259269306475,0.007335128280411547,0.00395451551898107,0.00851830695833367,0.007606147240388018,0.013763592919490905
8.85,,,0.007336377663528633,,,,0.013765334485088715
8.850000000000001,,,,,,,0.013765915006954652
8.87,,,,,,,0.013766495528820588
8.89,,,0.007337627046645719,,,,
8.9,0.003874473576959652,0.02097815787680523,0.0074900517869302035,0.004036083065973041,0.008630940408859426,0.0078033470954647285,0.013960389832043413
8.92,,,,,,,0.013960970353909351
8.95,,,,,,,0.013962131397641223
8.98,,,,,,,0.01396271191950716
9.0,0.00449938867001766,0.021754698132832095,0.009277919027480182,0.005054166893243186,0.00911204614753373,0.008478663580302897,0.01736631161949346
9.04,,,,,,,0.017366892141359395
9.05,,,,,,,0.017368633706957206
9.07,,,,,,,0.017369214228823142
9.08,,,,,,,0.017369794750689078
9.1,0.00460806955576688,0.021907691991221494,0.009416600553476722,0.005117608318681385,0.009258469633217213,0.008666096461425337,0.017548595485397552
9.13,,,,,,,0.017549756529129427
9.14,,,,,,,0.017550337050995363
9.15,,,,,,,0.017551498094727235
9.17,,,,,,,0.01755207861659317
9.19,,,,,,,0.01755265913845911
9.2,0.004703165330797446,0.022049114885531025,0.009575272209346635,0.005193133825155432,0.009366275935863295,0.00885445953054342,0.01775932492273254
9.23,,,,,,,0.017759905444598476
9.25,,,,,,,0.017763388575794094
9.28,,,,,,,0.017763969097660034
9.3,0.004790110039396821,0.02218925211716501,0.009730195715865291,0.005265638311370516,0.009533617062358706,0.00903631128369199,0.01797644010059283
9.32,,,,,,,0.0179776011443247
9.33,,,,,,,0.017979342709922512
9.34,,,0.009731445098982378,,,,0.017979923231788448
9.35,,,,,,,0.01798166479738626
9.37,,,,,,,0.017982245319252195
9.38,,,,,,0.009036776377689813,0.01798282584111813
9.39,,,,,,,0.017983406362984067
9.4,0.004912376035864693,0.022338388987527786,0.0098626303262764,0.005341163817844562,0.009652686710057362,0.00921397719086016,0.018171495447547526
9.43,,,,,,,0.018172075969413466
9.45,,,,,,,0.01817497857874315
9.46,,,,,,,0.018175559100609084
9.47,,,,,,,0.01817613962247502
9.5,0.005067246298057329,0.02247466923113515,0.010030047663965917,0.00538647912172899,0.009807155442206972,0.009421409113888963,0.01842053932803433
9.51,,,,,,,0.018421119849900268
9.55,,,,,,,0.018422861415498076
9.57,,,,,,,0.01842344193736401
9.6,0.005227550604537427,0.02261609212544468,0.010181223021133315,0.00544992054716719,0.009927834139198854,0.009614423122985272,0.018588890669155943
9.63,,,,,,,0.018589471191021882
9.67,,,0.010182472404250402,,,,
9.7,0.0053525336231490285,0.022766514658482995,0.010359884806876605,0.005528467073900197,0.010069430477002664,0.009796739970131663,0.01877465766625566
9.74,,,,,,,0.018775238188121594
9.8,0.005496535796766744,0.022900223576739275,0.010552289806907839,0.005600971560115282,0.010272170687949025,0.009987428509238859,0.019005705368898423
9.85,,,,,,,0.01900802745636217
9.88,,,,0.005603992580374244,,,
9.9,0.0055997826382285015,0.023008219241484735,0.010814660261495886,0.0057218123704737564,0.010439511814444436,0.010190209492289439,0.019280872733352373
9.91,,,,,,,0.019281453255218312
9.95,,,,,,,0.019284355864547995
9.96,,,,,,,0.01928493638641393
9.98,,,,,,,0.019285516908279867
10.0,0.007561472626001902,0.04395037856337481,0.030504938186770282,0.01095119843873673,0.01894977352631198,0.016106205144590748,0.03957359507903225
10.05,,,,,,,0.03957475612276412
10.1,,0.04395809253942806,0.030657362927054767,0.010996513742621158,0.018954600674191652,0.016109460802575505,0.03959681595366971
10.15,,,,,,,0.03959913804113346
10.2,,0.043964520852805763,0.030804790134870908,0.011038808026246624,0.018961036871364554,0.016117367400538485,0.03962177839390498
10.25,,,,,,,0.03962410048136873
10.3,,0.04397094916618347,0.030913486466057384,0.01105089210728247,0.018964254969951005,0.01612155324651889,0.03963106674375997
10.35,,,,,,,0.03963164726562591
10.4,,0.04397609181688564,0.030962212407623736,0.01106297618831832,0.018972300216417128,0.016133180596464448,0.03963861352801715
10.45,,,,,,,0.03963977457174902
10.5,,0.043985091455614425,0.031032177862180547,0.011084123330131052,0.01898517261076293,0.01614294757041872,0.039730916504701064
10.55,,,,,,,0.039731497026567
10.6,,0.04398637711828997,0.031069659355693127,0.011102249451684823,0.018986781660056157,0.016153644732368636,0.03974659059508136
10.64,,,,,,,0.03974717111694729
10.7,,0.04398894844364105,0.03110589146608862,,0.01899482690652228,0.01617131830428589,0.03975587894493634
10.75,,,,,,,0.03975820103240009
10.8,,,0.03113337789466451,0.011108291492202747,0.01899804500510873,0.016187596594209673,0.039763425729193516
10.85,,,,,,,0.03976458677292539
10.9,0.0075641896481456325,0.04399023410631659,0.03118585198558212,0.011132459654274441,0.019002872152988407,0.016206665448120394,0.039772133557182565
10.95,,,,,,,0.03977329460091444
11.0,0.012702078521939953,0.1391896982421134,0.07779658793470724,0.03978079477000973,0.03768876159521147,0.04028132605740283,0.06491917974582431
11.01,,,,,,,0.06491976026769024
11.1,,0.13919098390478896,0.07784281511003942,0.03979287885104558,0.03769197969379792,0.040304580757293956,0.06493311227060679
11.15,,,,,,,0.06493369279247273
11.2,,0.13919612655549113,0.07789528920095702,0.03979589987130454,0.03769519779238437,0.0403222543292112,0.06494588375165739
11.25,,,,,,,0.0649476253172552
11.3,,,0.07794401514252337,0.039804962932081425,0.037696806841677595,0.04032737036318725,0.06495923575457394
11.35,,,,,,,0.06495981627643987
11.4,,0.13919998354351776,0.07799024231785556,0.03982006803337623,0.037700024940264046,0.040332486397163296,0.06496968514816079
11.45,,,,,,,0.06497200723562453
11.5,,0.13920255486886884,0.07805645962306111,0.03984121517518897,,0.04033434677315459,0.06505153873125785
11.55,,,,,,,0.06505269977498973
11.6,,0.13920641185689545,0.07810518556462746,0.039853299256224814,0.0377032430388505,0.040336672243143704,0.06506431021230846
11.63,,,,,,,0.06506489073417439
11.65,,,,,,,0.06506547125604033
11.7,,0.139207697519571,0.07817140286983303,0.03986538333726066,0.03770646113743695,0.04033853261913499,0.0650712764746997
11.75,,,,,,,0.06507301804029751
11.8,,0.13920898318224653,0.078243867090624,0.03987746741829651,0.03770807018673017,0.040340858089124104,0.06508578952134811
11.85,,,,,,,0.06508811160881185
11.9,,0.13921798282097533,0.07837005478544969,0.03991069864114509,0.0377096792360234,0.04034271846511539,0.06510088308986246
11.95,,,,,,,0.0651014636117284
12.0,0.029873658470316533,0.1740542986774388,0.10330524303625085,0.07310566924661797,0.04882820985220882,0.06675122075547078,0.10487359716891097
12.05,,,,,,,0.10487533873450877
12.1,,0.17406458397884314,0.10342143566613984,0.07314796353024343,0.04882981890150205,0.06675447641345554,0.10489101282488907
12.15,,,,,,,0.104891593346755
12.2,0.029881809536747725,0.17407486928024746,0.10351638878303837,0.07317213169231512,0.04883142795079527,,0.10490204274034186
12.3,,0.17408129759362517,0.10359135177006353,0.07318723679360994,0.04883464604938172,0.06675912735343377,0.10491307265579465
12.35,,,,,,,0.10491365317766059
12.4,0.029884526558891455,,0.10363508017916154,0.07319932087464578,0.048837864147968174,0.06676052263542723,0.10491887787445402
12.45,,,,,,,0.10492061944005183
12.47,,,,0.07320234189490475,,,
12.5,0.029887243581035186,0.17408644024432735,0.1036825567376108,0.0732295310772354,0.048841082246554625,0.06676331319941417,0.10514295931470555
12.55,,,,,,,0.10514353983657149
12.6,,0.1740877259070029,0.10372003823112338,0.07325672025956606,0.048844300345141076,0.06676656885739893,0.10515108662082866
12.625,,,,,,,0.1051516671426946
12.65,,,,,,,0.1051534087082924
12.7,,,0.1037537715752847,0.07326578332034295,0.048847518443727526,0.06676889432738804,0.10515747236135396
12.8,,0.17409415422038058,0.10378500615321185,0.07328390944189672,0.04885395464090042,0.06677121979737714,0.10516676071120895
12.85,,,,,,,0.10516792175494082
12.9,0.029889960603178917,0.1740980112084072,0.10382248764672443,0.07331411964448634,,0.06677587073735537,0.10517198540800238
12.96,,,0.10382373702984152,,,,
13.0,0.05860616764026627,0.20411437769426685,0.1240937287214438,0.09811367495030422,0.07066622685985985,0.08551590319161455,0.14691789330936939
13.1,,0.20411694901961794,0.12413495836430763,0.09812575903134006,0.07066783590915307,0.08551869375560148,0.1469260206154925
13.15,,,,,,,0.14692660113735845
13.2,,0.20412080600764454,0.12417993615652272,0.09813784311237592,,0.08552427488357535,0.1469370505309453
13.25,,,,,,,0.14693821157467718
13.3,,0.20412337733299563,0.12421117073444987,0.09814992719341176,0.07067588115561921,0.08553078619954486,0.14694517783706842
13.35,,,,,,,0.14694575835893434
13.4,0.05860888466241,0.2041259486583467,0.12424490407861119,0.09816503229470656,0.07068553545137855,0.0855377626095122,0.1469498220119959
13.45,,,,,,,0.1469515635775937
13.5,,0.20413237697172443,0.12428613372147503,0.09817711637574242,0.07069036259925823,0.08554334373748607,0.14711352917819004
13.55,,,,,,,0.14711410970005595
13.6,,0.2041349482970755,0.12433111151369011,0.09819524249729619,0.0706951897471379,0.08554706448946864,0.14712339804991095
13.635,,,,,,,0.1471239785717769
13.7,,0.20413623395975106,0.12437858807213938,0.09820128453781411,0.07070001689501758,0.08554892486545994,0.1471321058779
13.8,0.05861703572884119,0.20413880528510212,0.12442731401370573,0.09821941065936789,,0.08555311071144034,0.14713965266215717
13.815,,,,,,,0.1471402331840231
13.9,,0.2041413766104532,0.12448853378644294,0.09824659984169853,0.0707016259443108,0.08555543618142945,0.14714836049014623
13.95,,,,,,,0.14715010205574403
14.0,0.09947018068197255,0.248887580369988,0.1499222259009614,0.1334082546357556,0.10654480800019309,0.10571400532904703,0.17775115117486015
14.1,,0.24888886603266355,0.14999843827110365,0.13341731769653248,0.10654802609877953,0.10571865626902525,0.17776043952471512
14.15,,,,,,,0.17776102004658106
14.2,0.09947561472626001,0.2488940086833657,0.15006090742695793,0.13343544381808625,0.10655285324665921,0.10572191192701001,0.17777437204949761
14.25,,,,,,,0.17777495257136355
14.3,,0.24889786567139233,0.15010463583605596,0.13345356993964003,0.10656250754241856,0.10572470249099694,0.17778307987748668
14.4,0.09948104877054748,0.24890172265941896,0.15016585560879317,0.1334626330004169,,0.10572749305498388,0.1777883045742801
14.45,,,,,,,0.17778946561801195
14.5,,0.24890429398477004,0.15023082353088163,0.13349586422326548,0.10656572564100501,0.10572888833697734,0.17795259226234014
14.55,,,,,,,0.17795317278420608
14.6,0.0994837657926912,0.24890686531012113,0.15029953960232134,0.13350794830430132,0.10657216183817791,0.10573121380696646,0.17796246113406108
14.65,,,,,,,0.17796304165592702
14.7,0.09948919983697867,0.24890943663547221,0.15036825567376108,0.13352909544611405,0.10658020708464404,0.10573353927695557,0.17797174948391606
14.75,,,,,,,0.177972330005782
14.8,0.0994919168591224,0.248918436274201,0.15045821125819125,0.13357138972973953,0.10658664328181694,0.10573539965294686,0.17798161835563697
14.9,,,0.15055566314132396,0.13361066299310603,0.10659790662686952,0.10573958549892726,0.1779932287929557
14.95,,,,,,,0.17799438983668758
15.0,0.14280396685232985,0.2899799308056348,0.18279599447772663,0.168621266774215,0.13439101506874662,0.1268367143341505,0.2132390333614306
15.01,,,,,,,0.21323961388329654
15.1,,0.2899863591190125,0.1828959451270935,0.1686605400375815,0.13440871461097212,0.12684183036812655,0.2132471606675537
15.15,,,,,,,0.21324774118941964
15.2,,0.2899889304443636,0.18298090317905535,0.1686907502401711,0.13442963225178403,0.12685020206008735,0.21325528797367682
15.21,,,0.18298215256217243,,,,
15.3,,0.28999407309506575,0.1830471204842609,0.16870887636172488,0.1344408955968366,0.1268553180940634,0.21326225423606807
15.4,0.14280668387447357,0.28999664442041684,0.18310709087388102,0.1687390865643145,0.13445054989259597,0.12686089922203728,0.21326980102032522
15.45,,,,,,,0.21327038154219116
15.5,,0.2899979300830924,0.18314956989986195,0.16876023370612722,0.13446181323764853,0.12686880582000026,0.21350839550722517
15.55,,,,,,,0.2135089760290911
15.6,0.1428175519630485,0.29000050140844347,0.18319954522454537,0.16876627574664516,0.13446664038552822,0.12688043316994582,0.2135153617696164
15.65,,,,,,,0.2135165228133483
15.7,,0.29000564405914564,0.18324827116611173,0.16878138084793998,0.1344779037305808,0.12689159542589354,0.21352348907573954
15.8,0.14283113707376716,0.2900082153844967,0.18329324895832683,0.16880554901001166,0.13448273087846047,0.12689996711785437,0.2135310358599967
15.85,,,,,,,0.21353161638186263
15.9,,,0.18335321934794696,0.16883273819234232,0.13449560327280627,0.1269097340918086,0.2135356800349242
16.0,0.19341665534574107,0.35581100244404473,0.23472910250563783,0.21583377138127088,0.18553947400178605,0.16726361481287175,0.25455593560387046
16.1,0.19342208939002853,0.3558161450947469,0.23479157166149214,0.2158639815838605,0.1855426921003725,0.16727198650483255,0.2545611603006639
16.15,,,,,,,0.2545617408225298
16.155,,,,,,,0.25456232134439577
16.17,,,0.23479282104460922,,,,
16.2,0.193427523434316,0.3558225734081246,0.23483405068747307,,0.1855507373468386,0.16728175347878682,0.25457160969425074
16.3,0.1934302404564597,0.3558277160588268,0.23487902847968817,,0.18556682783977088,0.16729012517074762,0.25457625386917826
16.34,,,,,,,0.25457683439104417
16.35,,,,,,,0.2545774149129101
16.4,0.19344110854503463,0.35582900172150234,0.23492400627190324,0.21587002362437843,0.18557809118482343,0.16729663648671714,0.25458438117530136
16.5,,0.3558315730468534,0.23496648529788416,0.21588512872567323,0.18558291833270313,0.16730500817867794,0.25479859374383196
16.55,,,,,,,0.25479975478756384
16.6,,0.3558341443722045,0.2350089643238651,0.2158972128067091,0.18558935452987602,0.1673143100586344,0.2548084626155529
16.7,0.19344382556717837,,0.23507393224595355,,0.18559579072704893,0.16732454212658648,0.25481136522488257
16.8,0.1934465425893221,0.35583800136023114,0.23513390263557368,,0.18561027217068796,0.16732965816056253,0.25482007305287163
16.9,,0.3558418583482577,0.23519137425895964,0.21591533892826284,0.1856263626636202,0.1673394251345168,0.2548299419245925
17.0,0.2556935199021872,0.401696303334109,0.2733462852716471,0.2562459593854036,0.23998970208452336,0.19988949366611738,0.2909053122394908
17.1,0.2556962369243309,,0.2734075050443843,,0.23999131113381658,0.19989321441809996,0.29091053693628427
17.15,,,,,,,0.2909116979800161
17.2,0.2556989539464747,,0.27346747543400446,0.25626106448669844,0.24000740162674883,0.1999039115800499,0.2909192447642733
17.25,,,,,,,0.29091982528613924
17.3,,0.40169758899678454,0.27351495199245374,0.2562640855069574,0.24001222877462852,0.19991414364800197,0.2909256305047986
17.4,0.2557016709686184,,0.2735611791677859,0.25627012754747536,0.24002349211968108,0.19992251533996278,0.29093317728905577
17.5,,0.4016988746594601,0.2736149026418206,0.25628221162851117,0.240029928316854,0.19993228231391705,0.2911810601258107
17.6,0.25570710501290583,,0.2736536335184503,0.256297316729806,0.2400428007111998,0.19994251438186914,0.29118802638820196
17.7,,0.4017001603221356,0.27369111501196286,0.25631544285135976,0.24006693645059815,0.19995553701380817,0.29119673421619097
17.8,0.25571797310148076,0.4017027316474867,0.27372484835612415,0.25632752693239563,0.2400878540914101,0.19996297851777334,0.291206022566046
17.9,0.25572069012362453,0.4017078742981889,0.27378231997951014,0.2563637791755031,0.2401007264857559,0.1999685596457472,0.2912141498721691
17.95,,,,,,,0.291214730394035
18.0,0.32167911968482543,0.4516365843028301,0.3199870064155823,0.29909308971825965,0.30620208050073616,0.23136007902877212,0.3341280677678005
18.05,,,,,,,0.3341292288115324
18.1,0.32168455372911287,0.45163786996550565,0.3200244879090949,0.299144447062662,0.3062213890922548,0.23136333468675688,0.334142580814449
18.2,0.32168998777340035,0.4516391556281812,0.32006196940260745,0.299147468082921,0.3062326524373074,0.23136845072073292,0.3341489665549743
18.3,0.32169270479554407,0.45164044129085673,0.32009695212988587,0.2991595521639568,0.30623587053589385,0.2313744969427046,0.33415941594856113
18.4,,0.4516417269535323,0.32014192992210094,0.2991746572652516,0.3062390886344803,0.23138147335267195,0.3341628990797567
18.5,,0.4516430126162078,0.32018815709743315,0.2991837203260285,0.30624069768377354,0.2313870544806458,0.3344125234821095
18.6,,0.45164429827888336,0.32024937687017035,0.29919580440706434,0.3062423067330668,0.23139589126660443,0.33442007026636666
18.65,,,,,,,0.3344206507882326
18.7,,0.4516455839415589,0.32029685342861963,0.2991988254273233,0.3062487429302397,0.23140472805256307,0.3344241339194282
18.8,0.3216954218176878,,0.32035682381823977,0.2992078884881002,,0.2314158903085108,0.33443400279114915
18.9,,0.45164815526691,0.3204242905065624,,0.3062519610288261,0.23142891294044982,0.334444452184736
19.0,0.3869039532672191,0.4987805489522492,0.36233984470167857,0.34198251433474114,0.3696356307875492,0.26103075061985404,0.37463340044166105
19.1,0.3869093873115066,0.49878183461492476,0.3623873212601278,0.34199761943603596,0.36963884888613563,0.2610400524998105,0.37464326931338193
19.2,0.3869121043336503,0.49878440594027584,0.3624435435003967,0.34202178759810764,0.36965333032977465,0.2610502845677626,0.37465255766323696
19.25,,,,,,,0.3746531381851029
19.3,0.386914821355794,,0.3624985163575485,0.3420248086183666,0.369662984625534,0.2610614468237103,0.37465894340376227
19.35,,,0.36249976574066556,,,,
19.39,,,,,,,0.3746595239256282
19.4,0.3869175383779378,0.4987856916029514,0.36256098551340277,,0.36966942082270693,0.26106888832767544,0.37466707070988536
19.45,,,,,,,0.37466823175361724
19.5,,0.4987882629283025,0.36264219541601334,0.3420519978006972,0.36968390226634595,0.2610795854896254,0.37495094590232836
19.6,,0.498789548590978,0.36273964729914604,0.3420640818817331,0.36969194751281204,0.26108749208758836,0.3749608147740493
19.65,,,,,,,0.3749613952959152
19.7,,0.49879083425365356,0.3629120621693039,0.34209127106406373,0.369698383709985,0.2611023750955187,0.3749706836457702
19.75,,,,,,,0.37497184468950207
19.8,0.38692297242222523,0.4987934055790046,0.36300701528620244,0.3421184602463944,0.3697096470550375,0.26111028169348166,0.3749828746049549
19.9,0.38692568944436895,0.49879469124168013,0.36309697087063264,0.3422090908541633,0.3697209104000901,0.26112190904342725,0.3749973876516033
20.0,0.4556038581714441,0.545945084204477,0.4141542613334666,0.38413783102829485,0.44094225926611263,0.2905930553094433,0.42231746650969354
20.1,0.4556120092378753,0.5459515125178547,0.41421048357373547,0.3841740832714024,0.4409535226111652,0.2906056128473845,0.42232385225021885
20.2,,0.5459553695058813,0.41425046383348224,0.38418012531192036,0.44096317690692455,0.2906218911373083,0.42233139903447603
20.3,0.45561472626001903,,0.4142791996451752,0.3841922093929562,0.4409712221533907,0.29064189017921466,0.42233662373126946
20.35,,,,,,,0.4223372042531354
20.4,,0.5459566551685568,0.4143154317555707,0.38419825143347414,0.44098087644915,0.29065956375113194,0.42234300947179476
20.45,,,,,,,0.42234358999366073
20.5,,0.5459605121565835,0.4143504144828491,0.38420429347399204,0.44098248549844327,0.29067026091308185,0.42264081718902025
20.6,0.45561744328216275,0.5459630834819346,0.4143791502945421,0.3842133565347689,0.44099053074490935,0.2906842137330165,0.42264778345141146
20.7,,0.5459656548072855,0.41443537253481094,0.38421939857528686,0.44100018504066874,0.2907004920229403,0.4226512665826071
20.8,,,0.4144840984763773,,0.44100983933642807,0.2907186306888554,0.4226559107575346
20.9,,,0.41452907626859237,0.38422544061580477,0.44101627553360095,0.2907297929448031,0.42266113545432804
20.95,,,,,,,0.42266171597619395
21.0,0.5200950957750305,0.6022352531276959,0.47215187501171296,0.4350812956551687,0.5143052527414177,0.32940468433372727,0.4693641195689277
21.02,,,,,,,0.4693647000907936
21.1,,0.6022365387903714,0.4721906058883426,0.43509035871594554,0.5143100798892974,0.32942096262365106,0.46936934426572113
21.2,0.5200978127971743,,0.4722118454013331,0.4351024427969814,0.5143165160864703,0.3294344503495879,0.46937456896251456
21.3,0.520100529819318,0.602237824453047,0.472254324427314,0.4351205689185352,0.5143245613329365,0.32944235694755086,0.46938327679050357
21.33,,,0.4722555738104311,,,,
21.333333333333332,,,,,,,0.46938385731236953
21.4,,,0.47229680345329494,0.4351266109590531,0.5143342156286957,0.3294549144854921,0.46939024305289484
21.45,,,,,,,0.46939082357476075
21.5,0.5201032468414618,0.602240395778398,0.4723242898818708,0.43512963197931204,0.5143438699244551,0.32947072768141805,0.46969966120743906
21.6,,,0.47236551952473466,0.43513869504008895,0.514350306121628,0.3294851455953505,0.4697037248605006
21.7,,0.6022416814410736,0.4724005022520131,0.4351477581008658,0.5143583513680942,0.32950560973125476,0.46970778851356215
21.8,,,0.4724367343624086,0.43515077912112476,0.5143696147131467,0.3295172370812003,0.46971591581968525
21.9,,0.6022429671037491,0.4724942059857945,0.4351538001413838,0.5143873142553722,0.3295344455591197,0.4697263652132721
22.0,0.5833962776796631,0.6443047071967539,0.5205504782013881,0.47896463593684857,0.5648117010064604,0.36282540882925146,0.5173123230859613
22.02,,,,,,,0.5173129036078273
22.1,,,0.5206017029091886,0.47897067797736653,0.5648728448796029,0.3628412220251774,0.5173221919576823
22.15,,,,,,,0.5173227724795482
22.2,,,0.5206379350195841,0.4789857830786613,0.5649114620626403,0.3628537795631186,0.5173285776982076
22.25,,,,,,,0.5173291582200735
22.28,,,0.5206391844027012,,,,
22.3,,,0.520681663428682,0.47899182511917926,0.5649259435062793,0.362870988041038,0.5173396076136604
22.4,,,0.5207153967728434,0.47899786715969717,0.5649420339992116,0.3628844757669749,0.5173488959635154
22.5,,0.6443059928594295,0.5207666214806439,0.4790280773622868,0.5649549063935574,0.3629012191508965,0.5176194191530418
22.6,,,0.5208066017403907,0.47903714042306367,0.5649645606893167,0.362915637064829,0.517627546459165
22.65,,,,,,,0.5176281269810309
22.7,,,0.5208528289157228,,0.564974214985076,0.36293145026075496,0.5176414789839474
22.75,,,,,,,0.5176420595058133
22.8,,,0.5209078017728747,0.4790582875648764,0.5649822602315422,0.3629486587386744,0.5176472842026068
22.9,,,0.5209527795650898,0.47908245572694813,0.5649854783301287,0.3629658672165938,0.5176559920305959
22.95,,,,,,,0.5176565725524618
23.0,0.6386768102160033,0.6864307304235359,0.5651409616501852,0.5212196462989481,0.6211622163044965,0.39412995563468356,0.5598012989757272
23.05,,,,,,,0.5598024600194591
23.1,,,0.5651721962281123,0.5212317303799839,0.6211670434523762,0.39414576883060953,0.5598088457599844
23.2,0.638679527238147,,0.5652059295722737,,0.6211799158467219,0.3941643725905224,0.5598146509786438
23.3,0.6386822442602907,,0.5652409122995521,0.5212407934407608,0.6211847429946017,0.39417925559845274,0.5598239393284987
23.4,,0.686433301748887,0.5652758950268305,0.5212438144610197,0.6211927882410677,0.39419832445236347,0.55983090559089
23.5,0.6386876783045782,0.6864345874115625,0.5653333666502165,0.5212468354812787,0.6211992244382407,0.3942215791522546,0.5600996872148186
23.6,,0.686435873074238,0.5653621024619094,0.5212498565015377,0.6212040515861204,0.39424157819416095,0.5601136197396012
23.666666666666668,,,,,,,0.5601142002614671
23.7,,,0.5653958358060708,0.5212528775217966,0.6212056606354136,0.3942592517660782,0.5601263912206517
23.75,,,,,,,0.5601269717425177
23.8,,0.6864384443995891,0.5654308185333492,0.5212619405825736,0.6212072696847067,0.3942866923119497,0.5601501926171552
23.85,,,,,,,0.5601507731390211
23.9,,0.6864397300622647,0.5654683000268618,0.5212649616028325,0.621208878734,0.3943155281398147,0.5601658667075354
24.0,0.6920635783181633,0.7262399895089926,0.6107809269173345,0.5652026802491738,0.674434620304593,0.4274548707666563,0.604213543807341
24.1,,,0.6108396479238376,0.5652057012694327,0.6744442746003524,0.4274962641324625,0.6042251542446598
24.15,,,,,,,0.6042257347665257
24.2,,0.7262412751716681,0.6108946207809894,0.5652147643302096,0.6744458836496456,0.42753858768626435,0.6042379257257103
24.3,,,0.6109583393199608,,0.6744474926989388,0.4276018404699682,0.6042472140755654
24.333333333333332,,,,,,,0.6042477945974313
24.4,,0.7262425608343437,0.6110208084758151,,0.6744539288961118,0.42765672156171125,0.6042588245128842
24.5,,0.7262438464970192,0.6110957714628402,0.5652208063707275,0.6744555379454049,0.42770509133748474,0.6045218009181533
24.55,,,,,,,0.6045223814400194
24.6,,,0.6111619887680457,0.5652238273909865,0.6744587560439914,0.4277655535572017,0.6045281866586787
24.7,,,0.611209465326495,0.5652359114720223,0.6744619741425778,0.4278371780328663,0.6045374750085337
24.8,,,0.6112744332485835,0.5652419535125403,0.6744651922411643,0.42789717515858544,0.6045490854458524
24.9,,,0.6113231591901499,0.5652479955530582,0.6744732374876304,0.4279622883182806,0.6045606958831712
24.95,,,,,,,0.6045612764050371
25.0,0.7386251867952723,0.7632002201054501,0.6528776416644282,0.6063248080141626,0.7203375785417186,0.4607532755407532,0.6497578062775312
25.1,0.7386279038174162,,0.6529338639046971,0.6063278290344215,0.7203472328374779,0.4607993198465376,0.6497653530617884
25.2,,,0.6529738441644438,0.6063429341357163,0.7203520599853577,0.4608318764263852,0.6497752219335093
25.3,0.7386306208395599,0.7632015057681256,0.6530013305930197,0.6063459551559752,0.7203536690346509,0.4608723396041957,0.6497850908052303
25.35,,,,,,,0.6497856713270962
25.38,,,0.6530025799761368,,,,
25.4,,,0.6530475577683519,0.6063489761762343,0.7203584961825306,0.4609104773120171,0.6497920570676216
25.5,,,0.6530812911125132,0.6063580392370111,0.7203601052318238,0.46093512729390174,0.6501113440938866
25.55,,,,,,,0.6501119246157526
25.6,,,0.6531137750735574,0.606370123318047,0.7203649323797034,0.4609560565238037,0.6501212129656075
25.7,,0.7632027914308012,0.6531437602683675,,0.72036815047829,0.46097931122369484,0.6501258571405351
25.8,,,0.6531625010151237,0.6063731443383059,0.7203697595275831,0.4610002404535969,0.6501334039247922
25.9,,,0.6531874886774655,0.6063791863788238,0.7203729776261696,0.4610114027095446,0.6501421117527812
26.0,0.7797935063170764,0.797740833546539,0.6967010038793345,0.645256696091404,0.7600827051336718,0.4955883508836553,0.6941717926747429
26.1,,,0.6967247421585592,0.6452718011926988,0.760084314182965,0.4956041640795813,0.6941781784152682
26.15,,,,,,,0.6941787589371341
26.2,,0.7977421192092146,0.6967709693338914,0.6452748222129577,,0.4956204423695051,0.6941845641557934
26.25,,,,,,,0.6941851446776595
26.3,,,0.6967934582299989,0.6452929483345116,,0.4956381159414223,0.6941926914619166
26.4,,0.7977446905345656,0.6968059520611698,0.6453050324155474,,0.49565206876135703,0.6942008187680397
26.46666666666667,,,,,,,0.6942013992899057
26.5,,,0.6968346878728627,0.6453201375168421,0.7600859232322582,0.4956604404533178,0.6944591509983815
26.6,,,0.6968584261520874,0.6453322215978781,0.7600875322815515,0.49566881214527864,0.6944655367389068
26.7,,0.7977459761972412,0.6968921594962487,0.6453412846586549,0.7600907503801378,0.4956832300592111,0.6944713419575662
26.75,,,,,,,0.6944719224794321
26.8,,,0.6969346385222297,,0.7600923594294311,0.4956943923151589,0.6944777276980915
26.9,,,0.6969558780352201,0.6453533687396907,0.7600955775280176,0.49570229891312184,0.6944835329167508
27.0,0.8153566091563647,0.8282033249808115,0.733664003398322,0.6813609092062571,0.7948993137404764,0.5295634674245838,0.7307835651937666
27.05,,,,,,,0.7307847262374985
27.1,,,0.7336877416775467,0.681366951246775,0.7949073589869425,0.529570908928549,0.7307905314561578
27.2,,,0.733721475021708,0.681372993287293,0.794910577085529,0.5295764900565229,0.7307963366748172
27.3,0.8153593261785084,,0.7337664528139232,0.6813820563480699,,0.5295853268424815,0.7308056250246722
27.4,,,0.7337989367749673,0.6813911194088468,0.7949137951841154,0.529591838158451,0.7308131718089294
27.5,,,0.7338201762879578,0.6813971614493647,0.7949202313812883,0.5295974192864249,0.7310436389897061
27.6,,,0.7338414158009483,0.6814062245101415,0.7949218404305816,0.5296025353204009,0.7310523468176953
27.7,,,0.7338651540801729,0.6814122665506595,0.7949250585291681,0.5296062560723835,0.7310604741238184
27.8,,,0.7338776479113438,,0.794931494726341,0.5296113721063596,0.7310680209080755
27.88,,,,,,,0.7310686014299415
27.9,,,0.733910131872388,0.6814183085911774,0.7949331037756342,0.5296155579523399,0.7310761482141986
28.0,0.8490531177829099,0.855731934189499,0.7693763704171066,0.7148640238781441,0.8246313265806898,0.5627944335689965,0.7662633200742139
28.05,,,,,,,0.7662639005960798
28.1,,,0.7693988593132141,0.7148700659186621,,0.5627990845089746,0.7662731889459349
28.15,,,,,,,0.7662737694678008
28.2,,,0.76942634574179,0.714879128979439,0.8246345446792762,0.5628023401669594,0.7662789941645942
28.3,0.8490558348050536,0.8557332198521745,0.7694513334041317,0.7148821499996979,,0.5628051307309464,0.7662842188613876
28.4,,,0.7694775704495905,0.7148881920402158,0.8246377627778627,0.5628088514829289,0.7662906046019129
28.5,0.8490585518271974,,0.7695088050275176,0.7148942340807337,0.8246441989750356,0.5628130373289093,0.7664804352520742
28.6,,,0.7695412889885619,0.7149032971415107,,0.5628158278928963,0.7664879820363314
28.7,,,0.7695650272677865,0.7149063181617696,0.8246458080243289,0.5628172231748898,0.7664966898643204
28.75,,,,,,,0.7664972703861863
28.8,,0.8557345055148501,0.7696324939561092,,0.8246490261229152,0.5628181533628854,0.7665024950829797
28.9,0.8490612688493411,,0.7696662273002705,,0.8246506351722085,0.5628232693968614,0.7665123639547007
28.95,,,,,,,0.7665135249984326
29.0,0.8749707920119549,0.8801633820128077,0.8002498766234172,0.7461194994773634,0.8559466439254366,0.5956672773350858,0.7958780625431038
29.1,,,0.8002961037987494,,0.8559498620240231,0.5956709980870684,0.7958861898492269
29.2,0.8749735090340987,,0.8003273383766765,,,0.5956733235570575,0.7958954781990818
29.3,0.8749762260562424,,0.8003573235714866,0.7461225204976225,0.8559546891719028,0.5956756490270466,0.7959001223740093
29.333333333333332,,,,,,,0.7959007028958752
29.4,,,0.8003823112338283,0.7461315835583994,,0.595679834873027,0.7959076691582665
29.44,,,,,,0.5956802999670249,
29.45,,,,,,,0.7959082496801324
29.5,,,0.8004385334740972,0.7461346045786583,,0.595684950907003,0.7960707958025947
29.6,0.8749789430783861,,0.8004747655844927,,0.8559579072704893,0.5956882065649878,0.7960789231087179
29.7,,,0.8005184939935907,0.7461436676394352,0.8559611253690756,0.5956951829749552,0.7960829867617794
29.8,,,0.8006047014286696,0.7461466886596941,0.8559627344183689,0.5957012291969268,0.7960876309367069
29.9,,,0.8006484298377676,0.746152730700212,0.8559643434676621,0.5957147169228637,0.796095177720964
30.0,0.8972503735905447,0.9011261119375065,0.8300514121152681,0.774985348051744,0.8815723629693396,0.6270727495380454,0.8266573318750624
30.05,,,,,,,0.8266579123969283
30.1,,,0.8300776491607269,0.774988369072003,0.881575581067926,0.6270750750080345,0.8266666202249174
30.15,,,,,,,0.8266672007467833
30.2,0.897258524656976,,0.830093891141249,0.7749944111125209,0.8815771901172192,0.6270760051960301,0.8266741670091746
30.3,0.8972639587012634,,0.8300976392906003,,,0.6270769353840258,0.8266776501403702
30.333333333333332,,,,,,,0.8266782306622361
30.4,,,0.8301038862061857,0.7750004531530389,0.8815787991665125,0.6270778655720214,0.8266822943152977
30.45,,,,,,,0.8266828748371636
30.5,,,0.8301213775698248,0.7750034741732978,0.8815804082158057,0.6270792608540149,0.8268471625252237
30.549999999999997,,,,,,,0.8268477430470896
30.6,,,0.8301313726347616,0.7750155582543337,0.8815836263143921,0.6270806561360084,0.8268558703532127
30.7,0.8972693927455508,,0.830137619550347,,0.8815868444129786,0.6270829816059975,0.8268645781812017
30.8,,,0.8301551109139862,,0.8815884534622718,0.6270843768879909,0.8268732860091909
30.9,,,0.8301638565958058,,0.8815932806101515,0.6270853070759866,0.8268796717497161
31.0,0.9156527645700312,0.9190392499958216,0.8570343392949731,0.8010567528865848,0.9118868516537004,0.6585535669686522,0.8527726885360865
31.1,,,0.8570443343599098,,,0.6585549622506457,0.8527779132328799
31.18,,,,,,,0.8527784937547458
31.2,0.915655481592175,,0.8570630751066661,0.8010627949271028,0.9118884607029937,0.6585586830026282,0.8527895236701986
31.3,,,0.8570805664703053,,0.9118900697522868,0.6585596131906238,0.8527924262795282
31.35,,,,,,,0.8527935873232602
31.4,,,0.8570943096845932,0.8010658159473617,0.9118916788015801,0.6585605433786196,0.8527976509763217
31.5,0.9156581986143187,,0.8571018059832958,0.8010688369676207,0.9118948969001666,0.6585610084726173,0.8529311710054871
31.6,0.9156609156364625,,0.857105554132647,0.8010779000283976,0.911898114998753,0.658561938660613,0.8529375567460123
31.7,,0.9190405356584971,0.8571155491975837,,,0.6585628688486086,0.852941039877208
31.8,,,0.8571280430287546,,0.9118997240480462,0.6585651943185977,0.8529468450958674
31.9,0.9156636326586062,,0.8571442850092766,0.8010839420689155,0.9119013330973395,0.6585670546945891,0.8529526503145267
32.0,0.9315935334872979,0.934197212940452,0.8803165936818695,0.8262520618463267,0.9306161854268405,0.6883567903491135,0.8754821234096604
32.05,,,,,,,0.8754827039315263
32.1,,,0.8803253393636892,0.8262581038868446,0.9306210125747202,0.6883577205371092,0.8754902507157835
32.2,,,0.8803328356623917,0.8262641459273626,0.9306290578211863,0.688358185631107,0.875493733846979
32.3,,,0.8803415813442113,0.8262732089881395,0.9306322759197728,0.688360976195094,0.8754966364563088
32.333333333333336,,,,,,,0.8754972169781747
32.4,,,0.8803453294935626,0.8262762300083984,,0.6883619063830896,0.8755018611531022
32.5,,,0.8803565739416164,0.8262792510286574,0.9306338849690661,0.688363301665083,0.8756104187420324
32.6,,,0.8803678183896702,0.8262822720489164,0.9306419302155321,0.6883646969470765,0.8756115797857642
32.7,,,0.8803740653052555,0.8262852930691753,0.9306451483141186,0.68836609222907,0.8756156434388258
32.8,,,0.8803828109870752,,0.9306499754619982,0.6883670224170656,0.8756179655262896
32.9,,,0.8803890579026605,0.8262883140894343,0.930654802609878,0.6883698129810525,0.875622609701217
33.0,0.9444396141828556,0.9471296937937206,0.8999144172564796,0.8480487230147365,0.9473776519143664,0.7164382357496362,0.8940425685073854
33.1,0.9444423312049993,,0.8999231629382992,,0.947409832900231,0.7164391659376318,0.8940454711167151
33.2,0.944445048227143,,0.8999306592370018,0.8480577860755134,0.9474275324424564,0.7164400961256274,0.8940518568572404
33.3,,,0.8999381555357042,,0.9474307505410429,,0.8940547594665701
33.4,0.9444504822714305,,0.8999469012175239,,0.9474404048368021,0.7164414914076209,0.8940675309476207
33.5,,,0.8999556468993435,0.8480668491362903,0.9474436229353886,0.7164424215956166,0.8941708638397574
33.6,,,0.8999668913473973,0.8480698701565492,0.947446841033975,0.7164447470656057,0.8941766690584168
33.7,0.9444531992935743,0.9471322651190717,0.8999731382629826,0.8480759121970672,,0.7164456772536013,0.8941813132333443
33.8,,,0.8999793851785681,0.8480819542375851,0.9474564953297344,0.7164475376295927,0.8941894405394674
33.9,,,0.9000043728409098,0.848091017298362,0.9474597134283209,0.7164484678175883,0.894192343148797
34.0,0.9550523026762668,0.9577016979746956,0.9171046795644651,0.8680357930480281,0.959340933409495,0.7432448585021276,0.9104248955641163
34.1,,,0.9171134252462847,0.8680418350885462,0.9593441515080815,,0.9104307007827757
34.2,0.9550550196984106,,0.9171196721618701,0.8680478771290641,0.9593473696066679,0.7432467188781189,0.9104341839139714
34.3,,,0.9171234203112213,0.868053919169582,0.9593489786559611,0.7432476490661145,0.9104388280888988
34.4,0.9550577367205543,,0.9171321659930409,0.8680569401898409,0.9593505877052544,,0.9104423112200944
34.5,,,0.9171546548891485,0.8680660032506178,0.9593570239024273,,0.9105084907128111
34.6,0.9550631707648417,,0.9171708968696706,,0.9593650691488934,0.7432485792541101,0.9105125543658728
34.7,0.9550740388534167,,0.9171833907008414,0.8680720452911357,0.9593666781981866,0.7432495094421058,0.9105171985408003
34.8,,,0.9172033808307148,0.8680780873316536,0.9593731143953595,0.7432509047240993,0.910519520628264
34.9,0.9550767558755604,0.9577029836373712,0.9172308672592907,0.8680901714126895,0.9593859867897053,0.7432527651000905,0.9105218427157278
35.0,0.9643526694742562,0.9667669054999364,0.9323896326188944,0.8857329297250267,0.9685543496625019,0.7683469117525997,0.9248160326206847
35.1,0.9643553864964,0.9667681911626119,0.9323996276838311,,0.9685575677610884,0.7683483070345932,0.9248195157518803
35.2,0.9643581035185437,0.9667694768252875,0.9324033758331823,0.8857389717655446,0.9685591768103816,0.7683492372225889,0.9248282235798694
35.3,,0.966770762487963,0.932412121515002,,0.968562394908968,0.7683501674105845,0.9248334482766628
35.4,,,0.932413370898119,0.8857419927858036,,,0.92484099506092
35.5,,,0.9324146202812361,,0.9685640039582613,0.7683510975985801,0.9249153018597599
35.6,,,0.9324183684305875,0.8857450138060626,0.9685656130075545,,0.9249222681221511
35.7,,,0.9324246153461728,0.8857480348263216,0.9685672220568478,0.7683524928805736,0.924923429165883
35.8,,,0.932428363495524,0.8857570978870984,,0.7683529579745715,0.9249269122970786
35.9,,,0.9324296128786411,0.8857601189073574,0.9685720492047274,0.7683534230685692,0.9249292343845423
36.0,0.9718136122809401,0.9740823261237656,0.9454831676859551,0.9012096165116883,0.9756164670104669,0.7918522973085476,0.9372508109890467
36.1,,,0.9454856664521892,0.9012126375319472,0.9756180760597601,0.7918536925905411,0.9372542941202423
36.11,,,0.9454869158353063,,,,
36.2,,,0.9454906639846575,0.9012217005927242,0.975624512256933,0.7918546227785367,0.937257196729572
36.3,,,0.9454944121340089,,0.9756261213062262,0.7918550878725344,0.9372606798607677
36.4,,,0.945496910900243,0.9012307636535011,0.9756293394048127,0.7918560180605301,0.9372653240356952
36.5,,,0.9454994096664772,0.901236805694019,0.9756325575033992,0.7918569482485258,0.9373053800444447
36.55,,,,,,,0.9373059605663107
36.6,,,,0.9012398267142779,0.9756341665526923,,0.9373094436975064
36.7,,,0.9455019084327113,0.9012609738560907,0.975638993700572,0.7918578784365214,0.9373129268287019
36.8,,0.9740836117864411,0.9455044071989456,0.9012700369168676,0.9756422117991584,0.7918597388125127,0.9373169904817635
36.9,,,0.9455081553482968,0.9012790999776444,0.9756486479963313,0.7918611340945062,0.9373193125692272
37.0,0.9774677353620432,0.9797726691257108,0.9556918771356643,0.9153963276477732,0.9807461161572685,0.8132410400804054,0.9466935796603715
37.1,,,,0.9153993486680322,0.9807541614037346,0.8132419702684011,0.9466959017478352
37.2,,,0.9556943759018984,0.9154053907085501,0.9807654247487871,0.8132424353623989,0.9467022874883605
37.24,,,0.9556956252850155,,,,
37.3,,,,0.9154174747895859,0.9807670337980804,0.8132429004563967,0.9467075121851539
37.4,,0.9797739547883864,0.9557006228174839,0.9154295588706218,0.9807702518966669,0.8132452259263858,0.9467092537507518
37.5,,,0.9557068697330693,0.9154325798908808,0.9807750790445465,,0.9467551149781608
37.6,,,,0.9154386219313987,0.9807766880938398,0.8132461561143814,0.9467562760218926
37.7,,,0.9557093684993034,,,0.8132466212083793,0.9467609201968201
37.75,,,,,,,0.946761500718686
37.8,,,0.9557118672655377,,0.980778297143133,0.8132470863023772,0.9467638228061498
37.9,,,0.9557143660317718,0.9154476849921755,,,0.9467644033280157
38.0,0.9827713625866051,0.9844794801808671,0.9645687441825599,0.9278066788715885,0.9845338181935204,0.8326694116514418,0.9555337666348541
38.1,,,0.964569993565677,0.9278127209121064,,0.8326698767454397,0.9555372497660497
38.2,,,0.9645724923319111,,0.9845354272428136,,0.955543054984709
38.3,,,0.9645737417150282,0.9278157419323654,,0.8326708069334353,0.9555459575940387
38.4,,,0.9645762404812623,0.9278187629526243,0.9845370362921068,0.8326712720274331,0.9555488602033684
38.5,,,0.9645799886306137,0.9278248049931422,0.9845418634399865,0.8326722022154287,0.9555883356902521
38.6,,,,,,,0.9555912382995818
38.7,,,0.9645824873968478,,0.9845466905878661,,0.9555935603870456
38.8,,,,0.9278338680539192,0.9845499086864526,0.8326735974974222,0.9555958824745093
38.9,,,0.964586235546199,0.9278399100944371,0.9845515177357458,0.8326749927794157,0.9555993656057049
39.0,0.986371416927048,0.9878710583189446,0.9712329537290962,0.9376249947132146,0.9873158644215065,0.8506885484090763,0.9621075962447202
39.1,,,0.9712367018784475,0.9376400998145094,0.9873174734707998,,0.9621104988540499
39.2,,,0.9712416994109159,,0.987319082520093,0.850689013503074,0.9621128209415136
39.3,,,0.971242948794033,0.9376431208347683,,,0.962118045638307
39.4,,0.9878723439816202,0.9712479463265012,,0.9873223006186794,0.8506894785970719,0.9621215287695026
39.5,,,0.9712529438589697,0.9376461418550273,0.9873239096679727,,0.9621493938190676
39.55,,,,,,,0.9621499743409335
39.6,,,0.971257941391438,,,,0.962154618515861
39.7,,,0.9712629389239064,0.9376491628752862,,0.8506899436910696,0.9621563600814589
39.8,,,0.971272933988843,0.9376552049158041,,0.8506913389730631,0.9621598432126545
39.9,,0.9878736296442957,0.9712879265862481,,0.9873255187172659,0.850691804067061,0.96216332634385
40.0,0.9892786306208395,0.9905632359615278,0.977116298827454,0.9462741757146224,0.9899032156850125,0.8677602886931464,0.9686611075892785
40.1,,,0.9771175482105711,0.9462832387753992,0.9899048247343057,0.867761218881142,0.968665751764206
40.2,,,0.9771212963599223,0.946301364896953,,0.8677616839751398,0.9686686543735357
40.3,,,0.9771250445092735,0.946307406937471,,,0.9686715569828653
40.4,,,0.9771275432755078,0.9463134489779889,,0.8677626141631355,0.9686738790703291
40.5,,,0.9771287926586248,0.9463164699982478,0.9899080428328921,,0.9687000025542962
40.6,,,0.977131291424859,,0.9899096518821854,0.8677630792571333,0.968701163598028
40.7,,,0.9771325408079761,0.9463194910185068,,,0.9687046467292237
40.8,,,,,,,0.9687087103822852
40.9,,,,,,,0.9687104519478831
41.0,0.9914169270479555,0.9927694331127564,0.9814479100943909,0.9536424441262303,0.9918614286748675,0.8834153526598493,0.9736762359891048
41.1,,,,0.9536575492275251,,0.8834158177538471,0.9736768165109707
41.2,,,0.9814504088606251,,,0.8834167479418428,0.9736791385984345
41.3,,,0.9814516582437421,,0.9918646467734539,0.8834176781298384,0.9736814606858982
41.4,,,0.9814529076268592,,,,0.9736849438170938
41.5,,,,,0.9918678648720404,0.883418608317834,0.9737099062573291
41.6,,,,0.9536605702477841,0.9918694739213336,,0.9737116478229269
41.7,,,,0.953666612288302,0.9918710829706268,,
41.8,,,0.9814541570099763,,0.99187269201992,,0.9737122283447929
41.9,,,,0.95367265432882,,,0.9737139699103906
42.0,0.993326993614998,0.994424080976178,0.9848649729196209,0.9599503344269427,0.9932918734965446,0.8976769950090763,0.9778571544675801
42.1,,,0.984866222302738,,0.993295091595131,0.8976774601030741,0.9778583155113121
42.2,,,,0.9599533554472016,0.9932999187430107,0.8976783902910698,0.9778600570769098
42.3,,,0.9848674716858551,0.9599593974877195,0.9933031368415971,,0.9778635402081055
42.4,,,0.9848687210689722,,,0.8976788553850676,
42.5,,,0.9848699704520892,,,,0.9778803753422176
42.6,,,,0.9599624185079785,,,0.9778832779515473
42.7,,,0.9848712198352063,0.9599654395282374,0.9933079639894768,0.8976797855730633,0.9778850195171451
42.8,,,,0.9599745025890144,0.99330957303877,,0.977885600039011
42.9,,,,0.9599805446295323,,0.897680250667061,0.9778896636920726
43.0,0.9947262600190192,0.9955901770228938,0.9874999219135552,0.9651918045762415,0.9943618912765393,0.9100396585651943,0.980870643473657
43.1,,,,0.9651948255965005,0.9943651093751257,,0.9808729655611208
43.2,,,0.9875024206797893,0.9651978466167594,,0.9100405887531899,0.9808741266048527
43.3,,,,0.9652008676370184,,,0.9808747071267186
43.4,,,,0.9652069096775363,,,0.9808752876485846
43.5,,,,0.9652129517180542,,,0.9808880591296352
43.6,,,,0.9652159727383132,0.9943667184244189,,0.9808892201733671
43.7,,,,,0.9943731546215918,,0.9808903812170989
43.8,,,,,,0.9100415189411856,0.9808927033045627
43.9,,,,,0.9943747636708851,,0.9808950253920264
44.0,0.9958538242086673,0.996517139811959,0.9897388164593732,0.9699348063828116,0.9951825064160841,0.9211651720871047,0.9837761554126698
44.1,,,,0.9699378274030706,0.9951841154653773,,0.9837796385438654
44.2,,,,,0.9951873335639637,,0.9837819606313292
44.3,,,0.9897413152256074,,,,
44.4,,,,0.9699408484233295,0.995188942613257,,0.9837837021969269
44.5,,,,,0.9951921607118434,,0.9837970541998435
44.6,,,0.9897425646087245,0.9699438694435885,,,0.9837976347217094
44.7,,,0.9897438139918415,,,,0.9837993762873073
44.8,,,0.9897463127580757,0.9699468904638474,0.9951937697611366,0.9211656371811024,0.9837999568091732
44.9,,,,,,,0.9838005373310391
45.0,0.9969025947561473,0.9972911087426347,0.9918615183753022,0.9740705831173304,0.9959854220134033,0.9310088865510164,0.9866363866461394
45.1,,,,,0.9959870310626966,,0.9866369671680053
45.2,,,0.9918627677584193,,,,0.986640450299201
45.3,,,,0.9740766251578483,,,
45.4,,,0.9918652665246535,0.9740796461781073,,,0.9866416113429328
45.5,,,,,0.9959886401119898,0.9310098167390121,0.9866508996927879
45.6,,,,,0.9959950763091627,0.9310107469270077,0.9866520607365197
45.7,,,,,0.995996685358456,,
45.8,,,,,,0.9310112120210055,
45.9,,,,0.9740856882186252,,,0.9866543828239834
46.0,0.9974677353620433,0.9979249404416766,0.99344448678465,0.9775477774353954,0.9965662888082576,0.9397777687859605,0.9891094097950294
46.1,,,,0.9775507984556544,0.9965678978575508,,0.9891099903168953
46.2,,,,,,,0.9891111513606271
46.3,,,,,,,0.9891140539699569
46.4,,,,0.9775598615164314,,,0.9891146344918228
46.5,,,0.9934457361677672,0.9775719455974672,0.9965695069068441,0.9397782338799583,0.9891233423198118
46.6,,,,,0.9965711159561373,,
46.7,,,,,0.9965775521533102,,0.9891250838854097
46.8,,,,,0.9965791612026035,0.9397786989739562,
46.9,,,0.9934469855508843,,0.9965839883504831,0.9397791640679539,0.9891256644072756
47.0,0.9979703844586333,0.9983877790048714,0.994621405680945,0.9803210740331225,0.9970490035962252,0.947311826456686,0.9909647576785627
47.1,,,,0.9803240950533815,0.9970522216948117,,0.9909664992441606
47.2,,,,0.9803271160736404,,,0.9909676602878924
47.3,,,,,0.9970554397933981,0.9473122915506839,0.9909688213316242
47.4,,,,0.9803301370938994,,0.9473127566446816,0.9909699823753562
47.5,,,0.9946239044471792,0.9803331581141583,0.9970570488426913,0.9473132217386795,0.9909781096814793
47.6,,,,,0.9970586578919846,,0.9909792707252111
47.7,,,,0.9803361791344173,,,0.9909810122908089
47.8,,,,0.9803392001546762,0.9970602669412777,0.9473136868326774,0.9909827538564068
47.9,,,,,0.997061875990571,,0.9909833343782727
48.0,0.9984431463116424,0.9987349079272675,0.9956046701940917,0.982894983293758,0.9974190849336669,0.9543826505055805,0.9925315861947256
48.1,,,0.9956059195772088,,0.9974223030322534,0.9543831155995782,0.9925344888040553
48.2,,,,0.9829010253342759,,0.9543835806935761,0.992536810891519
48.3,,,,,,,0.9925391329789828
48.4,,,0.99560966772656,,,,0.9925408745445806
48.5,,,,0.9829040463545349,0.9974239120815466,,0.9925472602851059
48.6,,,0.9956109171096771,0.9829070673747938,0.9974255211308398,,0.9925478408069718
48.7,,,,0.9829131094153117,,0.9543840457875739,0.9925495823725696
48.8,,,,,0.9974287392294263,0.9543845108815717,0.9925519044600334
48.9,,,0.9956121664927942,0.9829161304355707,0.9974319573280127,,
49.0,0.9986659421274283,0.9989637558835138,0.9963305617851186,0.9850973070625412,0.9977425038416052,0.9604205007853113,0.9936067126904402
49.1,,,,,0.9977441128908984,,0.993609034777904
49.2,,,,0.985109391143577,0.9977457219401916,,0.9936125179090995
49.21,,,0.9963318111682357,,,,
49.4,,,,,0.9977473309894849,0.960420965879309,0.9936136789528315
49.5,,,,0.9851154331840949,0.9977489400387781,,0.9936183231277589
49.6,,,0.9963330605513527,0.9851184542043538,,,0.9936194841714908
49.7,,,,,0.9977521581373645,0.9604218960673047,0.9936218062589546
49.8,,,0.9963343099344698,,,,
49.9,,,0.996335559317587,,0.9977537671866578,,0.9936229673026864
50.0,0.998910474120364,0.9991707475742759,0.9969639990254812,0.9870609702308664,0.998012824122867,0.9656100196130138,0.994606951865449
50.1,,,,,0.9980144331721602,0.9656104847070117,
50.2,,,0.9969664977917153,,,,0.9946081129091808
50.3,,,,,0.9980160422214535,,
50.5,,,0.9969677471748324,0.9870639912511253,0.9980176512707467,0.9656109498010096,0.9946115960403764
50.6,,,,,,,0.9946121765622424
50.7,,,,,0.99801926032004,,0.9946127570841083
50.8,,,,,,,0.9946133376059743
50.9,,,0.9969689965579495,,,0.9656118799890052,0.9946139181278402
51.0,0.9991088167368564,0.9993147417939365,0.9974187744801004,0.9890125493181557,0.9982107371859337,0.9701386398698109,0.9953471172445182
51.1,,,0.9974200238632175,0.9890155703384147,0.9982139552845202,,0.9953488588101159
51.2,,,0.9974225226294517,0.9890185913586736,0.9982155643338134,,0.9953506003757138
51.3,,,,,0.9982171733831066,,
51.4,,,,,,,0.9953517614194456
51.5,,,,,,,0.9953529224631775
51.6,,,,,,,0.9953540835069093
51.8,,,,,0.9982203914816931,,0.9953546640287753
51.9,,,,,,,0.9953558250725072
52.0,0.9992555359326178,0.9994458793868417,0.9977998363308117,0.9905230594476366,0.998384514509602,0.9740831020653429,0.9959949796469034
52.1,,,0.9978010857139288,,,,
52.2,,,,,0.9983861235588952,0.9740835671593407,0.9959955601687693
52.4,,,,0.9905260804678956,,,0.9959961406906352
52.5,,,,,,,0.995998462778099
52.6,,,,,0.9983877326081885,0.9740849624413342,0.9960002043436968
52.7,,,,,,,0.9960007848655628
52.8,,,,,0.9983893416574817,0.974085427535332,
52.9,,,,,0.9983909507067749,0.9740858926293299,0.9960019459092946
53.0,0.9993859529955169,0.9995538750515872,0.9980909425970926,0.9917918879564006,0.9985309379952855,0.9773801534159061,0.9964582360959208
53.1,,,0.9980921919802098,,0.9985325470445787,,
53.2,,,,,,0.977380618509904,0.9964588166177867
53.3,,,,,,0.9773810836039017,
53.4,,,,0.9917949089766596,,,0.9964599776615186
53.5,,,,,,,0.9964611387052504
53.6,,,,,,,0.9964617192271165
53.7,,,,,0.998534156093872,,
53.8,,,,,0.9985373741924584,,
53.9,,,0.9980934413633269,,0.9985389832417516,0.9773815486978996,0.9964622997489824
54.0,0.9994891998369787,0.9996348718001463,0.9983445673698611,0.9928492450470373,0.9986854067274351,0.9802828050563159,0.9968837586236523
54.2,,,,,0.9986886248260215,,
54.3,,,,,,,0.9968843391455182
54.4,,,0.9983458167529782,,0.9986950610231945,0.9802832701503137,0.9968855001892502
54.5,,,,,,,0.996886661232982
54.7,,,,,,,0.9968878222767139
54.8,,,,,,,0.9968895638423116
54.9,,,,,0.9986998881710741,,0.9968901443641777
55.0,0.9995679934791468,0.9997017262592744,0.9986456687010788,0.9938129505096461,0.9989026283820205,0.98285989089825,0.9973597865537204
55.1,,,,,0.9989042374313137,0.9828603559922479,
55.2,,,,,0.9989074555299001,,0.99736268916305
55.25,,,,,,,0.9973638502067819
55.3,,,0.9986469180841959,0.9938159715299051,0.9989106736284866,,0.9973650112505138
55.4,,,,,0.9989171098256595,,0.9973673333379776
55.5,,,,,0.9989187188749528,,0.9973742996003687
55.6,,,,,0.998920327924246,,0.9973830074283578
55.7,,,,,0.9989235460228324,0.9828612861802435,0.997390554212615
55.8,,,,,0.9989251550721256,,0.9973951983875424
55.9,,,,,0.9989267641214189,0.9828617512742412,0.997399262040604
56.0,0.9996304849884526,0.9997570097543227,0.9988705576621543,0.9946467521011196,0.9990522699662904,0.9850058346042027,0.9977574440318869
56.1,,,0.9988718070452713,,0.9990538790155836,0.9850062996982005,0.9977586050756188
56.2,,,0.9988730564283885,,,0.985007694980194,0.9977603466412166
56.3,,,,,0.9990554880648769,,
56.5,,,,,0.9990570971141701,,0.9977620882068144
56.6,,,,,,,0.9977632492505463
56.7,,,,,0.9990587061634634,,0.9977638297724122
57.0,0.9996685232984649,0.9998032936106422,0.9990054910387995,0.9952600192136889,0.9991906482055077,0.9868648153134989,0.998031450352609
57.1,,,,,0.999192257254801,,
57.2,,,0.9990067404219167,,,0.9868657455014945,0.9980331919182068
57.3,,,,,,0.9868662105954924,0.9980343529619387
57.4,,,,0.9952630402339478,,,0.9980349334838046
57.5,,,,,,,0.9980360945275365
57.6,,,,,0.9991938663040942,,
57.7,,,0.9990079898050338,,0.9991954753533875,0.986867140783488,
57.8,,,,,,,0.9980366750494024
57.9,,,,,,0.9868676058774859,
58.0,0.9997147126749083,0.9998315781895041,0.9991316787336253,0.9957856767387482,0.9993145450010861,0.9884600877260299,0.9982810747549618
58.1,,,0.9991329281167424,,,0.9884605528200276,0.9982816552768277
58.2,,,0.9991341774998594,,,,
58.3,,,,,0.9993161540503793,,
58.4,,,,,,,0.9982822357986936
58.5,,,0.9991354268829765,,0.9993193721489658,,0.9982833968424255
58.6,,,,,0.999320981198259,,
58.7,,,,,,0.9884610179140255,
58.8,,,,,0.9993225902475522,0.9884614830080234,
58.9,,,,,,,0.9982845578861573
59.0,0.9997527509849206,0.9998650054190682,0.9992328787661092,0.9961723673318953,0.9994094789093864,0.9898511838735168,0.9984859989736373
59.2,,,0.9992341281492263,,0.9994110879586796,,0.9984877405392352
59.3,,,,,,,0.9984883210611011
59.5,,,,,,0.9898516489675145,0.9984900626266989
59.6,0.9997554680070643,,,,,,
59.7,,,0.9992353775323434,,,,
59.8,,,,,,0.9898521140615124,
59.9,,,,,,,0.9984923847141627
60.0,0.9997962233392202,0.9998855760218769,0.9993478220128812,0.9966647936341061,0.9995156761627393,0.991369715776407,0.9987071778045592
60.1,,,,,,,0.9987077583264251
60.2,,,,,0.9995172852120324,,0.998708338848291
60.5,,,,,,,0.998709499892023
60.6,,,,,,,0.9987112414576207
60.7,,,,,,,0.9987129830232185
60.8,,,,,,,0.9987141440669505
61.0,0.9998179595163701,0.9999022896366588,0.99940404425315,0.9970545052475122,0.9995752109865885,0.9932138134777729,0.9988819148862061
61.1,,,,,,,0.9988824954080721
61.3,,,0.9994052936362671,,,,0.998883075929938
61.4,,,,0.9970575262677711,,0.9932142785717707,
61.5,,,,,,,0.9988842369736699
61.6,,,0.9994065430193841,,,,
61.7,,,0.9994077924025012,,,,
61.9,,,0.9994090417856184,,,,
62.0,0.9998614318706698,0.9999138606007387,0.9994552689609505,0.9973626493139263,0.9996267005639717,0.9944844502798238,0.9990363337025452
62.3,,,,,,,0.9990374947462771
62.7,,,,,,,0.999038075268143
62.8,,,,0.9973656703341852,,,
63.0,0.9998722999592446,0.9999241459021431,0.9995039949025168,0.9975862048130895,0.9996878444371143,0.9953932439515688,0.9991228314605698
63.3,,,0.9995052442856339,,,,0.9991234119824357
63.8,,,,0.9975892258333484,,,
64.0,0.9998994701806819,0.9999331455408719,0.9995552196103175,0.9977704870488862,0.9997296797187382,0.9960508868644897,0.9992133928716559
64.3,,,,,,0.9960513519584876,
64.7,,,0.9995564689934345,,,,
65.0,0.999918489335688,0.9999395738542496,0.9996314319804597,0.9979306011226111,0.99980047788764,0.9965885355259725,0.9992993101078145
65.3,,,0.9996326813635767,,,,
65.5,,,,,,,0.9992998906296805
66.0,0.9999239233799756,0.9999460021676273,0.9996639159415038,0.9981601986622922,0.9998358769720911,0.9971029294875641,0.9993782610815819
66.5,,,,,,,0.9993788416034478
67.0,0.9999266404021193,0.9999511448183295,0.9996876542207285,0.9983958382424912,0.9998809303523013,0.997461982053883,0.9994467626617625
67.5,,,,,,,0.9994473431836284
68.0,0.999929357424263,0.9999562874690316,0.9997276344804753,0.9985227210933677,0.999906675140993,0.9977940591683282,0.9995007511952945
68.5,,,,,,,0.9995013317171605
69.0,0.9999320744464067,0.9999588587943827,0.9997426270778803,0.9986073096606186,0.9999179384860455,0.9980684646270435,0.9995460319008376
69.5,,,,,,0.9980689297210412,
70.0,0.9999347914685505,0.9999627157824094,0.9997713628895732,0.9987190874102002,0.9999308108803914,0.9982991512499634,0.9995930541719784
71.0,0.9999429425349816,0.9999665727704359,0.9997901036363296,0.9988640963826303,0.9999420742254439,0.9985823934946373,0.9996319491369962
71.5,,,,,,,0.9996325296588622
72.0,,0.9999678584331114,0.999796350551915,0.9991148410641242,0.9999452923240304,0.9987954065456399,0.9996679414926842
73.0,,0.9999704297584625,0.9998050962337346,0.9992991232999209,0.9999549466197897,0.9989526083169039,0.9996958065422492
73.1,,,,,,,0.9996963870641151
74.0,0.9999456595571254,0.9999768580718402,0.9998150912986713,0.9994773634951996,0.9999597737676694,0.9990944619862397,0.9997242521136801
75.0,0.9999483765792692,0.9999794293971913,0.999825086363608,0.9995830992042632,0.9999629918662558,0.9992032939817301,0.9997492145539154
75.5,,,,,,,0.9997497950757813
76.0,,0.9999820007225424,0.999840078961013,0.9996435196094425,0.9999726461620152,0.9993204976691814,0.9997724354285529
76.5,,,,,,,0.9997730159504188
77.0,0.9999538106235566,0.9999871433732446,0.9998488246428326,0.9996767508322911,0.9999758642606016,0.9994051447767851,0.9998037836093134
77.1,,,,,,0.999405609870783,
78.0,0.9999565276457003,0.9999897146985957,0.9998563209415351,0.9997099820551396,0.9999806914084813,0.999481420192428,0.9998310681370125
78.8,,,,,,,0.9998316486588784
79.0,,0.9999935716866223,0.9998650666233547,0.9997341502172113,0.9999839095070677,0.9995367663781689,0.9998461617055268
80.0,,,0.9998738123051744,0.999764360419801,0.999985518556361,0.9995823455899555,0.9998612552740411
80.4,,,0.9998750616882914,,,,
80.9,,,,,,,0.999861835795907
81.0,0.9999673957342753,0.9999948573492978,0.9998800592207597,0.9997915496021317,0.9999871276056542,0.9996302502717311,0.9998780904081533
81.3,,,,,,,0.9998786709300193
82.0,,0.9999961430119734,0.9998925530519306,0.9998308228654982,,0.999685596457472,0.9998931839766677
83.0,,0.9999974286746489,0.9999000493506331,0.9998610330680877,0.9999887366549475,0.9997209436013066,0.9999071165014501
83.2,,,0.9999012987337502,,,,
84.0,0.999970112756419,,0.9999175407142723,0.9998791591896415,0.9999919547535339,0.9997451284891933,0.9999227905918304
85.0,,0.9999987143373245,0.9999287851623261,0.9999063483719722,,0.9997744294110561,0.9999314984198194
85.2,,,0.9999300345454432,,,,
85.5,,,,,,,0.9999320789416855
86.0,0.9999728297785627,,0.9999375308441457,0.9999123904124901,,0.999800939768932,0.9999384646822107
87.0,0.9999755468007064,,0.9999475259090824,0.999921453473267,0.9999935638028271,0.9998274501268078,0.9999460114664679
88.0,0.9999782638228502,,0.9999525234415507,0.9999274955137849,,0.9998530302966882,0.9999529777288592
89.0,,,0.999956271590902,0.9999305165340439,,0.9998832614065466,0.9999582024256526
89.3,,,,0.9999335375543028,,,
89.5,,,,,,,0.9999587829475185
90.0,0.9999809808449939,,0.9999650172727216,0.9999426006150798,0.9999951728521204,0.9998972142264813,0.9999640076443119
91.0,0.9999836978671376,1.0,0.9999712641883071,0.9999516636758566,,0.9999181434563833,0.9999663297317757
92.0,0.9999864148892813,,0.9999762617207754,0.9999577057163745,,0.9999386075922875,0.9999698128629713
93.0,,,0.9999812592532437,0.9999607267366335,,0.9999493047542374,0.999972134950435
93.9,,,,,,,0.9999727154723009
94.0,,,,0.9999728108176693,0.9999967819014135,0.9999567462582025,0.9999779401690944
95.0,,,,0.9999758318379283,,0.9999655830441612,0.99998142330029
96.0,0.9999891319114251,,0.9999862567857121,,,0.9999809311460893,0.9999837453877538
97.0,0.9999918489335688,,0.9999875061688291,0.9999788528581872,,0.9999865122740631,0.9999860674752176
98.0,,,0.9999887555519462,0.9999818738784463,,0.9999906981200436,0.999991292172011
99.0,0.9999972829778563,,0.9999925037012974,0.9999939579594821,,0.9999962792480174,0.9999953558250725
99.5,,,,,,,0.9999959363469384
100.0,1.0,,1.0,1.0,1.0,1.0,1.0
