data_type,category,reference_unit,upenn__total_number_of_stays,upenn__total_observations,upenn__total_distinct_observations,upenn__mean_icu_los_days,upenn__mean_icu_los_hours,upenn__whole_stay_mean,upenn__whole_stay_median,upenn__whole_stay_iqr,upenn__first_24hr_mean,upenn__first_24hr_median,upenn__first_24hr_iqr,upenn__first_48hr_mean,upenn__first_48hr_median,upenn__first_48hr_iqr,upenn__first_72hr_mean,upenn__first_72hr_median,upenn__first_72hr_iqr,nu__total_number_of_stays,nu__total_observations,nu__total_distinct_observations,nu__mean_icu_los_days,nu__mean_icu_los_hours,nu__whole_stay_mean,nu__whole_stay_median,nu__whole_stay_iqr,nu__first_24hr_mean,nu__first_24hr_median,nu__first_24hr_iqr,nu__first_48hr_mean,nu__first_48hr_median,nu__first_48hr_iqr,nu__first_72hr_mean,nu__first_72hr_median,nu__first_72hr_iqr,jhu__total_number_of_stays,jhu__total_observations,jhu__total_distinct_observations,jhu__mean_icu_los_days,jhu__mean_icu_los_hours,jhu__whole_stay_mean,jhu__whole_stay_median,jhu__whole_stay_iqr,jhu__first_24hr_mean,jhu__first_24hr_median,jhu__first_24hr_iqr,jhu__first_48hr_mean,jhu__first_48hr_median,jhu__first_48hr_iqr,jhu__first_72hr_mean,jhu__first_72hr_median,jhu__first_72hr_iqr,rush__total_number_of_stays,rush__total_observations,rush__total_distinct_observations,rush__mean_icu_los_days,rush__mean_icu_los_hours,rush__whole_stay_mean,rush__whole_stay_median,rush__whole_stay_iqr,rush__first_24hr_mean,rush__first_24hr_median,rush__first_24hr_iqr,rush__first_48hr_mean,rush__first_48hr_median,rush__first_48hr_iqr,rush__first_72hr_mean,rush__first_72hr_median,rush__first_72hr_iqr,ohsu__total_number_of_stays,ohsu__total_observations,ohsu__total_distinct_observations,ohsu__mean_icu_los_days,ohsu__mean_icu_los_hours,ohsu__whole_stay_mean,ohsu__whole_stay_median,ohsu__whole_stay_iqr,ohsu__first_24hr_mean,ohsu__first_24hr_median,ohsu__first_24hr_iqr,ohsu__first_48hr_mean,ohsu__first_48hr_median,ohsu__first_48hr_iqr,ohsu__first_72hr_mean,ohsu__first_72hr_median,ohsu__first_72hr_iqr,ucmc__total_number_of_stays,ucmc__total_observations,ucmc__total_distinct_observations,ucmc__mean_icu_los_days,ucmc__mean_icu_los_hours,ucmc__whole_stay_mean,ucmc__whole_stay_median,ucmc__whole_stay_iqr,ucmc__first_24hr_mean,ucmc__first_24hr_median,ucmc__first_24hr_iqr,ucmc__first_48hr_mean,ucmc__first_48hr_median,ucmc__first_48hr_iqr,ucmc__first_72hr_mean,ucmc__first_72hr_median,ucmc__first_72hr_iqr,umn__total_number_of_stays,umn__total_observations,umn__total_distinct_observations,umn__mean_icu_los_days,umn__mean_icu_los_hours,umn__whole_stay_mean,umn__whole_stay_median,umn__whole_stay_iqr,umn__first_24hr_mean,umn__first_24hr_median,umn__first_24hr_iqr,umn__first_48hr_mean,umn__first_48hr_median,umn__first_48hr_iqr,umn__first_72hr_mean,umn__first_72hr_median,umn__first_72hr_iqr,emory__total_number_of_stays,emory__total_observations,emory__total_distinct_observations,emory__mean_icu_los_days,emory__mean_icu_los_hours,emory__whole_stay_mean,emory__whole_stay_median,emory__whole_stay_iqr,emory__first_24hr_mean,emory__first_24hr_median,emory__first_24hr_iqr,emory__first_48hr_mean,emory__first_48hr_median,emory__first_48hr_iqr,emory__first_72hr_mean,emory__first_72hr_median,emory__first_72hr_iqr,umich__total_number_of_stays,umich__total_observations,umich__total_distinct_observations,umich__mean_icu_los_days,umich__mean_icu_los_hours,umich__whole_stay_mean,umich__whole_stay_median,umich__whole_stay_iqr,umich__first_24hr_mean,umich__first_24hr_median,umich__first_24hr_iqr,umich__first_48hr_mean,umich__first_48hr_median,umich__first_48hr_iqr,umich__first_72hr_mean,umich__first_72hr_median,umich__first_72hr_iqr,mimic_iv__total_number_of_stays,mimic_iv__total_observations,mimic_iv__total_distinct_observations,mimic_iv__mean_icu_los_days,mimic_iv__mean_icu_los_hours,mimic_iv__whole_stay_mean,mimic_iv__whole_stay_median,mimic_iv__whole_stay_iqr,mimic_iv__first_24hr_mean,mimic_iv__first_24hr_median,mimic_iv__first_24hr_iqr,mimic_iv__first_48hr_mean,mimic_iv__first_48hr_median,mimic_iv__first_48hr_iqr,mimic_iv__first_72hr_mean,mimic_iv__first_72hr_median,mimic_iv__first_72hr_iqr
labs,platelet_count,10^3/µL,,,,,,,,,,,,,,,,,,100370,629167,624657,3.06,73.4,6.27,3.0,4.0,2.37,2.0,2.0,3.45,2.0,3.0,4.11,3.0,2.0,,,,,,,,,,,,,,,,,,,,,,,,,,,,,,,,,,,55328,335471,335243,2.83,67.97,6.06,3.0,5.0,2.68,2.0,2.0,3.77,3.0,2.0,4.39,3.0,3.0,,,,,,,,,,,,,,,,,,,,,,,,,,,,,,,,,,,51750,358636,358288,3.79,91.02,6.93,3.0,5.0,2.31,2.0,2.0,3.47,3.0,2.0,4.21,3.0,3.0,,,,,,,,,,,,,,,,,,,,,,,,,,,,,,,,,,
labs,phosphate,mg/dL,,,,,,,,,,,,,,,,,,58348,460029,455743,3.58,85.9,7.88,3.0,6.0,2.47,2.0,2.0,3.76,2.0,3.0,4.61,3.0,4.0,,,,,,,,,,,,,,,,,,40473,215222,214977,3.64,87.42,5.32,3.0,4.0,1.85,1.0,1.0,2.79,2.0,2.0,3.4,3.0,3.0,50076,332928,332063,3.01,72.31,6.65,3.0,5.0,2.39,2.0,2.0,3.61,2.0,3.0,4.38,3.0,3.0,38319,365279,364708,3.83,91.95,9.53,4.0,8.0,2.92,2.0,3.0,4.47,3.0,3.0,5.49,4.0,5.0,,,,,,,,,,,,,,,,,,45837,282281,282180,4.04,96.87,6.16,3.0,5.0,1.99,2.0,1.0,3.02,2.0,2.0,3.69,3.0,2.0,48740,534592,534314,4.38,105.1,10.97,5.0,9.0,2.94,2.0,2.0,4.57,4.0,4.0,5.74,4.0,5.0,78054,521842,521812,3.33,79.83,6.69,3.0,5.0,2.27,2.0,2.0,3.41,3.0,2.0,4.11,3.0,3.0
labs,glucose_fingerstick,mg/dL,,,,,,,,,,,,,,,,,,1,1,1,4.12,99.0,1.0,1.0,0.0,0.0,0.0,0.0,1.0,1.0,0.0,1.0,1.0,0.0,,,,,,,,,,,,,,,,,,36640,869400,769623,3.76,90.13,23.73,9.0,21.0,7.23,4.0,6.0,11.5,7.0,10.0,14.21,8.0,13.0,45339,967432,948424,3.1,74.39,21.34,7.0,21.0,7.88,4.0,9.0,12.1,6.0,14.0,14.6,6.0,16.0,33893,645520,635713,4.1,98.37,19.05,7.0,17.0,5.84,4.0,5.0,8.82,5.0,9.0,10.77,6.0,10.0,,,,,,,,,,,,,,,,,,53167,1683696,1667277,3.67,88.02,31.67,14.0,26.0,10.05,7.0,8.0,15.31,11.0,14.0,18.67,13.0,17.0,39976,1073647,1072577,4.87,116.83,26.86,11.0,24.0,6.99,4.0,10.0,11.39,7.0,14.0,14.25,9.0,17.0,,,,,,,,,,,,,,,,,
labs,wbc,10^3/µL,,,,,,,,,,,,,,,,,,100362,627056,622792,3.06,73.43,6.25,3.0,4.0,2.35,2.0,2.0,3.43,2.0,3.0,4.09,3.0,2.0,,,,,,,,,,,,,,,,,,,,,,,,,,,,,,,,,,,55393,338891,338656,2.83,67.88,6.12,3.0,5.0,2.71,2.0,2.0,3.8,3.0,2.0,4.43,3.0,3.0,,,,,,,,,,,,,,,,,,,,,,,,,,,,,,,,,,,51683,347396,347251,3.8,91.17,6.72,3.0,5.0,2.23,2.0,2.0,3.36,2.0,2.0,4.08,3.0,3.0,,,,,,,,,,,,,,,,,,,,,,,,,,,,,,,,,,
labs,magnesium,mg/dL,,,,,,,,,,,,,,,,,,84759,598225,593685,3.31,79.45,7.06,3.0,4.0,2.36,2.0,2.0,3.56,2.0,3.0,4.34,3.0,4.0,90190,626107,625999,3.94,94.51,6.94,3.0,5.0,2.1,2.0,2.0,3.25,2.0,3.0,4.03,3.0,4.0,46797,268602,268434,3.49,83.82,5.74,3.0,4.0,1.97,2.0,1.0,3.01,2.0,1.0,3.68,3.0,2.0,50724,298866,298649,3.01,72.23,5.89,3.0,4.0,2.2,2.0,2.0,3.24,2.0,3.0,3.9,3.0,3.0,38405,358337,358020,3.82,91.79,9.33,4.0,8.0,2.9,2.0,3.0,4.43,3.0,3.0,5.43,4.0,5.0,,,,,,,,,,,,,,,,,,50221,341243,341151,3.87,92.88,6.79,4.0,5.0,2.22,2.0,2.0,3.37,3.0,2.0,4.1,3.0,3.0,49014,559350,559113,4.36,104.57,11.41,5.0,10.0,3.06,3.0,2.0,4.76,4.0,4.0,5.97,5.0,6.0,79713,551482,551461,3.28,78.71,6.92,3.0,5.0,2.36,2.0,2.0,3.55,3.0,2.0,4.28,3.0,3.0
labs,bilirubin_conjugated,mg/dL,,,,,,,,,,,,,,,,,,25425,109124,108043,4.83,116.01,4.29,1.0,3.0,1.27,1.0,0.0,1.9,1.0,1.0,2.35,1.0,2.0,13636,33271,33230,6.74,161.7,2.44,1.0,1.0,0.76,1.0,1.0,1.15,1.0,1.0,1.41,1.0,0.0,6855,11234,11225,5.59,134.15,1.64,1.0,1.0,0.74,1.0,1.0,1.01,1.0,0.0,1.17,1.0,0.0,11290,32382,32322,5.18,124.2,2.87,1.0,2.0,0.98,1.0,1.0,1.46,1.0,1.0,1.78,1.0,1.0,19467,84720,84604,5.06,121.52,4.35,2.0,4.0,1.43,1.0,1.0,2.08,1.0,1.0,2.53,2.0,2.0,,,,,,,,,,,,,,,,,,8766,24369,24333,7.21,173.07,2.78,1.0,1.0,0.84,1.0,1.0,1.26,1.0,0.0,1.56,1.0,1.0,11277,29436,29066,7.9,189.65,2.61,1.0,2.0,0.83,1.0,1.0,1.23,1.0,1.0,1.5,1.0,1.0,5986,12963,12962,7.11,170.75,2.17,1.0,1.0,0.89,1.0,1.0,1.24,1.0,1.0,1.45,1.0,1.0
labs,chloride,mmol/L,,,,,,,,,,,,,,,,,,102063,775550,768774,3.03,72.74,7.6,3.0,5.0,2.73,2.0,2.0,4.04,3.0,3.0,4.86,3.0,3.0,100649,876675,870948,3.47,83.25,8.71,4.0,7.0,3.1,2.0,2.0,4.56,3.0,3.0,5.49,4.0,5.0,52844,375585,374052,3.26,78.19,7.11,4.0,6.0,2.64,2.0,2.0,3.93,3.0,3.0,4.73,3.0,4.0,56335,454667,449134,2.8,67.28,8.07,4.0,6.0,3.26,2.0,3.0,4.66,3.0,3.0,5.53,4.0,4.0,40191,456098,454363,3.72,89.22,11.35,5.0,10.0,3.76,3.0,3.0,5.57,4.0,5.0,6.75,5.0,6.0,,,,,,,,,,,,,,,,,,52517,595956,594265,3.74,89.8,11.35,5.0,8.0,4.05,2.0,4.0,5.83,3.0,4.0,6.97,4.0,5.0,49397,1109017,1107457,4.32,103.63,22.45,8.0,17.0,6.67,5.0,7.0,9.86,7.0,10.0,12.09,8.0,13.0,,,,,,,,,,,,,,,,,
labs,alkaline_phosphatase,U/L,,,,,,,,,,,,,,,,,,62759,285648,282811,3.68,88.33,4.55,2.0,3.0,1.7,1.0,1.0,2.42,2.0,2.0,2.87,2.0,2.0,87671,570973,568656,3.85,92.34,6.51,3.0,5.0,2.31,2.0,2.0,3.36,2.0,3.0,4.05,3.0,4.0,39007,195990,194770,3.69,88.52,5.02,2.0,4.0,1.92,1.0,1.0,2.74,2.0,2.0,3.28,2.0,3.0,28767,89368,89159,3.51,84.22,3.11,1.0,2.0,1.59,1.0,1.0,2.04,1.0,1.0,2.31,1.0,2.0,24190,127700,127475,4.71,112.92,5.28,2.0,4.0,1.84,1.0,1.0,2.62,2.0,2.0,3.15,2.0,3.0,,,,,,,,,,,,,,,,,,37446,177377,177242,4.38,105.21,4.74,2.0,4.0,1.69,1.0,1.0,2.44,2.0,2.0,2.93,2.0,3.0,13547,96223,96123,5.33,127.89,7.1,3.0,6.0,2.11,2.0,2.0,3.08,2.0,3.0,3.78,3.0,4.0,,,,,,,,,,,,,,,,,
labs,procalcitonin,ng/mL,,,,,,,,,,,,,,,,,,20167,43818,43439,5.76,138.35,2.17,1.0,1.0,0.93,1.0,0.0,1.18,1.0,0.0,1.36,1.0,1.0,6884,11485,11430,5.89,141.43,1.67,1.0,1.0,0.95,1.0,0.0,1.14,1.0,0.0,1.25,1.0,1.0,1180,1438,1437,9.6,230.42,1.22,1.0,0.0,0.61,1.0,1.0,0.74,1.0,1.0,0.82,1.0,1.0,1590,2174,2174,5.53,132.79,1.37,1.0,0.0,0.8,1.0,0.0,0.94,1.0,0.0,1.03,1.0,0.0,,,,,,,,,,,,,,,,,,,,,,,,,,,,,,,,,,,9639,15171,15160,6.19,148.62,1.57,1.0,1.0,0.86,1.0,0.0,1.04,1.0,0.0,1.15,1.0,0.0,7621,14357,14348,7.86,188.66,1.88,1.0,1.0,0.88,1.0,1.0,1.07,1.0,0.0,1.21,1.0,0.0,,,,,,,,,,,,,,,,,
labs,basophils_absolute,10^3/µL,,,,,,,,,,,,,,,,,,56941,229591,227536,3.71,88.97,4.03,2.0,3.0,1.35,1.0,1.0,2.03,1.0,1.0,2.47,2.0,2.0,,,,,,,,,,,,,,,,,,,,,,,,,,,,,,,,,,,19716,68165,68009,3.89,93.48,3.46,1.0,2.0,1.47,1.0,1.0,2.0,1.0,1.0,2.33,1.0,2.0,,,,,,,,,,,,,,,,,,,,,,,,,,,,,,,,,,,9255,27758,27739,6.49,155.8,3.0,1.0,2.0,0.92,1.0,1.0,1.36,1.0,1.0,1.66,1.0,1.0,,,,,,,,,,,,,,,,,,,,,,,,,,,,,,,,,,
labs,glucose_serum,mg/dL,,,,,,,,,,,,,,,,,,102057,776122,769296,3.03,72.75,7.6,3.0,5.0,2.73,2.0,2.0,4.04,3.0,3.0,4.86,3.0,3.0,111990,943939,938118,3.46,83.07,8.43,4.0,7.0,3.0,2.0,2.0,4.42,3.0,3.0,5.32,4.0,4.0,52950,402560,400892,3.25,77.99,7.6,4.0,6.0,2.96,2.0,3.0,4.3,3.0,3.0,5.13,4.0,4.0,56361,436932,431889,2.8,67.23,7.75,4.0,6.0,3.17,2.0,3.0,4.51,3.0,3.0,5.34,4.0,4.0,40168,436391,435325,3.72,89.31,10.86,5.0,9.0,3.5,3.0,2.0,5.25,4.0,5.0,6.39,4.0,6.0,,,,,,,,,,,,,,,,,,861,1991,1989,5.83,139.94,2.31,1.0,1.0,1.71,1.0,2.0,1.94,1.0,1.0,2.04,1.0,1.0,49409,1137363,1135616,4.31,103.51,23.02,9.0,18.0,6.91,5.0,7.0,10.19,7.0,10.0,12.46,8.0,12.0,81146,745799,745683,3.2,76.82,9.19,4.0,8.0,3.7,2.0,4.0,5.09,3.0,5.0,5.95,4.0,6.0
labs,crp,mg/L,,,,,,,,,,,,,,,,,,9414,27905,27764,5.48,131.62,2.96,1.0,1.0,0.91,1.0,0.0,1.27,1.0,0.0,1.53,1.0,1.0,815,1593,1593,6.94,166.52,1.95,1.0,1.0,0.73,1.0,1.0,1.04,1.0,0.0,1.27,1.0,1.0,4060,9145,9137,6.1,146.38,2.25,1.0,1.0,0.85,1.0,1.0,1.13,1.0,0.0,1.32,1.0,0.0,3137,4977,4975,5.43,130.26,1.59,1.0,0.0,0.71,1.0,1.0,0.93,1.0,0.0,1.09,1.0,0.0,5107,13368,13362,7.26,174.24,2.62,1.0,1.0,0.78,1.0,1.0,1.08,1.0,0.0,1.32,1.0,0.0,,,,,,,,,,,,,,,,,,3006,4186,4185,7.56,181.54,1.39,1.0,0.0,0.68,1.0,1.0,0.88,1.0,0.0,1.0,1.0,0.0,,,,,,,,,,,,,,,,,,3661,6115,6110,6.65,159.49,1.67,1.0,0.0,0.74,1.0,1.0,1.0,1.0,0.0,1.15,1.0,0.0
labs,ferritin,ng/mL,,,,,,,,,,,,,,,,,,10892,22632,22477,5.72,137.25,2.08,1.0,0.0,0.73,1.0,1.0,1.01,1.0,0.0,1.19,1.0,0.0,15013,20583,20566,5.81,139.46,1.37,1.0,0.0,0.77,1.0,1.0,0.93,1.0,0.0,1.02,1.0,0.0,7891,12213,12209,5.26,126.27,1.55,1.0,0.0,0.75,1.0,1.0,0.97,1.0,0.0,1.09,1.0,0.0,3283,4384,4380,5.83,140.02,1.34,1.0,0.0,0.63,1.0,1.0,0.84,1.0,0.0,0.97,1.0,0.0,5722,9175,9173,6.54,156.87,1.6,1.0,0.0,0.72,1.0,1.0,0.93,1.0,0.0,1.06,1.0,0.0,,,,,,,,,,,,,,,,,,5936,6693,6693,6.56,157.48,1.13,1.0,0.0,0.6,1.0,1.0,0.8,1.0,0.0,0.89,1.0,0.0,5670,8577,8573,8.71,208.92,1.51,1.0,0.0,0.64,1.0,1.0,0.85,1.0,1.0,0.99,1.0,0.0,7163,9577,9572,6.34,152.07,1.34,1.0,0.0,0.69,1.0,1.0,0.87,1.0,0.0,0.98,1.0,0.0
labs,bicarbonate,mmol/L,,,,,,,,,,,,,,,,,,102012,773486,766724,3.03,72.78,7.58,3.0,5.0,2.72,2.0,2.0,4.03,3.0,3.0,4.85,3.0,3.0,100436,872557,866991,3.47,83.23,8.69,4.0,7.0,3.08,2.0,2.0,4.54,3.0,3.0,5.47,4.0,5.0,52849,398949,389383,3.26,78.17,7.55,4.0,6.0,2.73,2.0,2.0,4.05,3.0,3.0,4.87,4.0,4.0,56249,433251,428475,2.81,67.46,7.7,4.0,6.0,3.02,2.0,3.0,4.38,3.0,3.0,5.23,3.0,4.0,40090,420691,419797,3.73,89.45,10.49,5.0,9.0,3.32,2.0,2.0,5.01,4.0,4.0,6.13,4.0,6.0,,,,,,,,,,,,,,,,,,25728,233741,231447,5.16,123.76,9.09,3.0,6.0,3.57,2.0,3.0,4.77,2.0,4.0,5.56,2.0,5.0,49319,606931,606012,4.33,103.95,12.31,5.0,10.0,3.31,3.0,2.0,5.14,4.0,4.0,6.45,5.0,5.0,,,,,,,,,,,,,,,,,
labs,monocytes_absolute,10^3/µL,,,,,,,,,,,,,,,,,,58987,244332,242240,3.66,87.93,4.14,2.0,3.0,1.39,1.0,1.0,2.09,2.0,1.0,2.55,2.0,2.0,,,,,,,,,,,,,,,,,,,,,,,,,,,,,,,,,,,19723,68216,68060,3.9,93.5,3.46,1.0,2.0,1.47,1.0,1.0,2.0,1.0,1.0,2.33,1.0,2.0,,,,,,,,,,,,,,,,,,,,,,,,,,,,,,,,,,,9256,27776,27751,6.49,155.79,3.0,1.0,2.0,0.92,1.0,1.0,1.36,1.0,1.0,1.66,1.0,1.0,,,,,,,,,,,,,,,,,,,,,,,,,,,,,,,,,,
labs,bun,mg/dL,,,,,,,,,,,,,,,,,,102019,773538,766792,3.03,72.77,7.58,3.0,5.0,2.71,2.0,2.0,4.02,3.0,3.0,4.84,3.0,3.0,111988,943462,937697,3.46,83.08,8.42,4.0,7.0,3.0,2.0,2.0,4.42,3.0,3.0,5.32,4.0,4.0,52844,375583,374049,3.26,78.19,7.11,4.0,6.0,2.64,2.0,2.0,3.93,3.0,3.0,4.73,3.0,4.0,56259,419298,415038,2.81,67.45,7.45,4.0,6.0,2.96,2.0,2.0,4.28,3.0,3.0,5.09,3.0,4.0,40104,422025,420989,3.73,89.42,10.52,5.0,9.0,3.34,2.0,2.0,5.04,4.0,4.0,6.15,4.0,6.0,,,,,,,,,,,,,,,,,,52369,388029,387861,3.76,90.35,7.41,4.0,6.0,2.53,2.0,2.0,3.8,3.0,2.0,4.6,3.0,3.0,49331,634697,633729,4.33,103.92,12.87,5.0,10.0,3.36,3.0,2.0,5.24,4.0,5.0,6.6,5.0,6.0,81013,564469,564435,3.23,77.62,6.97,3.0,5.0,2.5,2.0,2.0,3.67,3.0,3.0,4.38,3.0,4.0
labs,inr,(no units),,,,,,,,,,,,,,,,,,,,,,,,,,,,,,,,,,,,,,,,,,,,,,,,,,,,,,,,,,,,,,,,,,,,,33413,99605,99547,3.18,76.44,2.98,1.0,2.0,1.7,1.0,1.0,2.08,1.0,1.0,2.3,1.0,1.0,,,,,,,,,,,,,,,,,,,,,,,,,,,,,,,,,,,25538,98149,97913,4.76,114.18,3.84,1.0,2.0,1.65,1.0,1.0,2.18,1.0,1.0,2.52,1.0,2.0,,,,,,,,,,,,,,,,,,,,,,,,,,,,,,,,,,
labs,pco2_arterial,mmHg,,,,,,,,,,,,,,,,,,41708,446558,431378,4.31,103.55,10.71,4.0,7.0,4.61,3.0,5.0,6.01,3.0,6.0,6.93,3.0,7.0,,,,,,,,,,,,,,,,,,19191,156282,156072,5.24,125.86,8.14,3.0,7.0,3.34,2.0,4.0,4.46,2.0,5.0,5.17,2.0,6.0,21162,143019,142037,4.19,100.49,6.76,2.0,5.0,2.94,2.0,2.0,3.86,2.0,3.0,4.44,2.0,4.0,20037,586569,298027,5.07,121.64,29.27,12.0,24.0,9.53,8.0,8.0,13.7,10.0,14.0,16.55,10.0,18.0,,,,,,,,,,,,,,,,,,52542,586047,584985,3.74,89.72,11.15,5.0,8.0,4.06,3.0,4.0,5.81,4.0,5.0,6.92,4.0,6.0,5599,23655,23370,8.48,203.48,4.22,2.0,5.0,2.0,1.0,3.0,2.72,1.0,2.0,3.08,2.0,3.0,12356,26617,26571,7.09,170.1,2.15,1.0,1.0,0.9,1.0,1.0,1.2,1.0,0.0,1.39,1.0,1.0
labs,bilirubin_unconjugated,mg/dL,,,,,,,,,,,,,,,,,,,,,,,,,,,,,,,,,,,99,119,119,6.92,166.16,1.2,1.0,0.0,0.4,0.0,1.0,0.58,1.0,1.0,0.71,1.0,1.0,,,,,,,,,,,,,,,,,,,,,,,,,,,,,,,,,,,17508,74823,74720,5.16,123.75,4.27,2.0,3.0,1.4,1.0,1.0,2.06,1.0,1.0,2.51,2.0,2.0,,,,,,,,,,,,,,,,,,7568,21500,21467,7.41,177.82,2.84,1.0,1.0,0.83,1.0,1.0,1.26,1.0,0.0,1.56,1.0,1.0,2390,4250,4247,10.1,242.47,1.78,1.0,1.0,0.51,0.0,1.0,0.74,1.0,1.0,0.91,1.0,1.0,5390,11491,11491,7.18,172.29,2.13,1.0,1.0,0.89,1.0,1.0,1.23,1.0,1.0,1.44,1.0,1.0
labs,po2_arterial,mmHg,,,,,,,,,,,,,,,,,,42326,453978,436038,4.34,104.08,10.73,4.0,7.0,4.6,3.0,5.0,6.01,3.0,6.0,6.93,3.0,7.0,,,,,,,,,,,,,,,,,,19218,165347,164776,5.25,126.02,8.6,3.0,7.0,3.39,2.0,4.0,4.54,2.0,5.0,5.27,2.0,6.0,21092,142618,141641,4.19,100.61,6.76,2.0,5.0,2.94,2.0,2.0,3.86,2.0,3.0,4.44,2.0,4.0,20133,587223,298635,5.06,121.49,29.17,12.0,24.0,9.51,8.0,8.0,13.66,10.0,14.0,16.5,10.0,18.0,,,,,,,,,,,,,,,,,,25851,242551,239723,5.15,123.53,9.38,3.0,6.0,3.71,2.0,3.0,4.96,2.0,4.0,5.79,2.0,5.0,5600,23663,23376,8.48,203.44,4.23,2.0,5.0,2.0,1.0,3.0,2.72,1.0,2.0,3.08,2.0,3.0,12254,26273,26226,7.1,170.43,2.14,1.0,1.0,0.9,1.0,1.0,1.19,1.0,0.0,1.39,1.0,1.0
labs,pco2_venous,mmHg,,,,,,,,,,,,,,,,,,,,,,,,,,,,,,,,,,,18685,149022,148792,4.66,111.74,7.98,3.0,7.0,3.57,2.0,4.0,4.82,3.0,5.0,5.6,3.0,6.0,8081,23274,23206,5.26,126.29,2.88,1.0,1.0,1.26,1.0,0.0,1.61,1.0,1.0,1.79,1.0,1.0,12160,43849,43772,4.74,113.72,3.61,1.0,2.0,1.55,1.0,1.0,1.96,1.0,1.0,2.25,1.0,1.0,15873,190568,98818,5.3,127.3,12.01,6.0,10.0,4.59,4.0,4.0,6.46,4.0,6.0,7.72,4.0,8.0,,,,,,,,,,,,,,,,,,4146,35344,35304,6.62,158.77,8.52,2.0,6.0,2.69,1.0,2.0,3.91,2.0,3.0,4.79,2.0,4.0,714,1104,1092,10.17,244.14,1.55,1.0,1.0,0.59,0.0,1.0,0.84,1.0,1.0,1.01,1.0,1.0,21582,71032,71029,4.64,111.46,3.29,2.0,3.0,1.72,1.0,1.0,2.18,1.0,2.0,2.42,1.0,2.0
labs,eosinophils_absolute,10^3/µL,,,,,,,,,,,,,,,,,,57531,233851,231776,3.7,88.88,4.06,2.0,3.0,1.35,1.0,1.0,2.04,1.0,1.0,2.48,2.0,2.0,,,,,,,,,,,,,,,,,,,,,,,,,,,,,,,,,,,19716,68167,68011,3.9,93.5,3.46,1.0,2.0,1.47,1.0,1.0,2.0,1.0,1.0,2.33,1.0,2.0,,,,,,,,,,,,,,,,,,,,,,,,,,,,,,,,,,,9260,27768,27747,6.49,155.72,3.0,1.0,2.0,0.92,1.0,1.0,1.36,1.0,1.0,1.66,1.0,1.0,,,,,,,,,,,,,,,,,,,,,,,,,,,,,,,,,,
labs,calcium_total,mg/dL,,,,,,,,,,,,,,,,,,102016,773852,766866,3.03,72.77,7.59,3.0,5.0,2.71,2.0,2.0,4.02,3.0,3.0,4.85,3.0,3.0,111998,946141,940266,3.46,83.07,8.45,4.0,7.0,3.01,2.0,3.0,4.43,3.0,3.0,5.34,4.0,5.0,52849,496940,375709,3.26,78.18,9.4,5.0,8.0,3.5,2.0,2.0,5.17,4.0,4.0,6.23,4.0,6.0,56218,417257,413055,2.81,67.52,7.42,4.0,6.0,2.94,2.0,2.0,4.25,3.0,3.0,5.06,3.0,4.0,40165,437822,436154,3.72,89.29,10.9,5.0,9.0,3.55,3.0,2.0,5.3,4.0,5.0,6.44,4.0,6.0,,,,,,,,,,,,,,,,,,1167,2703,2692,6.68,160.39,2.32,1.0,1.0,1.46,1.0,1.0,1.72,1.0,1.0,1.86,1.0,1.0,49327,606431,605569,4.33,103.93,12.29,5.0,10.0,3.3,3.0,2.0,5.13,4.0,4.0,6.44,5.0,5.0,77834,517607,517580,3.33,79.96,6.65,3.0,5.0,2.26,2.0,2.0,3.39,3.0,2.0,4.09,3.0,3.0
labs,bilirubin_total,mg/dL,,,,,,,,,,,,,,,,,,62820,286019,283162,3.68,88.34,4.55,2.0,3.0,1.71,1.0,1.0,2.42,2.0,2.0,2.88,2.0,2.0,87797,574276,571913,3.84,92.25,6.54,3.0,6.0,2.32,2.0,2.0,3.38,2.0,3.0,4.07,3.0,4.0,39044,197574,196027,3.69,88.49,5.06,2.0,4.0,1.94,1.0,1.0,2.76,2.0,2.0,3.31,2.0,3.0,28828,89864,89646,3.51,84.18,3.12,1.0,2.0,1.59,1.0,1.0,2.04,1.0,1.0,2.31,1.0,2.0,24348,130405,129564,4.69,112.51,5.36,2.0,4.0,1.86,1.0,1.0,2.65,2.0,2.0,3.19,2.0,3.0,,,,,,,,,,,,,,,,,,37513,179461,179367,4.38,105.15,4.78,2.0,4.0,1.71,1.0,1.0,2.46,2.0,2.0,2.96,2.0,3.0,34129,224141,220810,5.19,124.56,6.57,3.0,6.0,2.04,2.0,2.0,2.95,2.0,3.0,3.6,2.0,4.0,44019,162367,162351,4.25,102.01,3.69,2.0,3.0,1.46,1.0,1.0,2.04,1.0,1.0,2.4,2.0,2.0
labs,so2_arterial,%,55536,1265987,1166276,4.98,119.62,22.8,8.0,17.0,8.07,5.0,9.0,10.93,6.0,12.0,12.88,7.0,14.0,28716,267828,259967,4.33,103.97,9.33,3.0,7.0,4.1,2.0,4.0,5.35,3.0,5.0,6.16,3.0,6.0,,,,,,,,,,,,,,,,,,19218,165334,164763,5.25,126.01,8.6,3.0,7.0,3.39,2.0,4.0,4.54,2.0,5.0,5.27,2.0,6.0,20788,141171,140204,4.21,101.16,6.79,2.0,5.0,2.95,2.0,2.0,3.87,2.0,3.0,4.46,2.0,4.0,20067,380184,299109,5.07,121.62,18.95,7.0,17.0,6.2,4.0,6.0,8.91,6.0,9.0,10.77,6.0,11.0,18188,132366,116723,4.48,107.54,7.28,2.0,5.0,3.11,2.0,3.0,4.07,2.0,3.0,4.72,2.0,4.0,25205,179580,179391,5.19,124.6,7.12,2.0,5.0,2.93,2.0,2.0,3.87,2.0,3.0,4.47,2.0,4.0,31610,507137,507029,5.43,130.24,16.04,6.0,12.0,5.29,4.0,5.0,7.43,5.0,8.0,8.88,6.0,9.0,27763,200469,199636,5.03,120.82,7.22,3.0,5.0,2.99,2.0,3.0,4.05,2.0,4.0,4.73,2.0,4.0
labs,total_protein,g/dL,,,,,,,,,,,,,,,,,,63180,289737,286791,3.68,88.24,4.59,2.0,3.0,1.72,1.0,1.0,2.44,2.0,2.0,2.9,2.0,2.0,87743,573240,570883,3.84,92.23,6.53,3.0,6.0,2.32,2.0,2.0,3.38,2.0,3.0,4.07,3.0,4.0,39010,196089,194870,3.69,88.53,5.03,2.0,4.0,1.92,1.0,1.0,2.74,2.0,2.0,3.28,2.0,3.0,29176,92654,92438,3.59,86.07,3.18,1.0,2.0,1.6,1.0,1.0,2.05,1.0,1.0,2.33,1.0,2.0,24414,129656,129426,4.69,112.5,5.31,2.0,4.0,1.85,1.0,1.0,2.64,2.0,2.0,3.18,2.0,3.0,,,,,,,,,,,,,,,,,,39603,199536,199043,4.35,104.33,5.04,2.0,4.0,1.93,1.0,1.0,2.69,2.0,2.0,3.19,2.0,3.0,34108,220293,219996,5.19,124.53,6.46,3.0,6.0,2.01,2.0,2.0,2.91,2.0,3.0,3.55,2.0,4.0,2645,3036,3035,7.19,172.5,1.15,1.0,0.0,0.56,1.0,1.0,0.75,1.0,1.0,0.85,1.0,0.0
labs,albumin,g/dL,,,,,,,,,,,,,,,,,,64406,301702,297545,3.66,87.87,4.68,2.0,3.0,1.74,1.0,1.0,2.48,2.0,2.0,2.96,2.0,2.0,88007,590818,586793,3.84,92.23,6.71,3.0,6.0,2.34,2.0,2.0,3.43,2.0,3.0,4.14,3.0,4.0,39092,196348,195110,3.69,88.52,5.02,2.0,4.0,1.92,1.0,1.0,2.74,2.0,2.0,3.28,2.0,3.0,52596,381428,363684,2.91,69.76,7.25,3.0,5.0,2.79,2.0,2.0,4.05,3.0,3.0,4.85,3.0,4.0,24600,144122,143768,4.68,112.41,5.86,2.0,5.0,1.9,1.0,1.0,2.75,2.0,2.0,3.33,2.0,3.0,,,,,,,,,,,,,,,,,,39043,198904,198793,4.32,103.72,5.09,2.0,4.0,1.76,1.0,1.0,2.59,2.0,2.0,3.13,2.0,3.0,34294,225127,223704,5.19,124.46,6.56,3.0,6.0,2.03,2.0,2.0,2.94,2.0,3.0,3.59,2.0,4.0,32465,80925,80916,4.94,118.54,2.49,1.0,1.0,1.07,1.0,0.0,1.44,1.0,1.0,1.66,1.0,1.0
labs,ptt,sec,6998,31529,31511,4.66,111.86,4.51,2.0,4.0,1.72,1.0,1.0,2.44,2.0,2.0,2.93,2.0,3.0,35673,146687,145374,3.96,94.99,4.11,1.0,2.0,1.86,1.0,1.0,2.43,1.0,2.0,2.77,1.0,2.0,1,1,1,1.12,27.0,1.0,1.0,0.0,1.0,1.0,0.0,1.0,1.0,0.0,1.0,1.0,0.0,450,827,513,7.38,177.03,1.84,2.0,1.0,0.4,0.0,0.0,0.73,0.0,2.0,1.02,1.0,2.0,29941,102611,102546,3.25,77.92,3.43,1.0,2.0,1.82,1.0,1.0,2.26,1.0,1.0,2.52,1.0,1.0,23846,198918,198703,4.54,109.04,8.34,3.0,7.0,2.41,2.0,2.0,3.65,2.0,4.0,4.52,3.0,5.0,,,,,,,,,,,,,,,,,,16447,78898,78478,5.01,120.25,4.8,1.0,1.0,1.69,1.0,1.0,2.25,1.0,1.0,2.67,1.0,1.0,28803,130241,130010,5.34,128.26,4.52,2.0,3.0,1.67,1.0,1.0,2.27,2.0,2.0,2.67,2.0,2.0,71345,388301,388234,3.48,83.61,5.44,3.0,4.0,2.18,2.0,2.0,3.04,2.0,3.0,3.56,2.0,3.0
labs,esr,mm/hour,,,,,,,,,,,,,,,,,,5257,7099,7065,4.27,102.59,1.35,1.0,0.0,0.81,1.0,0.0,0.98,1.0,0.0,1.07,1.0,0.0,,,,,,,,,,,,,,,,,,,,,,,,,,,,,,,,,,,1393,1634,1632,4.42,105.99,1.17,1.0,0.0,0.73,1.0,1.0,0.9,1.0,0.0,0.98,1.0,0.0,1926,3718,3716,6.77,162.54,1.93,1.0,0.0,0.76,1.0,1.0,1.03,1.0,0.0,1.2,1.0,0.0,,,,,,,,,,,,,,,,,,1751,2097,2097,6.75,162.08,1.2,1.0,0.0,0.71,1.0,1.0,0.88,1.0,0.0,0.96,1.0,0.0,,,,,,,,,,,,,,,,,,,,,,,,,,,,,,,,,,
labs,lactate,mmol/L,,,,,,,,,,,,,,,,,,46606,374573,369356,3.88,93.03,8.04,3.0,6.0,3.9,2.0,4.0,5.06,2.0,4.0,5.76,2.0,5.0,70585,420831,419858,4.03,96.84,5.96,3.0,5.0,3.51,2.0,4.0,4.35,3.0,5.0,4.77,3.0,5.0,22606,153240,152988,4.56,109.45,6.78,2.0,5.0,3.16,2.0,3.0,4.17,2.0,4.0,4.76,2.0,5.0,26862,118821,118029,3.67,88.06,4.42,2.0,4.0,2.85,2.0,3.0,3.38,2.0,3.0,3.63,2.0,3.0,26028,176056,174987,4.42,106.03,6.76,3.0,6.0,3.33,2.0,3.0,4.36,3.0,4.0,4.92,3.0,5.0,,,,,,,,,,,,,,,,,,30283,248065,246170,4.75,114.09,8.19,3.0,5.0,3.49,2.0,3.0,4.6,2.0,4.0,5.29,2.0,4.0,37783,689625,685978,5.04,121.07,18.25,7.0,14.0,5.95,4.0,6.0,8.43,6.0,8.0,10.11,6.0,10.0,51962,322682,322644,4.01,96.23,6.21,3.0,5.0,3.11,2.0,3.0,3.96,2.0,4.0,4.45,3.0,4.0
labs,potassium,mmol/L,,,,,,,,,,,,,,,,,,102337,963358,949810,3.02,72.4,9.41,4.0,7.0,3.67,2.0,3.0,5.21,3.0,4.0,6.19,3.0,5.0,100835,1266801,1259863,3.45,82.81,12.56,5.0,9.0,4.56,3.0,3.0,6.63,4.0,6.0,7.96,5.0,6.0,52858,379989,378319,3.26,78.17,7.19,4.0,6.0,2.68,2.0,2.0,3.98,3.0,3.0,4.79,4.0,4.0,55654,465541,459831,2.83,68.0,8.36,4.0,7.0,3.35,2.0,3.0,4.81,3.0,4.0,5.71,4.0,5.0,40075,443668,442470,3.73,89.51,11.07,5.0,9.0,3.61,3.0,2.0,5.38,4.0,5.0,6.54,4.0,6.0,,,,,,,,,,,,,,,,,,52583,628246,626540,3.73,89.63,11.95,5.0,8.0,4.24,3.0,4.0,6.13,4.0,5.0,7.34,4.0,6.0,49409,1138245,1136404,4.31,103.51,23.04,9.0,18.0,6.92,5.0,7.0,10.2,7.0,10.0,12.47,8.0,12.0,,,,,,,,,,,,,,,,,
labs,troponin_t,ng/L,,,,,,,,,,,,,,,,,,2160,4018,4015,2.73,65.48,1.86,1.0,1.0,1.54,1.0,1.0,1.7,1.0,1.0,1.76,1.0,1.0,,,,,,,,,,,,,,,,,,,,,,,,,,,,,,,,,,,,,,,,,,,,,,,,,,,,15711,46383,46258,4.72,113.2,2.95,2.0,3.0,1.94,2.0,2.0,2.33,2.0,2.0,2.48,2.0,2.0,,,,,,,,,,,,,,,,,,,,,,,,,,,,,,,,,,,,,,,,,,,,,,,,,,,,29609,69305,69255,4.02,96.43,2.34,2.0,2.0,1.7,1.0,1.0,1.99,2.0,2.0,2.1,2.0,2.0
labs,hemoglobin,g/dL,,,,,,,,,,,,,,,,,,100786,779214,765839,3.04,72.95,7.73,3.0,5.0,3.14,2.0,2.0,4.42,2.0,3.0,5.2,3.0,4.0,111500,1205318,1198673,3.45,82.75,10.81,5.0,9.0,4.27,2.0,3.0,6.05,3.0,5.0,7.13,4.0,6.0,52629,346736,346396,3.25,78.03,6.59,4.0,5.0,2.59,2.0,2.0,3.77,3.0,2.0,4.49,3.0,3.0,55578,397983,396770,2.82,67.61,7.16,4.0,6.0,3.24,2.0,3.0,4.48,3.0,3.0,5.2,3.0,4.0,39972,653677,629403,3.73,89.44,16.35,6.0,14.0,5.6,3.0,5.0,8.11,4.0,8.0,9.74,5.0,10.0,,,,,,,,,,,,,,,,,,51952,590148,586715,3.77,90.44,11.36,4.0,8.0,4.03,2.0,3.0,5.79,3.0,4.0,6.93,4.0,5.0,49055,476265,473537,4.35,104.43,9.71,5.0,8.0,2.95,2.0,2.0,4.45,3.0,4.0,5.46,4.0,5.0,80802,590873,590068,3.22,77.16,7.31,4.0,6.0,3.18,2.0,3.0,4.34,3.0,4.0,5.02,4.0,4.0
labs,sodium,mmol/L,,,,,,,,,,,,,,,,,,102347,955802,941866,3.02,72.39,9.34,4.0,7.0,3.61,2.0,3.0,5.16,3.0,4.0,6.12,3.0,5.0,100878,1158686,1151753,3.45,82.81,11.49,5.0,8.0,4.26,3.0,3.0,6.15,4.0,5.0,7.36,4.0,5.0,52875,389704,388103,3.26,78.15,7.37,4.0,6.0,2.72,2.0,2.0,4.06,3.0,3.0,4.9,4.0,4.0,56398,487683,481111,2.8,67.17,8.65,4.0,7.0,3.54,2.0,2.0,5.04,3.0,4.0,5.96,4.0,5.0,40199,456738,454997,3.72,89.22,11.36,5.0,10.0,3.76,3.0,3.0,5.58,4.0,5.0,6.76,5.0,6.0,,,,,,,,,,,,,,,,,,52524,594211,593237,3.74,89.8,11.31,5.0,9.0,4.04,3.0,4.0,5.85,4.0,5.0,7.01,4.0,6.0,49407,1138320,1136521,4.31,103.51,23.04,9.0,18.0,6.92,5.0,7.0,10.2,7.0,10.0,12.47,8.0,12.0,,,,,,,,,,,,,,,,,
labs,alt,U/L,,,,,,,,,,,,,,,,,,62770,285767,282927,3.68,88.35,4.55,2.0,3.0,1.7,1.0,1.0,2.42,2.0,2.0,2.87,2.0,2.0,87602,568599,566281,3.85,92.4,6.49,3.0,5.0,2.3,2.0,2.0,3.35,2.0,3.0,4.04,3.0,4.0,39025,196142,194921,3.69,88.52,5.03,2.0,4.0,1.92,1.0,1.0,2.74,2.0,2.0,3.28,2.0,3.0,28759,89337,89128,3.51,84.27,3.11,1.0,2.0,1.59,1.0,1.0,2.04,1.0,1.0,2.31,1.0,2.0,24283,128358,128131,4.7,112.74,5.29,2.0,4.0,1.84,1.0,1.0,2.63,2.0,2.0,3.16,2.0,3.0,,,,,,,,,,,,,,,,,,37269,175199,175087,4.39,105.33,4.7,2.0,4.0,1.68,1.0,1.0,2.43,2.0,2.0,2.91,2.0,2.0,13558,96351,96250,5.33,127.84,7.11,3.0,6.0,2.11,2.0,2.0,3.08,2.0,3.0,3.79,3.0,4.0,,,,,,,,,,,,,,,,,
labs,ph_arterial,(no units),,,,,,,,,,,,,,,,,,,,,,,,,,,,,,,,,,,,,,,,,,,,,,,,,,,,,,,,,,,,,,,,,,,,,21163,143053,142070,4.19,100.49,6.76,2.0,5.0,2.94,2.0,2.0,3.86,2.0,3.0,4.44,2.0,4.0,,,,,,,,,,,,,,,,,,,,,,,,,,,,,,,,,,,25341,201424,200829,5.16,123.73,7.95,3.0,5.0,3.25,2.0,3.0,4.28,2.0,4.0,4.95,2.0,4.0,,,,,,,,,,,,,,,,,,,,,,,,,,,,,,,,,,
labs,so2_central_venous,%,,,,,,,,,,,,,,,,,,,,,,,,,,,,,,,,,,,,,,,,,,,,,,,,,,,,4894,40680,40410,6.16,147.73,8.31,5.0,8.0,3.95,4.0,5.0,5.44,4.0,6.0,6.4,4.0,8.0,4803,27740,27722,5.72,137.3,5.78,2.0,5.0,2.01,1.0,1.0,3.06,2.0,3.0,3.76,2.0,4.0,3147,14820,14817,5.2,124.74,4.71,2.0,4.0,2.13,1.0,2.0,2.81,2.0,3.0,3.21,2.0,3.0,100,191,191,5.75,137.92,1.91,1.0,2.0,0.75,0.0,1.0,1.27,1.0,2.0,1.48,1.0,1.0,,,,,,,,,,,,,,,,,,,,,,,,,,,,,,,,,,,3553,8684,8277,7.88,189.11,2.44,1.0,1.0,0.9,1.0,1.0,1.36,1.0,1.0,1.65,1.0,0.0
labs,calcium_ionized,mg/dL,,,,,,,,,,,,,,,,,,25707,230057,217107,4.41,105.9,8.95,3.0,6.0,3.8,2.0,4.0,4.96,2.0,5.0,5.73,3.0,5.0,,,,,,,,,,,,,,,,,,,,,,,,,,,,,,,,,,,17601,72556,71744,4.16,99.86,4.12,2.0,2.0,2.04,1.0,1.0,2.56,2.0,2.0,2.89,2.0,2.0,3273,14231,14220,6.44,154.52,4.35,1.0,2.0,1.28,1.0,1.0,1.95,1.0,1.0,2.37,1.0,1.0,,,,,,,,,,,,,,,,,,52520,616130,613904,3.74,89.82,11.73,5.0,8.0,4.09,2.0,4.0,5.91,3.0,4.0,7.1,4.0,5.0,,,,,,,,,,,,,,,,,,38311,299880,299867,4.59,110.22,7.83,4.0,6.0,3.27,2.0,4.0,4.33,3.0,5.0,5.0,3.0,6.0
labs,neutrophils_absolute,10^3/µL,,,,,,,,,,,,,,,,,,59045,246769,242799,3.66,87.89,4.18,2.0,3.0,1.4,1.0,1.0,2.11,2.0,1.0,2.57,2.0,2.0,,,,,,,,,,,,,,,,,,,,,,,,,,,,,,,,,,,19723,68413,68056,3.9,93.5,3.47,2.0,2.0,1.48,1.0,1.0,2.01,1.0,1.0,2.34,1.0,2.0,,,,,,,,,,,,,,,,,,,,,,,,,,,,,,,,,,,9256,47342,27757,6.49,155.79,5.11,2.0,2.0,1.58,2.0,2.0,2.35,2.0,2.0,2.87,2.0,3.0,,,,,,,,,,,,,,,,,,,,,,,,,,,,,,,,,,
labs,ldh,U/L,,,,,,,,,,,,,,,,,,12541,62242,61747,5.64,135.32,4.96,1.0,4.0,1.49,1.0,2.0,2.22,1.0,1.0,2.72,1.0,2.0,,,,,,,,,,,,,,,,,,7477,28997,28981,5.83,139.82,3.88,1.0,2.0,1.19,1.0,2.0,1.7,1.0,1.0,2.04,1.0,1.0,5844,26551,26534,5.31,127.46,4.54,2.0,4.0,1.75,1.0,2.0,2.44,1.0,2.0,2.9,1.0,2.0,6334,21067,21044,7.01,168.16,3.33,1.0,2.0,0.89,1.0,1.0,1.36,1.0,1.0,1.7,1.0,1.0,,,,,,,,,,,,,,,,,,4194,17521,17505,7.53,180.7,4.18,1.0,1.0,1.03,1.0,1.0,1.52,1.0,0.0,1.9,1.0,1.0,2676,9436,9434,8.59,206.25,3.53,1.0,2.0,0.89,1.0,1.0,1.32,1.0,1.0,1.66,1.0,1.0,,,,,,,,,,,,,,,,,
labs,ast,U/L,,,,,,,,,,,,,,,,,,62722,285501,282661,3.68,88.39,4.55,2.0,3.0,1.7,1.0,1.0,2.41,2.0,2.0,2.87,2.0,2.0,86599,551123,548807,3.88,93.04,6.36,3.0,5.0,2.24,2.0,2.0,3.27,2.0,3.0,3.94,3.0,4.0,39023,196092,194872,3.69,88.53,5.03,2.0,4.0,1.92,1.0,1.0,2.74,2.0,2.0,3.28,2.0,3.0,28766,89322,89113,3.51,84.29,3.11,1.0,2.0,1.59,1.0,1.0,2.04,1.0,1.0,2.3,1.0,2.0,24117,126411,126190,4.71,113.09,5.24,2.0,4.0,1.82,1.0,1.0,2.6,2.0,2.0,3.13,2.0,3.0,,,,,,,,,,,,,,,,,,37440,177283,177154,4.38,105.19,4.74,2.0,4.0,1.69,1.0,1.0,2.44,2.0,2.0,2.93,2.0,3.0,13558,96352,96253,5.33,127.84,7.11,3.0,6.0,2.11,2.0,2.0,3.08,2.0,3.0,3.79,3.0,4.0,,,,,,,,,,,,,,,,,
labs,troponin_i,ng/L,,,,,,,,,,,,,,,,,,30338,77195,76257,3.58,85.94,2.54,2.0,2.0,1.9,1.0,2.0,2.17,2.0,2.0,2.27,2.0,2.0,,,,,,,,,,,,,,,,,,16769,35496,35465,3.88,93.07,2.12,1.0,1.0,1.63,1.0,1.0,1.81,1.0,1.0,1.89,1.0,1.0,15876,39990,39907,3.26,78.27,2.52,2.0,2.0,1.97,2.0,2.0,2.24,2.0,2.0,2.34,2.0,2.0,,,,,,,,,,,,,,,,,,,,,,,,,,,,,,,,,,,17544,40256,40163,4.49,107.83,2.29,1.0,2.0,1.66,1.0,1.0,1.98,1.0,1.0,2.09,1.0,2.0,,,,,,,,,,,,,,,,,,,,,,,,,,,,,,,,,,
labs,so2_mixed_venous,%,64232,545202,543663,4.64,111.33,8.49,3.0,7.0,3.24,2.0,3.0,4.45,3.0,4.0,5.23,3.0,5.0,,,,,,,,,,,,,,,,,,5157,58272,58265,5.57,133.57,11.3,5.0,12.0,4.35,3.0,5.0,6.53,4.0,7.0,7.98,4.0,9.0,,,,,,,,,,,,,,,,,,226,333,333,6.64,159.43,1.47,1.0,0.0,0.68,1.0,1.0,0.91,1.0,1.0,1.07,1.0,0.0,6021,40340,40335,6.6,158.41,6.7,3.0,7.0,2.0,1.0,2.0,3.15,2.0,3.0,4.02,2.0,5.0,6148,36537,36500,5.71,136.99,5.94,2.0,4.0,2.2,1.0,1.0,3.21,1.0,2.0,3.85,1.0,3.0,,,,,,,,,,,,,,,,,,,,,,,,,,,,,,,,,,,8872,272941,243240,5.36,128.7,30.76,9.0,30.0,11.8,4.0,21.0,17.28,6.0,25.0,20.62,7.0,26.0
labs,creatinine,mg/dL,,,,,,,,,,,,,,,,,,102064,775936,768900,3.03,72.74,7.6,3.0,5.0,2.71,2.0,2.0,4.03,3.0,3.0,4.86,3.0,3.0,112036,956880,950942,3.46,83.0,8.54,4.0,7.0,3.08,2.0,3.0,4.51,3.0,3.0,5.42,4.0,5.0,52846,375761,374185,3.26,78.19,7.11,4.0,6.0,2.64,2.0,2.0,3.93,3.0,3.0,4.73,3.0,4.0,56298,427428,422747,2.81,67.4,7.59,4.0,6.0,3.06,2.0,3.0,4.39,3.0,3.0,5.21,4.0,4.0,40103,422517,421366,3.73,89.42,10.54,5.0,9.0,3.35,2.0,2.0,5.05,4.0,4.0,6.16,4.0,6.0,,,,,,,,,,,,,,,,,,52347,387041,386766,3.76,90.31,7.39,4.0,6.0,2.54,2.0,2.0,3.8,3.0,2.0,4.6,3.0,3.0,49331,634546,633554,4.33,103.92,12.86,5.0,10.0,3.36,3.0,2.0,5.24,4.0,5.0,6.6,5.0,6.0,81034,569102,569058,3.23,77.58,7.02,3.0,5.0,2.53,2.0,2.0,3.71,3.0,3.0,4.42,3.0,4.0
labs,ph_venous,(no units),,,,,,,,,,,,,,,,,,,,,,,,,,,,,,,,,,,,,,,,,,,,,,,,,,,,,,,,,,,,,,,,,,,,,12159,43865,43790,4.74,113.73,3.61,1.0,2.0,1.55,1.0,1.0,1.96,1.0,1.0,2.25,1.0,1.0,,,,,,,,,,,,,,,,,,,,,,,,,,,,,,,,,,,16062,53238,53196,5.86,140.64,3.31,1.0,1.0,1.42,1.0,0.0,1.85,1.0,0.0,2.13,1.0,0.0,,,,,,,,,,,,,,,,,,,,,,,,,,,,,,,,,,
respiratory_support,resp_rate_obs,"",136412,13295763,13295570,3.52,84.52,97.47,33.0,63.0,26.56,20.0,22.0,40.69,27.0,37.0,50.3,30.0,49.0,42364,1706544,1689250,4.52,108.59,40.28,8.0,25.0,9.95,5.0,9.0,15.43,6.0,14.0,19.47,7.0,17.0,42430,906624,823903,5.18,124.23,21.37,7.0,19.0,5.56,4.0,5.0,8.38,6.0,9.0,10.43,6.0,12.0,53807,7085143,7085061,3.09,74.09,131.68,62.0,97.0,46.14,35.0,28.0,68.9,53.0,49.0,83.28,60.0,70.0,17227,494155,494131,4.15,99.54,28.68,13.0,26.0,9.73,5.0,10.0,14.7,8.0,15.0,17.68,10.0,18.0,20594,882611,826777,4.97,119.32,42.86,9.0,29.0,9.39,6.0,6.0,15.11,7.0,11.0,19.26,8.0,16.0,60070,2466241,2464072,4.59,110.05,41.06,12.0,36.0,9.22,6.0,9.0,15.23,9.0,17.0,19.72,11.0,22.0,,,,,,,,,,,,,,,,,,26305,3387414,3386482,5.89,141.3,128.77,34.0,101.0,32.06,25.0,30.0,47.26,29.0,55.0,58.77,31.0,74.0,36651,774253,774252,4.77,114.42,21.13,7.0,19.0,5.3,5.0,5.0,8.03,6.0,9.0,10.07,6.0,13.0
respiratory_support,tidal_volume_set,"",45608,5720736,5720687,5.79,138.9,125.43,35.0,106.0,34.73,24.0,32.0,50.08,28.0,56.0,61.1,30.0,72.0,29397,487915,484496,4.87,116.89,16.6,6.0,17.0,4.85,4.0,4.0,7.3,5.0,9.0,9.08,5.0,11.0,34603,660284,615573,5.46,131.01,19.08,7.0,19.0,5.32,4.0,5.0,7.9,6.0,9.0,9.74,6.0,12.0,12150,373335,373322,5.71,136.95,30.73,12.0,30.0,11.42,7.0,14.0,15.8,9.0,18.0,18.88,9.0,21.0,11067,249012,248991,4.06,97.33,22.5,13.0,20.0,8.98,5.0,12.0,13.2,8.0,14.0,15.47,10.0,16.0,17361,1677230,1594130,5.33,127.87,96.61,27.0,82.0,24.6,16.0,25.0,37.57,20.0,42.0,46.72,23.0,53.0,34980,1086411,1085686,5.55,133.31,31.06,13.0,32.0,7.08,6.0,5.0,11.57,9.0,10.0,14.89,11.0,15.0,9119,175875,175873,7.88,189.01,19.29,8.0,18.0,4.02,3.0,5.0,6.5,5.0,8.0,8.32,5.0,10.0,24456,1866040,1865488,5.93,142.42,76.3,27.0,68.0,26.27,19.0,27.0,36.99,22.0,43.0,44.43,24.0,52.0,33962,420834,420833,4.93,118.35,12.39,4.0,11.0,4.12,3.0,4.0,5.84,4.0,6.0,7.03,4.0,8.0
respiratory_support,peak_inspiratory_pressure_obs,"",46916,8072935,8072883,5.78,138.65,172.07,42.0,136.0,39.72,29.0,33.0,59.01,35.0,59.0,73.47,37.0,82.0,39212,800395,795254,4.57,109.63,20.41,6.0,18.0,5.33,4.0,5.0,8.17,5.0,9.0,10.26,6.0,12.0,36633,951853,871386,5.37,128.95,25.98,9.0,24.0,6.31,5.0,5.0,9.68,7.0,9.0,12.17,8.0,13.0,15340,621594,621581,5.49,131.83,40.52,12.0,35.0,10.19,6.0,9.0,15.33,9.0,15.0,19.25,10.0,19.0,11856,331146,331139,4.78,114.72,27.93,9.0,25.0,7.61,4.0,5.0,11.89,7.0,10.0,14.79,7.0,13.0,20398,2150322,2068090,4.98,119.45,105.42,24.0,81.0,23.67,14.0,25.0,37.2,18.0,43.0,47.05,21.0,55.0,49376,1724620,1723373,4.96,119.14,34.93,10.0,31.0,7.87,6.0,7.0,12.9,8.0,12.0,16.64,9.0,17.0,11690,368290,368287,7.05,169.29,31.5,12.0,31.0,5.51,5.0,4.0,9.08,8.0,9.0,11.84,10.0,13.0,26213,838234,837872,5.9,141.71,31.98,9.0,26.0,8.8,7.0,7.0,12.56,8.0,12.0,15.37,9.0,17.0,36748,777868,777867,4.75,114.03,21.17,6.0,19.0,5.3,5.0,5.0,8.03,6.0,9.0,10.07,6.0,13.0
respiratory_support,peep_obs,"",23160,654134,654128,7.97,191.3,28.24,7.0,19.0,6.49,3.0,5.0,9.84,4.0,8.0,12.36,4.0,10.0,25575,463306,459568,5.31,127.54,18.12,6.0,17.0,4.38,3.0,4.0,6.79,4.0,7.0,8.61,5.0,9.0,4,35,32,22.49,539.75,8.75,9.5,5.75,0.5,0.0,0.5,3.0,0.0,3.0,4.0,0.5,4.5,2332,6519,6515,8.67,208.12,2.8,2.0,2.0,0.97,1.0,1.0,1.37,1.0,2.0,1.63,1.0,1.0,9936,220270,220263,5.02,120.57,22.17,7.0,19.0,6.22,4.0,5.0,9.61,5.0,8.0,11.92,6.0,11.0,17507,846294,790816,5.33,127.84,48.34,11.0,35.0,10.31,6.0,7.0,16.68,9.0,12.0,21.35,10.0,16.0,8938,113384,113373,6.93,166.22,12.69,6.0,13.0,2.72,2.0,3.0,4.54,3.0,6.0,5.91,4.0,7.0,,,,,,,,,,,,,,,,,,22112,250838,250735,6.39,153.29,11.34,4.0,11.0,3.43,3.0,4.0,4.89,3.0,6.0,5.94,4.0,8.0,28165,251591,251590,5.42,130.01,8.93,3.0,9.0,2.95,2.0,3.0,4.26,3.0,5.0,5.16,3.0,6.0
respiratory_support,flow_rate_set,"",98024,3906000,3905888,4.16,99.86,39.85,19.0,37.0,12.48,9.0,16.0,19.44,13.0,23.0,24.01,15.0,28.0,,,,,,,,,,,,,,,,,,35,148,86,8.5,203.97,4.23,2.0,3.0,1.26,0.0,2.0,2.2,1.0,2.0,3.31,1.0,2.5,1979,16623,16622,8.33,199.99,8.4,2.0,8.0,1.51,1.0,2.0,2.55,1.0,2.0,3.43,1.0,2.0,47,709,709,5.39,129.26,15.09,8.0,15.0,3.55,3.0,4.0,5.94,4.0,7.0,7.49,5.0,8.0,16924,775693,722980,5.42,130.08,45.83,10.0,31.0,9.91,6.0,6.0,15.96,8.0,12.0,20.35,9.0,16.0,4617,77846,77832,6.12,146.91,16.86,8.0,17.0,4.43,4.0,6.0,7.12,5.0,10.0,9.11,6.0,13.0,,,,,,,,,,,,,,,,,,40663,1403515,1402796,4.66,111.78,34.52,17.0,33.0,9.81,8.0,12.0,15.65,11.0,19.0,19.7,13.0,23.0,17655,359952,359951,5.22,125.27,20.39,6.0,18.0,4.56,4.0,4.0,7.09,5.0,9.0,9.03,5.0,12.0
respiratory_support,minute_vent_obs,"",56892,7547325,7547283,5.35,128.42,132.66,28.0,94.0,30.6,20.0,31.0,45.52,23.0,51.0,56.68,25.0,66.0,31042,726611,721768,4.94,118.57,23.41,7.0,21.0,5.8,5.0,5.0,8.96,6.0,9.0,11.35,7.0,13.0,36670,954631,875061,5.38,129.04,26.03,9.0,24.0,6.34,5.0,4.0,9.71,7.0,9.0,12.2,8.0,13.0,15520,425598,425587,5.48,131.49,27.42,9.0,25.0,7.34,6.0,6.0,10.94,7.0,12.0,13.65,8.0,16.0,1586,87295,87289,6.94,166.59,55.04,17.0,51.0,16.34,5.0,18.0,24.76,8.0,28.0,30.23,10.0,33.0,17498,845370,789881,5.33,127.87,48.31,11.0,35.0,10.29,6.0,7.0,16.67,9.0,11.75,21.33,10.0,16.0,49499,1265284,1264010,4.97,119.31,25.56,9.0,25.0,5.79,5.0,5.0,9.48,7.0,9.0,12.22,8.0,14.0,,,,,,,,,,,,,,,,,,26271,3368050,3367121,5.89,141.42,128.2,34.0,101.0,32.0,25.0,30.0,47.17,29.0,55.0,58.64,31.0,74.0,36961,801999,801998,4.74,113.75,21.7,7.0,19.0,5.4,5.0,5.0,8.19,6.0,9.0,10.29,6.0,14.0
respiratory_support,resp_rate_set,"",54940,7069983,7069923,5.4,129.67,128.69,33.0,99.0,33.64,23.0,33.0,49.19,27.0,55.0,60.44,29.0,71.0,30149,614805,609939,5.01,120.12,20.39,7.0,20.0,5.4,4.0,5.0,8.19,5.0,9.0,10.26,6.0,13.0,40953,793554,720247,5.21,125.01,19.38,7.0,18.0,5.54,4.0,5.0,8.13,5.0,9.0,9.97,6.0,12.0,12990,672930,672914,5.71,137.05,51.8,18.0,48.0,14.62,9.0,15.0,21.35,13.0,23.0,26.32,15.0,29.0,14627,347410,347393,4.31,103.35,23.75,12.0,22.0,8.65,5.0,10.0,12.87,8.0,13.0,15.3,9.0,15.0,20070,1856155,1772574,4.99,119.8,92.48,22.0,72.0,23.15,14.0,25.0,35.39,18.0,40.0,44.06,20.0,49.0,37678,1166946,1166108,5.4,129.72,30.97,12.0,31.0,7.09,6.0,5.0,11.56,9.0,10.0,14.86,10.0,15.0,10751,272634,272631,7.31,175.33,25.36,10.0,24.0,5.24,5.0,5.0,8.42,7.0,9.0,10.73,8.0,13.0,26052,2727439,2726772,5.91,141.86,104.69,28.0,87.0,28.7,21.0,30.0,41.79,24.0,52.0,51.42,26.0,65.0,34441,446658,446657,4.9,117.65,12.97,5.0,11.0,4.31,3.0,4.0,6.09,4.0,7.0,7.33,4.0,8.0
respiratory_support,inspiratory_time_set,"",23758,750898,750896,6.79,163.07,31.61,8.0,23.0,6.71,5.0,7.0,9.94,6.0,10.0,12.42,6.0,14.0,22697,426412,422231,5.47,131.27,18.79,6.0,17.0,4.51,3.0,5.0,7.01,4.0,7.0,8.89,5.0,10.0,,,,,,,,,,,,,,,,,,14847,299127,299118,5.6,134.39,20.15,7.0,19.0,6.11,5.0,6.0,8.76,6.0,9.0,10.68,6.0,12.0,6366,209828,209821,5.63,135.12,32.96,9.0,26.0,8.82,4.0,5.0,13.82,6.0,10.0,17.15,7.0,13.0,9712,78851,77880,6.29,151.0,8.12,4.0,7.0,2.22,2.0,2.0,3.45,2.0,3.0,4.34,3.0,4.0,41226,981067,980337,5.26,126.18,23.8,9.0,24.0,5.39,5.0,4.0,8.81,7.0,9.0,11.37,8.0,13.0,,,,,,,,,,,,,,,,,,19446,446829,446596,6.75,161.97,22.98,9.0,22.0,6.58,5.0,7.0,9.53,7.0,10.0,11.7,7.0,13.0,34530,415033,415032,4.91,117.72,12.02,4.0,10.0,3.93,3.0,5.0,5.58,3.0,6.0,6.74,4.0,7.0
respiratory_support,peep_set,"",48390,6566466,6566428,5.36,128.62,135.7,28.0,94.0,29.72,18.0,32.75,45.39,22.0,54.0,57.09,24.0,68.0,31009,757481,752374,4.95,118.83,24.43,8.0,22.0,6.16,5.0,4.0,9.46,7.0,9.0,11.94,7.0,13.0,36950,1022193,940722,5.35,128.31,27.66,9.0,26.0,6.89,5.0,5.0,10.47,8.0,10.0,13.11,8.0,14.0,15961,930697,930678,5.39,129.4,58.31,17.0,53.0,14.97,9.0,17.0,22.54,13.0,25.0,28.33,14.0,32.0,14965,491596,491574,4.23,101.48,32.85,16.0,30.0,10.99,6.0,12.0,16.61,10.0,16.0,19.98,13.0,19.0,17877,2246330,2162713,5.25,125.95,125.65,33.0,101.0,28.52,20.0,26.0,44.63,26.0,47.0,56.36,29.0,62.0,37607,2241068,2239451,5.34,128.1,59.59,22.0,60.0,13.02,10.0,10.0,21.44,16.0,20.0,27.76,19.0,29.0,11795,393105,393102,7.02,168.49,33.33,13.0,33.0,5.92,5.0,4.0,9.69,9.0,9.0,12.6,10.0,14.0,26155,3415370,3414406,5.91,141.93,130.58,35.0,104.0,32.61,26.0,30.0,48.02,30.0,55.0,59.67,32.0,75.0,38550,861234,861233,4.64,111.34,22.34,7.0,20.0,5.69,5.0,6.0,8.6,6.0,10.0,10.77,7.0,14.0
respiratory_support,lpm_set,"",98024,3906000,3905888,4.16,99.86,39.85,19.0,37.0,12.48,9.0,16.0,19.44,13.0,23.0,24.01,15.0,28.0,71824,2159902,2147618,3.43,82.27,30.07,14.0,28.0,10.48,7.0,13.0,16.33,11.0,18.0,19.95,12.0,23.0,86413,2608847,2486227,3.83,91.84,30.19,14.0,27.0,10.75,7.0,13.0,16.08,10.0,18.0,19.52,11.0,21.0,35501,1702592,1702569,3.76,90.18,47.96,23.0,45.0,16.31,13.0,20.0,25.15,18.0,30.0,30.82,20.0,36.0,30662,1133064,1132976,3.29,79.07,36.95,18.0,40.0,14.57,8.0,15.0,22.41,13.0,25.0,26.7,15.0,31.0,30296,792857,792180,4.04,96.98,26.17,12.0,26.0,7.91,5.0,10.0,12.76,8.0,15.0,15.99,10.0,19.0,5937,36322,33671,6.78,162.84,6.12,3.0,6.0,1.35,1.0,2.0,2.32,1.0,3.0,3.06,1.0,3.0,35237,876269,876251,4.41,105.73,24.87,12.0,24.0,7.34,5.0,9.0,11.88,7.0,14.0,14.8,9.0,17.0,40663,1403515,1402796,4.66,111.78,34.52,17.0,33.0,9.81,8.0,12.0,15.65,11.0,19.0,19.7,13.0,23.0,61624,750767,750766,3.44,82.6,12.18,7.0,11.0,4.49,4.0,5.0,6.91,5.0,8.0,8.31,6.0,8.0
respiratory_support,peak_inspiratory_pressure_set,"",5327,396612,396609,10.19,244.51,74.45,5.0,24.0,9.8,1.0,6.0,15.88,2.0,9.0,20.72,2.0,11.0,4539,93430,92422,9.26,222.33,20.58,7.0,18.0,2.69,1.0,4.0,4.59,2.0,6.0,6.23,3.0,7.0,14094,136105,106567,6.4,153.58,9.66,4.0,7.0,2.58,2.0,4.0,3.84,2.0,4.0,4.77,3.0,5.0,6392,144639,144638,7.47,179.23,22.63,9.0,23.0,4.47,3.0,7.0,7.15,4.0,10.0,9.23,5.0,11.0,11856,331146,331139,4.78,114.72,27.93,9.0,25.0,7.61,4.0,5.0,11.89,7.0,10.0,14.79,7.0,13.0,5123,46599,46196,5.27,126.57,9.1,5.0,8.0,3.53,2.0,5.0,5.01,3.0,6.0,5.95,3.0,7.0,5983,79071,79000,8.62,206.91,13.22,4.0,11.0,2.25,1.0,3.0,3.93,1.0,5.0,5.25,2.0,5.0,,,,,,,,,,,,,,,,,,6509,154344,154281,10.87,260.77,23.71,7.0,22.0,3.41,1.0,4.0,5.62,2.0,7.0,7.52,3.0,9.0,3240,13948,13948,4.88,117.21,4.3,2.0,4.0,1.79,1.0,3.0,2.5,2.0,2.0,2.96,2.0,3.0
respiratory_support,pressure_control_set,"",2308,41480,41480,11.68,280.43,17.97,4.0,9.0,2.41,1.0,3.0,3.79,1.0,4.0,4.95,2.0,5.0,4163,116599,115292,8.99,215.65,28.01,9.0,26.0,3.87,2.0,5.0,6.54,3.0,8.0,8.77,4.0,10.0,3157,65741,42326,10.27,246.57,20.82,5.0,16.0,3.3,1.0,4.0,5.41,2.0,7.0,7.12,2.0,9.0,6343,138742,138741,7.48,179.6,21.87,9.0,22.0,4.3,3.0,6.0,6.9,4.0,9.0,8.92,5.0,11.0,2362,53070,53070,7.96,191.11,22.47,4.0,15.0,4.26,1.0,4.0,7.18,2.0,5.0,9.25,2.0,7.0,3822,155677,155318,9.28,222.62,40.73,3.0,16.0,5.76,1.0,3.0,9.64,1.0,4.0,12.79,1.0,6.0,4294,38551,38385,9.69,232.64,8.98,2.0,5.0,1.32,0.0,1.0,2.31,1.0,2.0,3.12,1.0,2.0,1367,28566,28566,12.28,294.81,20.9,8.0,20.0,3.26,2.0,5.0,5.48,3.0,9.0,7.17,3.0,11.0,6488,152959,152896,10.87,260.85,23.58,7.0,22.0,3.39,1.0,4.0,5.58,2.0,7.0,7.48,3.0,9.0,2240,12188,12188,10.95,262.83,5.44,1.0,2.0,0.79,0.0,1.0,1.27,1.0,1.0,1.69,1.0,1.0
respiratory_support,mean_airway_pressure_obs,"",46345,7829047,7828996,5.81,139.52,168.93,41.0,131.0,38.93,28.0,33.0,57.81,33.0,59.0,71.95,35.0,82.0,31114,726001,721146,4.94,118.47,23.33,7.0,21.0,5.77,5.0,5.0,8.92,6.0,9.0,11.3,6.0,13.0,36274,915942,843479,5.39,129.37,25.25,8.0,23.0,6.12,5.0,5.0,9.39,7.0,9.0,11.81,7.0,12.0,12906,646573,646561,5.72,137.35,50.1,16.0,46.0,12.25,8.0,11.0,18.61,11.0,19.0,23.51,13.0,23.0,11149,212557,212556,4.83,116.0,19.07,8.0,20.0,5.1,4.0,4.0,8.0,6.0,8.0,10.01,7.0,10.0,17498,845513,790036,5.33,127.83,48.32,11.0,35.0,10.3,6.0,7.0,16.67,9.0,11.0,21.33,10.0,16.0,36099,1081205,1080114,5.48,131.41,29.95,12.0,31.0,6.42,6.0,4.0,10.62,9.0,9.0,13.8,10.0,14.0,,,,,,,,,,,,,,,,,,24904,727921,727587,6.04,144.98,29.23,9.0,23.0,7.94,6.0,6.0,11.31,8.0,11.0,13.88,8.0,15.0,36652,790525,790524,4.76,114.2,21.57,7.0,19.0,5.32,5.0,5.0,8.09,6.0,9.0,10.18,6.0,13.0
respiratory_support,fio2_set,"",66935,10849652,10849529,5.05,121.22,162.09,37.0,121.0,36.01,25.0,34.0,55.0,31.0,60.0,69.3,34.0,81.0,48420,4197423,4161424,4.18,100.4,86.69,22.0,67.0,21.69,14.0,21.0,33.91,19.0,36.0,42.96,21.0,47.0,54891,5396545,5198710,4.72,113.38,98.31,24.0,76.0,23.98,14.0,22.0,37.47,20.0,36.0,47.28,22.0,46.0,18358,859123,859102,5.17,124.0,46.8,15.5,41.0,12.33,8.0,11.0,18.78,12.0,18.0,23.68,14.0,24.0,17964,882531,882487,4.08,97.85,49.13,19.0,42.0,15.2,8.0,17.0,23.58,13.0,26.0,28.97,15.0,32.0,25594,2867991,2780406,4.67,112.18,112.06,26.0,85.0,25.36,16.0,27.0,39.96,21.0,48.0,50.66,24.0,60.0,108971,5238069,5229485,3.51,84.21,48.07,14.0,37.0,13.13,9.0,11.0,20.92,13.0,21.0,26.35,14.0,28.0,21423,1080995,1080982,5.68,136.34,50.46,14.0,43.0,9.33,7.0,11.0,15.46,10.0,18.0,20.13,12.0,25.0,26302,3557031,3556043,5.9,141.52,135.24,36.0,108.0,33.33,26.0,31.0,49.18,31.0,56.0,61.26,33.0,78.0,43203,1114492,1114491,4.4,105.66,25.8,9.0,22.0,6.82,6.0,5.0,10.27,8.0,10.0,12.78,9.0,15.0
respiratory_support,pressure_support_set,"",53000,6662057,6662008,5.59,134.11,125.7,28.0,86.0,29.05,18.0,31.0,43.4,22.0,49.0,54.15,24.0,59.0,21499,166663,166205,6.01,144.14,7.75,2.0,5.0,1.82,1.0,2.0,2.78,1.0,2.0,3.53,2.0,2.0,36099,435303,401454,5.79,138.88,12.06,4.0,9.0,3.21,2.0,3.0,4.75,3.0,5.0,5.89,3.0,6.0,10718,221194,221192,6.67,160.2,20.64,5.0,16.0,3.8,2.0,4.0,6.49,3.0,6.0,8.68,3.0,8.0,9652,143540,143540,5.68,136.36,14.87,5.0,13.0,3.72,2.0,3.0,5.95,3.0,6.0,7.49,3.0,8.0,14742,429883,428670,6.16,147.95,29.16,5.0,17.0,4.87,2.0,4.0,8.38,3.0,7.0,11.21,4.0,8.0,39277,469769,468524,5.83,140.02,11.96,4.0,9.0,2.32,1.0,3.0,3.89,2.0,4.0,5.13,3.0,5.0,9496,69575,69575,8.56,205.46,7.33,3.0,6.0,1.2,1.0,2.0,1.93,1.0,2.0,2.52,2.0,2.0,24771,1911447,1911017,6.15,147.68,77.16,21.0,43.0,21.35,15.0,26.0,29.68,17.0,29.0,35.86,18.0,32.0,31132,408499,408499,5.37,128.86,13.12,4.0,12.0,2.43,2.0,2.0,4.01,2.0,4.0,5.28,3.0,6.0
respiratory_support,tidal_volume_obs,"",57241,8394053,8393996,5.33,127.91,146.64,32.0,104.0,34.56,23.0,34.0,51.26,27.0,57.0,63.69,28.0,75.0,40010,835952,830752,4.52,108.57,20.89,6.0,17.0,5.5,4.0,5.0,8.42,5.0,9.0,10.59,6.0,12.0,43611,1046443,958566,5.11,122.55,23.99,8.0,21.0,6.08,5.0,5.0,9.23,6.0,9.0,11.55,7.0,12.0,15548,690374,690360,5.47,131.27,44.4,13.0,39.0,11.17,7.0,10.0,16.87,10.0,16.0,21.24,11.0,21.0,16729,455700,455679,4.18,100.28,27.24,13.0,26.0,9.2,5.0,9.0,13.88,9.0,14.0,16.69,10.0,17.0,20487,930478,874624,4.98,119.49,45.42,10.0,31.0,10.08,6.0,7.0,16.12,8.0,13.0,20.47,9.0,18.0,49879,2061200,2059788,4.93,118.27,41.32,12.0,39.0,9.4,7.0,9.0,15.37,9.0,17.0,19.81,11.0,24.0,11420,338216,338213,7.15,171.62,29.62,11.0,29.0,5.32,5.0,3.0,8.75,8.0,9.0,11.36,9.0,13.0,26200,2537112,2536389,5.9,141.69,96.84,22.0,84.0,24.12,14.0,33.0,36.31,17.0,53.0,45.4,19.0,63.0,37062,880467,880466,4.73,113.56,23.76,7.0,21.0,5.81,5.0,5.0,8.86,6.0,10.0,11.18,7.0,15.0
respiratory_support,plateau_pressure_obs,"",39954,1090308,1090297,6.28,150.71,27.29,6.0,19.0,6.7,3.0,5.0,10.05,4.0,8.0,12.48,5.0,10.0,27673,441780,438063,5.24,125.8,15.96,5.0,15.0,4.04,3.0,4.0,6.22,4.0,7.0,7.84,4.0,9.0,30259,460966,428107,5.8,139.23,15.23,6.0,15.0,4.14,3.0,4.0,6.22,4.0,7.0,7.71,5.0,9.0,9905,81633,81628,6.49,155.68,8.24,4.0,7.0,2.73,2.0,3.0,3.84,3.0,4.0,4.64,3.0,5.0,9292,136749,136745,5.25,126.01,14.72,6.0,13.0,4.47,3.0,4.0,6.8,4.0,6.0,8.29,4.0,8.0,15415,461366,412658,5.75,138.05,29.93,7.0,20.0,6.36,3.0,4.0,10.15,5.0,8.0,12.91,5.0,11.0,23605,354634,354534,6.81,163.51,15.02,7.0,15.0,3.09,2.0,4.0,5.19,4.0,7.0,6.81,4.0,8.0,,,,,,,,,,,,,,,,,,22099,265829,265709,6.37,152.88,12.03,4.0,10.0,3.63,3.0,4.0,5.18,3.0,6.0,6.31,4.0,8.0,30685,284529,284528,5.2,124.74,9.27,3.0,9.0,3.11,2.0,4.0,4.47,3.0,5.0,5.4,3.0,6.0
vitals,heart_rate,"",137585,298558000,20297446,3.48,83.48,2169.99,820.0,1542.0,623.98,490.0,481.0,953.26,687.0,847.0,1172.08,773.0,1136.0,109157,13171239,13110670,3.08,73.86,120.66,54.0,90.0,41.86,31.0,25.0,62.11,49.0,45.0,74.79,52.0,62.0,115705,18459857,18459329,3.29,79.0,159.54,64.0,114.0,53.79,35.0,35.0,80.23,53.0,57.0,96.98,62.0,77.0,53803,6879099,6879017,3.09,74.09,127.86,59.0,94.0,45.19,34.0,26.0,67.1,52.0,47.0,80.99,57.0,67.0,57640,6444712,4380526,2.64,63.39,111.81,52.0,90.0,44.89,32.0,33.0,64.96,47.0,54.0,76.93,51.0,69.0,41175,6650909,6650237,3.61,86.55,161.53,70.0,128.0,46.1,34.0,25.0,71.61,57.0,49.0,88.74,68.0,74.5,155896,25454933,24536582,2.92,70.0,163.28,63.0,128.0,59.0,42.0,55.0,87.1,56.0,87.0,104.42,61.0,104.0,53228,7643480,7643324,3.64,87.4,143.6,68.0,110.0,42.24,31.0,26.0,66.13,52.0,47.0,81.7,63.0,65.0,49990,8674468,8670561,4.21,100.95,173.52,76.0,132.0,46.49,39.0,24.0,71.71,61.0,48.0,89.4,74.0,73.0,80425,8155593,8155592,3.08,73.9,101.41,52.0,76.0,32.81,27.0,10.0,50.64,48.0,28.0,61.64,52.0,48.0
vitals,spo2,"",137440,176019097,19213500,3.48,83.61,1280.7,491.0,889.0,370.01,293.0,233.0,564.24,434.0,459.0,693.57,470.0,647.0,109054,12810790,12750352,3.08,74.0,117.47,51.0,86.0,40.17,30.0,24.0,59.71,47.0,44.0,72.02,49.0,62.0,115597,18092155,18091636,3.3,79.09,156.51,62.0,110.0,52.39,34.0,33.0,78.22,52.0,56.0,94.64,60.0,74.0,53768,6648536,6648455,3.09,74.15,123.65,57.0,91.0,43.49,33.0,25.0,64.65,50.0,46.0,78.05,55.0,66.0,57617,6011527,4153972,2.64,63.46,104.34,49.0,84.0,42.04,30.0,30.0,60.75,44.0,50.0,71.91,48.0,65.0,41121,6316590,6315974,3.61,86.68,153.61,66.0,122.0,43.77,33.0,23.0,68.16,55.0,46.0,84.5,65.0,71.0,155799,23797614,23797338,2.92,70.07,152.75,57.0,118.0,54.12,38.0,52.0,80.14,51.0,79.0,96.34,55.0,95.0,53184,7270703,7270567,3.65,87.51,136.71,65.0,105.0,40.48,30.0,25.0,63.39,51.0,45.0,78.27,60.0,64.0,49975,8093004,8089250,4.21,101.03,161.94,71.0,123.0,44.0,37.0,24.0,67.52,58.0,47.0,83.95,67.0,72.0,80325,7989086,7989085,3.08,74.02,99.46,50.0,74.0,32.09,27.0,10.0,49.54,47.0,28.0,60.31,50.0,49.0
vitals,dbp,"",137346,198785047,18028938,3.48,83.61,1447.33,530.0,999.0,440.69,304.0,327.0,663.41,452.0,539.0,809.31,504.0,709.0,109057,13621619,11596018,3.08,73.97,124.9,54.0,92.0,45.81,34.0,32.0,67.33,48.0,57.0,80.55,51.0,72.0,115637,19183910,17538230,3.29,79.07,165.9,66.0,118.0,57.31,37.0,39.0,84.89,54.0,65.0,102.18,63.0,83.0,53708,4760620,4760568,3.1,74.38,88.64,48.0,68.0,33.98,27.0,21.0,50.08,41.0,37.0,59.81,45.0,50.0,57589,6714419,4231424,2.64,63.41,116.59,52.0,94.0,49.63,34.0,39.0,70.4,47.0,61.0,82.4,50.0,75.0,41165,6935186,5577464,3.61,86.59,168.47,73.0,139.0,50.59,38.0,35.0,77.94,57.0,65.0,95.92,69.0,91.0,155906,23215646,22401009,2.92,70.02,148.91,54.0,111.0,54.43,36.0,54.0,79.83,48.0,78.0,95.42,52.0,92.0,53598,8445672,7409731,3.61,86.53,157.57,72.0,118.0,47.12,34.0,31.0,73.75,54.0,54.0,90.95,68.0,74.0,49907,8055552,6819463,4.22,101.3,161.41,72.0,124.0,45.31,37.0,29.0,69.39,55.0,53.0,85.81,67.0,75.0,80357,8369945,8140594,3.09,74.05,104.16,51.0,80.0,33.71,27.0,14.0,52.18,47.0,33.0,63.49,51.0,52.0
vitals,height_cm,"",79454,1828666,216361,4.81,115.39,23.02,14.0,17.0,11.61,10.0,13.0,14.25,12.0,14.0,16.09,13.0,14.0,53284,105026,104259,3.52,84.56,1.97,1.0,0.0,1.12,1.0,0.0,1.29,1.0,0.0,1.4,1.0,0.0,63817,76225,76197,3.51,84.27,1.19,1.0,0.0,1.04,1.0,0.0,1.1,1.0,0.0,1.13,1.0,0.0,34145,40564,40562,3.08,73.94,1.19,1.0,0.0,1.09,1.0,0.0,1.13,1.0,0.0,1.15,1.0,0.0,26551,28925,28886,2.63,63.01,1.09,1.0,0.0,0.99,1.0,0.0,1.03,1.0,0.0,1.05,1.0,0.0,19154,53241,53238,5.18,124.22,2.78,1.0,1.0,1.05,1.0,1.0,1.43,1.0,0.0,1.69,1.0,0.0,65110,77210,77199,3.05,73.15,1.19,1.0,0.0,1.01,1.0,0.0,1.07,1.0,0.0,1.1,1.0,0.0,34987,287493,287479,4.68,112.28,8.22,2.0,4.0,2.4,1.0,2.0,3.36,2.0,3.0,4.03,2.0,3.0,13052,16772,16757,5.68,136.24,1.29,1.0,0.0,0.93,1.0,0.0,1.05,1.0,0.0,1.11,1.0,0.0,1488,1489,1489,3.18,76.34,1.0,1.0,0.0,1.0,1.0,0.0,1.0,1.0,0.0,1.0,1.0,0.0
vitals,respiratory_rate,"",137355,183898454,19451557,3.49,83.67,1338.86,490.0,908.0,375.36,294.0,254.0,573.79,432.0,485.0,707.05,468.0,670.0,108984,11376207,11325335,3.09,74.2,104.38,47.0,79.0,36.47,27.0,24.0,54.14,41.0,41.0,65.17,45.0,56.0,115476,16512592,16512121,3.3,79.29,143.0,58.0,101.0,48.4,32.0,31.0,72.13,49.0,52.0,87.13,55.0,69.0,53807,7085974,7085892,3.09,74.09,131.69,62.0,97.0,46.15,35.0,28.0,68.91,53.0,49.0,83.29,60.0,70.0,57584,6484115,4155689,2.65,63.56,112.6,49.0,87.25,44.53,31.0,33.0,64.44,44.0,54.0,76.4,47.0,70.0,41171,6526304,6525649,3.61,86.56,158.52,69.0,127.0,45.3,34.0,25.0,70.41,56.0,48.0,87.21,67.0,73.0,155215,17895370,17895159,2.93,70.42,115.29,45.0,92.0,41.01,28.0,42.0,60.65,38.0,62.0,72.76,42.0,73.0,53213,7409812,7409662,3.64,87.48,139.25,66.0,107.0,40.92,30.0,25.0,64.03,51.0,46.0,79.1,61.0,64.0,49983,7866864,7861594,4.21,101.01,157.39,73.0,121.0,43.98,37.0,22.0,67.38,58.0,44.0,83.43,69.0,67.0,80390,8090732,8090731,3.08,73.95,100.64,51.0,75.0,32.54,27.0,10.0,50.23,48.0,28.0,61.14,51.0,48.0
vitals,weight_kg,"",105791,3747672,464625,4.19,100.62,35.43,18.0,27.0,14.51,12.0,15.0,19.3,14.0,19.0,22.62,16.0,20.0,85081,292804,291813,3.28,78.72,3.44,2.0,3.0,1.46,1.0,1.0,2.0,2.0,1.0,2.35,2.0,2.0,93450,376710,376672,3.76,90.34,4.03,2.0,3.0,1.51,1.0,1.0,2.11,2.0,2.0,2.52,2.0,2.0,43188,125363,125359,3.55,85.27,2.9,2.0,2.0,1.38,1.0,1.0,1.79,1.0,1.0,2.06,1.0,2.0,47704,127286,127019,3.1,74.46,2.67,2.0,2.0,1.3,1.0,1.0,1.69,1.0,1.0,1.94,1.0,1.0,31336,148062,148053,4.46,107.09,4.72,2.0,3.0,1.42,1.0,1.0,2.15,2.0,1.0,2.65,2.0,2.0,136887,528111,527751,3.3,79.19,3.86,2.0,3.0,1.51,1.0,1.0,2.12,2.0,2.0,2.51,2.0,2.0,45686,241488,241482,4.15,99.56,5.29,3.0,3.0,1.96,2.0,2.0,2.72,2.0,2.0,3.22,3.0,2.0,40396,189641,189548,4.9,117.66,4.69,2.0,4.0,1.32,1.0,1.0,1.93,2.0,1.0,2.39,2.0,2.0,71051,442307,442151,3.4,81.68,6.23,3.0,2.0,2.07,2.0,2.0,2.83,2.0,2.0,3.39,2.0,3.0
vitals,map,"",99865,84361176,7965510,3.73,89.45,844.75,360.0,694.0,243.33,217.0,243.0,378.57,289.0,411.0,467.17,318.0,537.0,109057,11651841,11596598,3.08,73.97,106.84,49.0,79.0,38.85,29.0,24.0,57.23,44.0,43.0,68.54,47.0,58.0,115647,19708982,17666062,3.3,79.08,170.42,65.0,119.0,59.37,37.0,41.0,87.82,54.0,66.0,105.59,63.0,84.0,53694,4651885,4651834,3.1,74.41,86.64,47.0,67.0,33.22,27.0,20.0,49.0,41.0,36.0,58.52,44.0,50.0,57558,6064224,4224077,2.64,63.46,105.36,47.0,83.0,43.01,30.0,32.0,61.9,43.0,52.0,73.0,46.0,66.0,26464,4114033,3893696,4.48,107.53,155.46,60.0,132.0,41.59,31.0,28.0,65.43,49.0,55.0,81.97,55.0,78.0,155906,23215625,22400992,2.92,70.02,148.91,54.0,111.0,54.43,36.0,54.0,79.83,48.0,78.0,95.42,52.0,92.0,52873,7340335,6431944,3.66,87.86,138.83,63.0,105.0,41.31,29.0,28.0,64.74,49.0,49.0,79.91,58.0,66.0,49893,7952820,6724645,4.22,101.37,159.4,71.0,122.0,44.78,37.0,28.0,68.54,54.0,52.0,84.74,66.0,74.0,80368,8383432,8147395,3.09,74.05,104.31,51.0,80.0,33.77,27.0,14.0,52.27,47.0,33.0,63.6,51.0,52.0
vitals,temp_c,"",136766,59762287,6025303,3.52,84.39,436.97,152.0,288.0,123.05,76.0,82.0,189.68,120.0,134.0,234.79,143.0,178.0,108589,5117226,5083560,3.14,75.3,47.12,16.0,30.0,14.47,8.0,9.0,22.09,13.0,15.0,27.06,15.0,20.0,115267,8243769,8243496,3.32,79.63,71.52,18.0,42.0,22.54,7.0,12.0,34.49,13.0,20.0,42.24,17.0,26.0,53537,1493767,1493723,3.12,74.89,27.9,15.0,21.0,9.65,7.0,5.0,14.67,12.0,9.0,17.83,14.0,13.0,57352,2638147,2095805,2.67,64.11,46.0,14.0,31.0,16.58,7.0,9.0,25.23,12.0,16.0,30.58,14.0,21.0,41041,1936832,1927041,3.63,87.01,47.19,16.0,34.0,13.62,7.0,8.0,21.13,12.0,15.0,26.19,15.0,19.0,154935,7801587,7727913,2.95,70.82,50.35,13.0,28.0,16.58,7.0,7.0,25.5,11.0,12.0,31.11,13.0,17.0,53498,2433221,2433154,3.64,87.46,45.48,17.0,29.0,13.45,7.0,5.0,20.86,12.0,10.0,25.81,15.0,15.0,49570,2682591,2681442,4.26,102.17,54.12,17.0,38.0,13.03,7.0,9.0,21.16,11.0,16.0,26.91,14.0,21.0,79859,2261761,2261760,3.12,74.99,28.32,13.0,21.0,9.2,7.0,4.0,14.01,12.0,9.0,17.04,13.0,13.0
vitals,sbp,"",137346,198782991,18028764,3.48,83.61,1447.32,530.0,999.0,440.68,304.0,327.0,663.4,452.0,539.0,809.3,504.0,709.0,109057,13652052,11597042,3.08,73.97,125.18,54.0,92.0,45.95,34.0,32.0,67.51,48.0,58.0,80.77,52.0,72.0,115637,19184514,17538595,3.29,79.07,165.9,66.0,118.0,57.32,37.0,39.0,84.9,54.0,65.0,102.18,63.0,83.0,53708,4760620,4760568,3.1,74.38,88.64,48.0,68.0,33.98,27.0,21.0,50.08,41.0,37.0,59.81,45.0,50.0,57691,7343397,4622786,2.63,63.19,127.29,58.0,103.0,54.7,39.0,42.0,77.22,52.0,66.0,90.22,57.0,82.0,41165,6935186,5577464,3.61,86.59,168.47,73.0,139.0,50.59,38.0,35.0,77.94,57.0,65.0,95.92,69.0,91.0,155906,23231458,22412189,2.92,70.02,149.01,54.0,111.0,54.48,36.0,54.0,79.89,48.0,78.0,95.49,52.0,92.0,53598,8445672,7409731,3.61,86.53,157.57,72.0,118.0,47.12,34.0,31.0,73.75,54.0,54.0,90.95,68.0,74.0,49907,8055550,6819462,4.22,101.3,161.41,72.0,124.0,45.31,37.0,29.0,69.39,55.0,53.0,85.81,67.0,75.0,80361,8379722,8141984,3.09,74.05,104.28,51.0,80.0,33.77,27.0,14.0,52.26,47.0,33.0,63.59,51.0,52.0
