value,emory_probability,mimic_iv_probability,ucmc_probability
0.0,,0.003051438535309503,0.005508610546582522
0.01,0.0003256116848078891,,
0.02,0.0006047074146432227,,
0.03,0.0011163829193413341,,
0.04,0.0014885105591217788,,
0.05,0.0019536701088473346,,
0.06,0.0024188296585728906,,
0.07,0.0029770211182435576,,
0.08,0.003721276397804447,,
0.09,0.004744627407200669,,
0.1,0.006233137966322449,0.02301656495204882,0.06723981174457161
0.11,0.008465903805005117,,
0.12,0.010838217508605452,,
0.13,0.013303563122150898,,
0.14,0.0162340682854219,,
0.15,0.018931993673830125,,
0.16,0.023304493441250348,,
0.17,0.02772350916364313,,
0.18,0.03307284398548702,,
0.19,0.03865475858219369,,
0.2,0.04726021025211648,0.06573670444638187,0.21077120547652156
0.21,0.05363289608335659,,
0.22,0.062424411573169594,,
0.23,0.0716345706577356,,
0.24,0.07930970322820728,,
0.25,0.08740347939343195,,
0.26,0.09628802679319007,,
0.27,0.1065215368871523,,
0.28,0.11661549911619686,,
0.29,0.12675597730021398,,
0.3,0.13996650851241976,0.12197035745422842,0.36209755054016474
0.31,0.14973485905665643,,
0.32,0.16006140106056377,,
0.33,0.17122523025397712,,
0.34,0.18257512326728068,,
0.35,0.1940645641455019,,
0.36,0.20508884547399758,,
0.37,0.21713647781188947,,
0.38,0.22932365801469903,,
0.39,0.2410921946227556,,
0.4,0.25509349706949486,0.1849171752397559,0.48423628195528934
0.41,0.2670480974974416,,
0.42,0.27751418736626665,,
0.43,0.28839892082984464,,
0.44,0.2995162340682854,,
0.45,0.30961019629733,,
0.46,0.3199832542562099,,
0.47,0.331379663224486,,
0.48,0.34212484882314637,,
0.49,0.3519397153223556,,
0.5,0.363196576425714,0.24080209241499564,0.5757968766713017
0.51,0.3724997674202251,,
0.52,0.38077960740534006,,
0.53,0.3904549260396316,,
0.54,0.39910689366452695,,
0.55,0.4079449251093125,,
0.56,0.41762024374360407,,
0.57,0.42641175923341706,,
0.58,0.43492417899339475,,
0.59,0.4432970508884547,,
0.6,0.45376314075727975,0.2916303400174368,0.6432105037971976
0.61,0.460647502093218,,
0.62,0.468601730393525,,
0.63,0.4762303470090241,,
0.64,0.48381244766955067,,
0.65,0.4917201600148851,,
0.66,0.4989301330356312,,
0.67,0.506279653921295,,
0.68,0.51255930784259,,
0.69,0.5187924458089125,,
0.7,0.5262815145594939,0.3431560592850915,0.6938977430741256
0.71,0.5333984556702949,,
0.72,0.5400037212763978,,
0.73,0.5456786677830496,,
0.74,0.5505628430551679,,
0.75,0.5554005023723138,,
0.76,0.5610289329239929,,
0.77,0.5664712996557819,,
0.78,0.5723788259372965,,
0.79,0.5767513257047168,,
0.8,0.5831705274909293,0.3888404533565824,0.7324179056583592
0.81,0.5885198623127733,,
0.82,0.5925667503953856,,
0.83,0.597543957577449,,
0.84,0.6024746488045399,,
0.85,0.6075448878965485,,
0.86,0.6115452600241883,,
0.87,0.6161503395664713,,
0.88,0.6201972276490836,,
0.89,0.6245697274165039,,
0.9,0.6294073867336496,0.43269398430688755,0.7621537062787463
0.91,0.6329891152665365,,
0.92,0.6375011628988743,,
0.93,0.6415480509814866,,
0.94,0.6458275188389617,,
0.95,0.6495487952367662,,
0.96,0.6528049120848451,,
0.97,0.65689831612243,,
0.98,0.6613173318448228,,
0.99,0.6652246720625175,,
1.0,0.6687598846404317,0.47384481255448996,0.7871028987057439
1.01,0.6721555493534282,,
1.02,0.6753651502465345,,
1.03,0.6788538468694763,,
1.04,0.6817378360777747,,
1.05,0.6847613731509908,,
1.06,0.6874127825844265,,
1.07,0.6902967717927249,,
1.08,0.6931807610010233,,
1.09,0.6959252023444041,,
1.1,0.6989487394176203,0.5051438535309503,0.8057011445074339
1.11,0.7021583403107265,,
1.12,0.7042515582844916,,
1.13,0.706716903898037,,
1.14,0.7096008931063355,,
1.15,0.7124848823146339,,
1.16,0.7160666108475207,,
1.17,0.7185319564610662,,
1.18,0.7215554935342823,,
1.19,0.7236487115080472,,
1.2,0.7269513443110988,0.5388840453356583,0.8219729382821692
1.21,0.7296957856544795,,
1.22,0.7323006791329426,,
1.23,0.7347195087915155,,
1.24,0.737184854405061,,
1.25,0.7399758117034143,,
1.26,0.7429063168666853,,
1.27,0.7443483114708345,,
1.28,0.7461624337147642,,
1.29,0.7483021676435018,,
1.3,0.7509535770769374,0.5645161290322581,0.8357845758904696
1.31,0.7525816355009768,,
1.32,0.7543957577449065,,
1.33,0.756116848078891,,
1.34,0.7574658107730952,,
1.35,0.7592799330170248,,
1.36,0.7615126988557075,,
1.37,0.7632337891896921,,
1.38,0.7650013954786492,,
1.39,0.7663968741278259,,
1.4,0.7690017676062889,0.5914559721011334,0.8470290940207509
1.41,0.7710019536701088,,
1.42,0.7726300120941483,,
1.43,0.7742115545632152,,
1.44,0.7760721927621174,,
1.45,0.7776072192762118,,
1.46,0.7793283096101963,,
1.47,0.7810959158991534,,
1.48,0.7827704902781654,,
1.49,0.7842124848823147,,
1.5,0.7864917666759699,0.6155187445510026,0.857203979035191
1.51,0.7879802772350917,,
1.52,0.7894222718392409,,
1.53,0.7910038143083078,,
1.54,0.7925388408224021,,
1.55,0.7937947716066611,,
1.56,0.7953297981207554,,
1.57,0.7973299841845753,,
1.58,0.7984928830588892,,
1.59,0.7995627500232579,,
1.6,0.8010977765373523,0.6364428945074107,0.8656005989945449
1.61,0.8024002232765839,,
1.62,0.8036561540608429,,
1.63,0.8050981486649921,,
1.64,0.8064005954042236,,
1.65,0.8075634942785376,,
1.66,0.8084938133779886,,
1.67,0.8093311005674947,,
1.68,0.8109126430365615,,
1.69,0.8120755419108754,,
1.7,0.81379663224486,0.6554489973844813,0.8730479195635897
1.71,0.8148664992092287,,
1.72,0.8159828821285701,,
1.73,0.817145781002884,,
1.74,0.8182156479672528,,
1.75,0.8193785468415666,,
1.76,0.8206809935807983,,
1.77,0.8218904084100846,,
1.78,0.8228207275095357,,
1.79,0.8238905944739046,,
1.8,0.8256116848078892,0.672972972972973,0.8799069419189218
1.81,0.826774583682203,,
1.82,0.8273792910968463,,
1.83,0.8282630942413248,,
1.84,0.8295655409805563,,
1.85,0.8302167643501721,,
1.86,0.830961019629733,,
1.87,0.8319378546841567,,
1.88,0.832635594008745,,
1.89,0.8336589450181412,,
1.9,0.8346822960275374,0.6870967741935484,0.8866188897208258
1.91,0.8354730672620709,,
1.92,0.836403386361522,,
1.93,0.8372871895060006,,
1.94,0.8381244766955066,,
1.95,0.8387291841101497,,
1.96,0.8396595032096009,,
1.97,0.8404037584891618,,
1.98,0.8412875616336404,,
1.99,0.8419853009582287,,
2.0,0.8430086519676249,0.7010462074978204,0.8926756872392769
2.01,0.8438924551121034,,
2.02,0.8447297423016095,,
2.03,0.8455670294911155,,
2.04,0.8464973485905666,,
2.05,0.8473811517350451,,
2.06,0.8481719229695786,,
2.07,0.848962694204112,,
2.08,0.8496604335287004,,
2.09,0.8503581728532886,,
2.1,0.8515210717276026,0.7149084568439407,0.8983581131671836
2.11,0.8522653270071635,,
2.12,0.8525444227369988,,
2.13,0.8531956461066146,,
2.14,0.8540329332961206,,
2.15,0.8546841566657364,,
2.16,0.8553353800353521,,
2.17,0.8557540236301051,,
2.18,0.8564517629546935,,
2.19,0.8571960182342544,,
2.2,0.8580333054237603,0.7262423714036618,0.9026901272863408
2.21,0.8586845287933761,,
2.22,0.859335752162992,,
2.23,0.8600800074425528,,
2.24,0.8605916829472509,,
2.25,0.8610103265420039,,
2.26,0.8614754860917294,,
2.27,0.8622197413712903,,
2.28,0.8629639966508512,,
2.29,0.8632896083356592,,
2.3,0.8638477997953298,0.7382737576285964,0.9074098834099904
2.31,0.8644059912550005,,
2.32,0.8650572146246163,,
2.33,0.8654293422643967,,
2.34,0.8661735975439576,,
2.35,0.8667783049586008,,
2.36,0.867383012373244,,
2.37,0.8678016559679971,,
2.38,0.8683598474276677,,
2.39,0.8687319750674481,,
2.4,0.8693366824820914,0.7507410636442895,0.9116750454594075
2.41,0.8700344218066797,,
2.42,0.8708717089961857,,
2.43,0.8713368685459113,,
2.44,0.8718485440506094,,
2.45,0.8721741557354172,,
2.46,0.8729184110149781,,
2.47,0.8736161503395665,,
2.48,0.8739882779793469,,
2.49,0.8749651130337706,,
2.5,0.875662852358359,0.7621621621621621,0.9157129104717082
2.51,0.876174527863057,,
2.52,0.8766396874127825,,
2.53,0.876918783142618,,
2.54,0.8773839426923434,,
2.55,0.8778025862870965,,
2.56,0.8782212298818495,,
2.57,0.8785468415666574,,
2.58,0.8789189692064379,,
2.59,0.8791980649362732,,
2.6,0.8798027723509164,0.7717523975588492,0.9194432559632046
2.61,0.8804074797655596,,
2.62,0.8809191552702577,,
2.63,0.8812912829100381,,
2.64,0.8815703786398735,,
2.65,0.8822216020094893,,
2.66,0.8826867615592148,,
2.67,0.8831984370639129,,
2.68,0.8835705647036933,,
2.69,0.8841752721183366,,
2.7,0.8846869476230347,0.7815170008718396,0.9223312653759761
2.71,0.8851055912177876,,
2.72,0.8856637826774584,,
2.73,0.8861754581821565,,
2.74,0.8865010698669644,,
2.75,0.8869197134617174,,
2.76,0.8872453251465252,,
2.77,0.8878035166061959,,
2.78,0.8881756442459764,,
2.79,0.8885942878407294,,
2.8,0.8891989952553726,0.7913687881429817,0.9258610546582522
2.81,0.8895246069401804,,
2.82,0.8896641548050982,,
2.83,0.8902688622197413,,
2.84,0.8906409898595218,,
2.85,0.8909200855893572,,
2.86,0.8911991813191925,,
2.87,0.8915247930040003,,
2.88,0.8919899525537259,,
2.89,0.8923155642385339,,
2.9,0.8926876918783143,0.7999128160418483,0.929016472349984
2.91,0.8929667876081496,,
2.92,0.8932923992929575,,
2.93,0.8939901386175458,,
2.94,0.8945018141222439,,
2.95,0.8949669736719695,,
2.96,0.895432133221695,,
2.97,0.8958507768164481,,
2.98,0.8963624523211462,,
2.99,0.8968276118708717,,
3.0,0.8973858033305424,0.8092414995640802,0.9316905551395871
3.01,0.8977114150153502,,
3.02,0.8978974788352405,,
3.03,0.8982230905200483,,
3.04,0.8985952181598288,,
3.05,0.8989208298446367,,
3.06,0.8992929574844172,,
3.07,0.8996650851241976,,
3.08,0.8998046329891153,,
3.09,0.9001302446739231,,
3.1,0.9006419201786212,0.8159546643417611,0.9342175633757621
3.11,0.9011070797283468,,
3.12,0.9011535956833194,,
3.13,0.9016187552330449,,
3.14,0.902037398827798,,
3.15,0.9022699786026607,,
3.16,0.9025955902874686,,
3.17,0.9028746860173039,,
3.18,0.9031072657921667,,
3.19,0.90371197320681,,
3.2,0.9041771327565354,0.8238884045335658,0.9370253503048455
3.21,0.9044097125313982,,
3.22,0.9048748720811238,,
3.23,0.904967903991069,,
3.24,0.9052469997209043,,
3.25,0.9055726114057122,,
3.26,0.9058517071355475,,
3.27,0.9060377709554377,,
3.28,0.9061773188203553,,
3.29,0.9065029305051633,,
3.3,0.9070611219648339,0.8306887532693984,0.9393116910899562
3.31,0.9074332496046144,,
3.32,0.9078518931993674,,
3.33,0.9081775048841753,,
3.34,0.908828728253791,,
3.35,0.9092938878035166,,
3.36,0.9097125313982696,,
3.37,0.91008465903805,,
3.38,0.9105498185877756,,
3.39,0.9111080100474462,,
3.4,0.911340589822309,0.8381865736704447,0.9414375869076906
3.41,0.9116196855521443,,
3.42,0.9119452972369523,,
3.43,0.9121313610568424,,
3.44,0.9122709089217602,,
3.45,0.9126430365615406,,
3.46,0.9128291003814308,,
3.47,0.9130616801562936,,
3.48,0.9135268397060191,,
3.49,0.9138989673457996,,
3.5,0.914178063075635,0.8446381865736704,0.9436838164509573
3.51,0.9147362545353056,,
3.52,0.9148758024002233,,
3.53,0.9151548981300586,,
3.54,0.9153409619499489,,
3.55,0.915527025769839,,
3.56,0.915852637454647,,
3.57,0.9164108289143176,,
3.58,0.916782956554098,,
3.59,0.9170155363289608,,
3.6,0.9175272118336589,0.8501307759372275,0.9455021927478875
3.61,0.9176667596985766,,
3.62,0.9177597916085217,,
3.63,0.9180854032933297,,
3.64,0.9182249511582473,,
3.65,0.9185970787980278,,
3.66,0.9189226904828356,,
3.67,0.9193878500325612,,
3.68,0.919620429807424,,
3.69,0.9199460414922318,,
3.7,0.9202716531770397,0.8567567567567568,0.9473874211145578
3.71,0.9205042329519025,,
3.72,0.9210624244115732,,
3.73,0.9216206158712439,,
3.74,0.9218531956461066,,
3.75,0.9224113871057773,,
3.76,0.9226904828356126,,
3.77,0.9229230626104754,,
3.78,0.9231556423853382,,
3.79,0.9234347381151735,,
3.8,0.9238998976648991,0.8618134263295554,0.9492459086533319
3.81,0.9241789933947344,,
3.82,0.9245511210345149,,
3.83,0.924737184854405,,
3.84,0.9248767327193227,,
3.85,0.9251093124941855,,
3.86,0.9253884082240208,,
3.87,0.9255744720439111,,
3.88,0.9257605358638012,,
3.89,0.9258535677737464,,
3.9,0.9261791794585543,0.8683522231909329,0.9514921381965986
3.91,0.9264582751883896,,
3.92,0.9266443390082798,,
3.93,0.9267838868731975,,
3.94,0.9270164666480603,,
3.95,0.9272955623778956,,
3.96,0.9274816261977858,,
3.97,0.927667690017676,,
3.98,0.9279002697925388,,
3.99,0.927993301702484,,
4.0,0.9283189133872919,0.8734960767218831,0.9533506257353728
4.01,0.9284584612522095,,
4.02,0.9285980091171272,,
4.03,0.9287375569820449,,
4.04,0.9289701367569076,,
4.05,0.9292957484417155,,
4.06,0.9293422643966881,,
4.07,0.9296678760814959,,
4.08,0.9298539399013862,,
4.09,0.9303656154060843,,
4.1,0.930505163271002,0.8788142981691369,0.9551021499625628
4.11,0.9305981951809471,,
4.12,0.9306912270908921,,
4.13,0.9309238068657549,,
4.14,0.9310168387757001,,
4.15,0.9311563866406177,,
4.16,0.9314819983254257,,
4.17,0.9316215461903433,,
4.18,0.9318076100102335,,
4.19,0.9319006419201786,,
4.2,0.9320867057400688,0.8837837837837837,0.9567600812921168
4.21,0.9321797376500139,,
4.22,0.9325053493348219,,
4.23,0.93301702483952,,
4.24,0.9330635407944925,,
4.25,0.933110056749465,,
4.26,0.9335287003442181,,
4.27,0.9335752162991906,,
4.28,0.9337147641641083,,
4.29,0.9340868918038887,,
4.3,0.9342264396688064,0.8881429816913687,0.9584581238635148
4.31,0.9344590194436692,,
4.32,0.9347381151735045,,
4.33,0.9352032747232301,,
4.34,0.9353893385431203,,
4.35,0.9355754023630105,,
4.36,0.9359010140478184,,
4.37,0.9362266257326263,,
4.38,0.9363196576425714,,
4.39,0.9364126895525166,,
4.4,0.9366917852823519,0.8934612031386225,0.9599957214675366
4.41,0.9369708810121872,,
4.42,0.9372964926969951,,
4.43,0.9374360405619128,,
4.44,0.9376686203367756,,
4.45,0.9379477160666109,,
4.46,0.938133779886501,,
4.47,0.9382733277514187,,
4.48,0.9383663596613638,,
4.49,0.9385059075262815,,
4.5,0.9387384873011443,0.8971229293809939,0.9614263557599744
4.51,0.9391571308958973,,
4.52,0.9392966787608149,,
4.53,0.93938971067076,,
4.54,0.9396222904456228,,
4.55,0.939715322355568,,
4.56,0.9398083542655131,,
4.57,0.9399479021304308,,
4.58,0.9400874499953484,,
4.59,0.9401804819052935,,
4.6,0.9404130616801563,0.9012205754141238,0.9626965450850359
4.61,0.9405991255000465,,
4.62,0.9407386733649642,,
4.63,0.9408317052749093,,
4.64,0.941064285049772,,
4.65,0.9411108010047446,,
4.66,0.9412503488696623,,
4.67,0.9413433807796074,,
4.68,0.9415759605544702,,
4.69,0.9417620243743604,,
4.7,,0.9041848299912816,0.9643678468285378
4.71,0.9420411201041957,,
4.72,0.942320215834031,,
4.73,0.9423667317890037,,
4.74,0.9425527956088938,,
4.75,0.9426923434738115,,
4.76,0.9427388594287841,,
4.77,0.9429714392036469,,
4.78,0.9431575030235371,,
4.79,0.9432505349334822,,
4.8,0.9436691785282352,0.9074978204010462,0.9656380361535993
4.81,0.9437156944832077,,
4.82,0.9439482742580705,,
4.83,0.9442738859428784,,
4.84,0.9444599497627686,,
4.85,0.9445529816727137,,
4.86,0.9446925295376314,,
4.87,0.944832077402549,,
4.88,0.9448785933575217,,
4.89,0.945157689087357,,
4.9,0.9452972369522746,0.9102005231037489,0.9669349663065568
4.91,0.9454833007721648,,
4.92,0.9456228486370826,,
4.93,0.9458089124569727,,
4.94,0.9459949762768629,,
4.95,0.9463205879616708,,
4.96,0.9463671039166434,,
4.97,0.9465996836915062,,
4.98,0.9467392315564238,,
4.99,0.9469252953763141,,
5.0,0.9470183272862592,0.9136878814298169,0.9682586372874105
5.01,0.9472974230160945,,
5.02,0.9476230347009024,,
5.03,0.94776258256582,,
5.04,0.9479021304307378,,
5.05,0.9481347102056005,,
5.06,0.9482742580705182,,
5.07,0.9483207740254908,,
5.08,0.9485998697553261,,
5.1,0.9487394176202437,0.9161290322580645,0.9695154561985239
5.11,0.9488324495301889,,
5.12,0.9489719973951065,,
5.13,0.9491580612149968,,
5.14,0.9492510931249418,,
5.15,0.9494836728998046,,
5.16,0.9496232207647223,,
5.17,0.9500418643594754,,
5.18,0.9501348962694204,,
5.19,0.9502279281793655,,
5.2,0.9504139919992557,0.9182214472537054,0.9706653117980533
5.21,0.9505535398641735,,
5.22,0.9506930877290911,,
5.23,0.9508791515489813,,
5.24,0.9509721834589264,,
5.25,0.9511117313238441,,
5.26,0.9512047632337892,,
5.27,0.9512977951437342,,
5.28,0.951530374918597,,
5.29,0.9516699227835147,,
5.3,0.951855986603405,0.9208369659982564,0.9717349449138946
5.31,0.9519490185133501,,
5.32,0.9520885663782678,,
5.33,0.9522281142431854,,
5.34,0.9525537259279933,,
5.35,0.9526467578379384,,
5.36,0.952693273792911,,
5.37,0.9528793376128012,,
5.38,0.9530188854777188,,
5.39,0.9533444971625268,,
5.4,0.9533910131174993,0.922667829119442,0.9727912076157877
5.41,0.9535770769373896,,
5.42,0.9539026886221974,,
5.43,0.9540887524420877,,
5.44,0.9542748162619779,,
5.46,0.9545073960368406,,
5.47,0.9546934598567308,,
5.48,0.954786491766676,,
5.49,0.9549260396315936,,
5.5,0.9551121034514839,0.9255448997384481,0.9739143223874211
5.51,0.9552981672713741,,
5.52,0.9553446832263467,,
5.54,0.9554377151362917,,
5.55,0.955623778956182,,
5.56,0.9558098427760722,,
5.57,0.9559959065959625,,
5.58,0.9560889385059075,,
5.59,0.9563215182807703,,
5.6,0.9563680342357429,0.9281604184829991,0.9751042892287946
5.61,0.9566471299655782,,
5.63,0.9566936459205507,,
5.64,0.9568331937854684,,
5.65,0.9569262256954135,,
5.66,0.956972741650386,,
5.67,0.9570657735603312,,
5.69,0.957298353335194,,
5.7,0.9575309331100568,0.9306015693112467,0.9760669590330516
5.71,0.9577169969299469,,
5.72,0.9578100288398921,,
5.73,0.9579495767048097,,
5.74,0.9581356405247,,
5.75,0.958228672434645,,
5.76,0.9582751883896177,,
5.77,0.9585077681644805,,
5.78,0.9586473160293981,,
5.79,0.9589264117592334,,
5.8,0.9591124755791236,0.9329555361813426,0.9769226655257247
5.81,0.9592520234440413,,
5.82,0.9594380872639315,,
5.83,0.9596706670387943,,
5.84,0.9597171829937668,,
5.85,0.9599032468136571,,
5.86,0.9601823425434924,,
5.87,0.9602753744534376,,
5.88,0.9603218904084101,,
5.89,0.9603684063633826,,
5.9,0.9605544701832729,0.9350479511769835,0.9777382607765537
5.91,0.9607405340031631,,
5.92,0.9608335659131082,,
5.93,0.961066145687971,,
5.94,0.9611591775979161,,
5.95,0.9613452414178063,,
5.96,0.9615778211926691,,
5.97,0.9617173690575868,,
5.98,0.9619034328774769,,
5.99,0.9620894966973672,,
6.0,0.9621825286073123,0.9374891020052311,0.9786073376831746
6.01,0.96232207647223,,
6.02,0.962415108382175,,
6.03,0.9625081402921202,,
6.04,0.9626011722020653,,
6.05,0.9626942041120105,,
6.06,0.962740720066983,,
6.07,0.9628802679319006,,
6.08,0.9629267838868732,,
6.09,0.9631128477067634,,
6.1,0.9634384593915714,0.9391455972101134,0.9793427104503155
6.11,0.963578007256489,,
6.12,0.9637175551214067,,
6.13,0.9638571029863243,,
6.15,0.9640431668062145,,
6.16,0.9642757465810773,,
6.17,0.9644152944459949,,
6.18,0.9645083263559401,,
6.19,0.9646013582658852,,
6.2,0.9647409061308029,0.9408892763731473,0.9803454914964167
6.21,0.964833938040748,,
6.22,0.964926969950693,,
6.23,0.9651130337705833,,
6.24,0.9651595497255558,,
6.25,0.9652990975904735,,
6.27,0.9653921295004186,,
6.28,0.9654851614103638,,
6.29,0.9656247092752814,,
6.3,,0.941848299912816,0.9810674938496096
6.31,0.9657177411852266,,
6.32,0.9657642571401991,,
6.33,0.9659503209600893,,
6.35,0.966182900734952,,
6.36,0.9662759326448972,,
6.38,0.9663689645548423,,
6.39,0.9666015443297051,,
6.4,0.9667410921946228,0.9439407149084569,0.9819365707562306
6.41,0.966927156014513,,
6.42,0.9669736719694856,,
6.43,0.9670201879244581,,
6.45,0.9671597357893758,,
6.46,0.967345799609266,,
6.48,0.9673923155642385,,
6.49,0.9674388315192111,,
6.5,,0.9459459459459459,0.9827254251791635
6.51,0.9676248953391013,,
6.52,0.9678574751139641,,
6.53,0.9679505070239092,,
6.54,0.9680435389338543,,
6.55,0.9680900548888268,,
6.57,0.9682296027537446,,
6.58,0.9683691506186622,,
6.59,0.9684621825286073,,
6.6,0.9685086984835799,0.9475152571926766,0.9836747245694727
6.61,0.9685552144385524,,
6.64,0.9686017303935249,,
6.67,0.9687877942134152,,
6.68,0.9688343101683877,,
6.69,0.9691599218531957,,
6.7,0.9692994697181133,0.9493461203138622,0.9844100973366136
6.71,0.9693925016280585,,
6.72,0.9695320494929761,,
6.73,0.9697181133128663,,
6.74,0.9698111452228114,,
6.75,0.9699041771327566,,
6.76,0.9699972090427016,,
6.77,0.9700437249976742,,
6.78,0.9701832728625919,,
6.79,0.9702297888175644,,
6.8,0.970369336682482,0.9509154315605929,0.9851588405177024
6.81,0.9704623685924272,,
6.82,0.9706484324123175,,
6.83,0.97069494836729,,
6.84,0.9707414643222625,,
6.85,0.9708810121871801,,
6.86,0.9709275281421528,,
6.87,0.9710670760070704,,
6.88,0.9711135919620429,,
6.89,0.9712066238719881,,
6.9,0.9713461717369057,0.9517872711421098,0.9859075836987913
6.91,0.9713926876918784,,
6.92,0.9715787515117685,,
6.93,0.9717182993766862,,
6.94,0.9718113312866313,,
6.96,0.9719043631965765,,
6.97,0.971950879151549,,
6.98,0.9719973951065215,,
6.99,0.9720904270164666,,
7.0,0.9721369429714392,0.9532693984306888,0.9866162156380361
7.01,0.9722299748813843,,
7.02,0.972369522746302,,
7.03,0.9724160387012746,,
7.07,0.9725090706112196,,
7.08,0.9726486184761373,,
7.09,0.9728811982510001,,
7.1,0.9729277142059727,0.9542284219703574,0.9870975505401647
7.11,0.9729742301609452,,
7.13,0.9730672620708903,,
7.14,0.9731602939808355,,
7.15,0.9732998418457531,,
7.16,0.9734393897106708,,
7.17,0.9734859056656433,,
7.18,0.9735324216206158,,
7.19,0.973625453530561,,
7.2,,0.9556233653007846,0.9876591079259814
7.21,0.9736719694855336,,
7.22,0.9737650013954786,,
7.23,0.9739045492603963,,
7.24,0.9739510652153689,,
7.25,0.9740906130802865,,
7.26,0.9742301609452042,,
7.27,0.9742766769001767,,
7.28,0.9743231928551493,,
7.29,0.9744162247650944,,
7.3,0.9746022885849847,0.9574542284219704,0.9880735907583699
7.31,0.9746953204949298,,
7.32,0.9747418364499023,,
7.33,0.9748348683598475,,
7.34,0.9750209321797376,,
7.35,0.9751139640896828,,
7.36,0.9751604800446553,,
7.37,0.9752069959996279,,
7.38,0.9753465438645456,,
7.4,0.9753930598195181,0.9588491717523976,0.9887153706278746
7.42,0.9754395757744907,,
7.43,0.9755326076844357,,
7.44,0.9756256395943809,,
7.45,0.9758117034142711,,
7.47,0.9758582193692437,,
7.49,0.9759047353242162,,
7.5,0.9760442831891338,0.9598081952920663,0.9892368167718473
7.51,0.976137315099079,,
7.52,0.9762768629639966,,
7.54,0.9763233789189693,,
7.56,0.9763698948739418,,
7.59,0.9764164108289143,,
7.6,0.9764629267838869,0.9611159546643417,0.9896245587763397
7.61,0.9765094427388594,,
7.62,0.9766024746488046,,
7.63,0.9766955065587497,,
7.64,0.9767420225137222,,
7.65,0.9768350544236674,,
7.66,0.9769280863336124,,
7.67,0.976974602288585,,
7.68,0.9770211182435575,,
7.69,0.97706763419853,,
7.7,0.9771141501535027,0.9616390584132519,0.9900657824366242
7.71,0.9771606661084752,,
7.73,0.9772536980184203,,
7.74,0.9773002139733928,,
7.76,0.9773467299283655,,
7.77,0.977393245883338,,
7.78,0.9774397618383105,,
7.8,,0.9627724498692241,0.9905203765108568
7.81,0.9775793097032283,,
7.82,0.9776723416131733,,
7.84,0.9777188575681459,,
7.85,0.977811889478091,,
7.86,0.9779049213880361,,
7.88,0.9779979532979812,,
7.89,0.9780444692529537,,
7.9,0.9780909852079264,0.9643417611159547,0.9909616001711413
7.93,0.9781375011628989,,
7.94,0.9782770490278165,,
7.96,0.9784165968927342,,
7.98,0.9785561447576518,,
8.0,0.978649176667597,0.9655623365300785,0.9913493421756338
8.01,0.9787422085775421,,
8.02,0.9788352404874872,,
8.03,0.9788817564424598,,
8.04,0.9789282723974323,,
8.06,0.9789747883524049,,
8.07,0.9790213043073774,,
8.08,0.97906782026235,,
8.09,0.9792073681272676,,
8.1,,0.9664341761115954,0.9916033800406461
8.11,0.9792538840822402,,
8.12,0.9793004000372127,,
8.13,0.9793934319471579,,
8.14,0.9794399479021304,,
8.15,0.979486463857103,,
8.16,0.9795794957670481,,
8.17,0.9796260117220207,,
8.18,0.9796725276769932,,
8.19,0.9797190436319657,,
8.2,0.9797655595869383,0.967131647776809,0.9919777516311905
8.23,0.9798120755419109,,
8.25,0.9799516234068285,,
8.26,0.9799981393618011,,
8.27,0.9800446553167736,,
8.29,0.9800911712717462,,
8.3,,0.9681778552746295,0.9922585303240988
8.32,0.9801376872267188,,
8.33,0.9802772350916364,,
8.34,0.9803702670015816,,
8.36,0.9804167829565541,,
8.37,0.9805098148664992,,
8.38,0.9805563308214718,,
8.4,0.9806028467764443,0.9695727986050566,0.9925125681891112
8.41,0.9806493627314169,,
8.43,0.980742394641362,,
8.46,0.9808354265513071,,
8.47,0.9808819425062797,,
8.48,0.9809284584612522,,
8.49,0.9810214903711973,,
8.5,,0.970357454228422,0.9927666060541235
8.51,0.9811145222811425,,
8.52,0.981161038236115,,
8.53,0.9812075541910875,,
8.54,0.9812540701460601,,
8.55,0.9813005861010327,,
8.56,0.9813471020560052,,
8.58,0.9813936180109778,,
8.6,,0.9714036617262424,0.9931276072307199
8.61,0.9814866499209228,,
8.63,0.9815331658758955,,
8.65,0.9816261977858406,,
8.67,0.9816727137408131,,
8.68,0.9817192296957856,,
8.69,0.9819052935156759,,
8.7,0.9820448413805936,0.9724498692240627,0.9934484971654722
8.71,0.9821378732905387,,
8.72,0.9821843892455112,,
8.73,0.9822309052004837,,
8.75,0.9822774211554564,,
8.76,0.9823704530654014,,
8.8,0.982416969020374,0.9734088927637314,0.9937560166862766
8.82,0.9824634849753465,,
8.83,0.9825565168852917,,
8.85,0.9826495487952368,,
8.88,0.9826960647502093,,
8.9,0.9827890966601545,0.9737576285963383,0.994117017862873
8.94,0.9828821285700995,,
8.96,0.9829751604800446,,
9.0,0.9830216764350173,0.9741935483870968,0.9944913894534175
9.02,0.9831612242999349,,
9.03,0.9832542562098799,,
9.07,0.9833938040747977,,
9.08,0.9834403200297702,,
9.09,0.9834868359847427,,
9.1,,0.974716652136007,0.9948122793881699
9.14,0.9835333519397154,,
9.16,0.9836263838496604,,
9.2,,0.9755884917175239,0.9950930580810782
9.26,0.983672899804633,,
9.27,0.983765931714578,,
9.29,0.9838589636245232,,
9.3,,0.9766346992153444,0.9952936142902984
9.31,0.9839054795794958,,
9.32,0.9839985114894408,,
9.34,0.9840450274444135,,
9.4,0.984091543399386,0.9774193548387097,0.9955610225692587
9.44,0.9842310912643036,,
9.47,0.9842776072192763,,
9.48,0.9843706391292213,,
9.5,,0.9775065387968613,0.9956947267087389
9.56,0.9844636710391664,,
9.59,0.9845567029491116,,
9.6,,0.9780296425457716,0.995841801262167
9.61,0.9846032189040841,,
9.64,0.9846497348590566,,
9.65,0.9846962508140292,,
9.68,0.9847427667690017,,
9.7,,0.9786399302528335,0.9960690982992834
9.71,0.9848357986789469,,
9.74,0.9848823146339194,,
9.75,0.984928830588892,,
9.76,0.9849753465438645,,
9.77,0.985021862498837,,
9.8,,0.979075850043592,0.9962429136806076
9.82,0.9850683784538097,,
9.84,0.9851148944087822,,
9.85,0.9851614103637548,,
9.9,,0.9798605056669573,0.9963231361642957
9.91,0.9852079263187273,,
9.93,0.9852544422736998,,
9.94,0.985347474183645,,
9.95,0.9853939901386175,,
9.97,0.9854405060935901,,
10.0,,0.9804707933740192,0.9964300994758798
10.01,0.9854870220485626,,
10.06,0.9855335380035352,,
10.1,,0.9809067131647777,0.9964835811316718
10.11,0.9855800539585078,,
10.14,0.9856265699134803,,
10.15,0.9856730858684529,,
10.2,,0.9814298169136879,0.9966841373408921
10.25,0.9857196018234254,,
10.27,0.9858126337333706,,
10.28,0.9858591496883431,,
10.3,,0.9815170008718396,0.9968178414803722
10.32,0.9859056656433156,,
10.34,0.9859521815982882,,
10.36,0.9859986975532608,,
10.39,0.9860917294632059,,
10.4,0.9861382454181784,0.9823016564952048,0.9969248047919563
10.41,0.986184761373151,,
10.43,0.9862312773281235,,
10.46,0.9862777932830961,,
10.47,0.9863243092380687,,
10.48,0.9863708251930412,,
10.5,,0.9826503923278117,0.9970050272756444
10.52,0.9864173411480137,,
10.55,0.9864638571029863,,
10.58,0.9865103730579589,,
10.59,0.9865568890129315,,
10.6,,0.9829119442022668,0.9971119905872285
10.65,0.986603404967904,,
10.66,0.9866499209228765,,
10.67,0.9866964368778491,,
10.68,0.9867429528328217,,
10.7,,0.983435047951177,0.9971788426569687
10.74,0.9867894687877942,,
10.75,0.9868359847427668,,
10.78,0.9868825006977393,,
10.8,,0.9836094158674804,0.9972858059685528
10.82,0.9869755326076844,,
10.84,0.987022048562657,,
10.86,0.9871150804726021,,
10.9,,0.9841325196163906,0.9973793988661889
10.93,0.9871615964275746,,
10.94,0.9872081123825472,,
10.96,0.9872546283375198,,
10.98,0.9873011442924923,,
10.99,0.9873476602474649,,
11.0,,0.9843940714908457,0.9975264734196171
11.04,0.9873941762024374,,
11.06,0.98744069215741,,
11.1,,0.9845684394071491,0.9975799550754091
11.11,0.9874872081123826,,
11.12,0.9875337240673551,,
11.14,0.9875802400223277,,
11.16,0.9876267559773002,,
11.2,0.9876732719322727,0.9846556233653008,0.9977002888009413
11.22,0.9877197878872453,,
11.23,0.9877663038422179,,
11.25,0.9878128197971905,,
11.3,,0.9849171752397559,0.9977805112846294
11.33,0.987859335752163,,
11.35,0.9879523676621081,,
11.36,0.9879988836170807,,
11.38,0.9880453995720532,,
11.4,,0.985178727114211,0.9978339929404214
11.44,0.9880919155270258,,
11.5,0.9881384314819983,0.9857890148212729,0.9979008450101615
11.53,0.9881849474369708,,
11.54,0.9882314633919435,,
11.57,0.988277979346916,,
11.6,,0.986050566695728,0.9979810674938496
11.63,0.9883244953018886,,
11.7,0.9883710112568611,0.9865736704446382,0.9980211787356936
11.8,,0.9866608544027898,0.9980746603914857
11.83,0.9884640431668062,,
11.84,0.9885105591217788,,
11.89,0.9886035910317239,,
11.9,0.9886501069866964,0.9867480383609416,0.9982217349449138
12.0,0.9887431388966416,0.9872711421098518,0.998275216600706
12.07,0.9887896548516141,,
12.09,0.9888826867615592,,
12.1,0.9889292027165317,0.9877070619006103,0.9983420686704461
12.15,0.9889757186715044,,
12.2,0.9890222346264769,,0.9984222911541342
12.22,0.9890687505814494,,
12.26,0.989115266536422,,
12.27,0.9891617824913945,,
12.29,0.9892082984463672,,
12.3,,0.9878814298169137,0.9985025136378223
12.31,0.9893013303563122,,
12.32,0.9893943622662573,,
12.34,0.9894408782212298,,
12.38,0.9894873941762025,,
12.4,0.989533910131175,0.9882301656495205,0.9985827361215103
12.44,0.9896269420411201,,
12.45,0.9897664899060378,,
12.49,0.9898130058610103,,
12.5,,0.9885789014821272,0.9986228473633544
12.53,0.9898595218159829,,
12.59,0.9899060377709554,,
12.6,,0.988666085440279,
12.65,0.9899525537259279,,
12.69,0.9899990696809006,,
12.7,,0.9890148212728858,0.9986629586051984
12.74,0.9900921015908457,,
12.75,0.9901386175458182,,
12.79,0.9901851335007907,,
12.8,0.9902316494557634,0.9892763731473408,0.9987030698470425
12.81,0.9902781654107359,,
12.82,0.9903246813657084,,
12.87,0.990371197320681,,
12.88,0.9904177132756535,,
12.89,0.9904642292306262,,
12.9,,0.9893635571054926,0.9987565515028345
12.92,0.9905572611405712,,
12.93,0.9906037770955438,,
12.96,0.9906968090054888,,
12.99,0.9907433249604615,,
13.0,,0.9895379250217959,0.9987832923307306
13.01,0.9908363568704065,,
13.06,0.9908828728253791,,
13.08,0.9909293887803516,,
13.1,,0.9897994768962511,0.9988501444004706
13.14,0.9909759047353243,,
13.17,0.9910224206902968,,
13.2,,,0.9989036260562627
13.22,0.9910689366452693,,
13.3,,0.9903225806451613,0.9989704781260028
13.32,0.9911619685552144,,
13.36,0.991208484510187,,
13.38,0.9912550004651596,,
13.39,0.9913015164201321,,
13.4,,0.9904969485614646,0.9990373301957428
13.41,0.9913945483300772,,
13.47,0.9914410642850497,,
13.48,0.9914875802400224,,
13.5,,0.9906713164777681,0.9990507006096909
13.51,0.9915340961949949,,
13.52,0.9915806121499674,,
13.58,0.99162712810494,,
13.6,,0.9908456843940715,0.9990774414375869
13.63,0.9916736440599125,,
13.66,0.991720160014885,,
13.68,0.9917666759698577,,
13.69,0.9918131919248302,,
13.7,0.9919062238347753,0.9911072362685266,
13.72,0.9919527397897479,,
13.74,0.9919992557447205,,
13.77,0.992045771699693,,
13.78,0.9920922876546655,,
13.79,0.9921388036096381,,
13.8,,,0.999144293507327
13.82,0.9921853195646106,,
13.84,0.9922318355195833,,
13.89,0.9923248674295283,,
13.9,0.9923713833845009,0.99128160418483,0.999184404749171
13.91,0.992464415294446,,
13.95,0.9925109312494186,,
14.0,,0.9915431560592851,0.999197775163119
14.01,0.9925574472043911,,
14.06,0.9926039631593636,,
14.07,0.9926969950693088,,
14.08,0.9927435110242814,,
14.1,,0.9916303400174368,0.999211145577067
14.15,0.9928365429342264,,
14.16,0.992883058889199,,
14.17,0.9929295748441715,,
14.18,0.9929760907991441,,
14.19,0.9930226067541167,,
14.2,,0.9919790758500436,0.9992378864049631
14.22,0.9930691227090892,,
14.23,0.9931156386640618,,
14.24,0.9931621546190343,,
14.28,0.9932086705740069,,
14.3,0.9932551865289795,0.992153443766347,0.9992646272328591
14.33,0.993301702483952,,
14.34,0.9933947343938971,,
14.4,,0.9922406277244987,0.9993047384747031
14.43,0.9934412503488697,,
14.44,0.9934877663038422,,
14.45,0.9935342822588148,,
14.5,,0.9923278116826504,0.9993715905444432
14.52,0.9936273141687599,,
14.56,0.9936738301237324,,
14.57,0.993720346078705,,
14.6,,0.9925021795989538,0.9993983313723392
14.64,0.9937668620336776,,
14.67,0.9938133779886501,,
14.7,,0.9926765475152572,0.9994384426141834
14.74,0.9938598939436226,,
14.75,0.9939064098985952,,
14.76,0.9939529258535678,,
14.78,0.9940459577635129,,
14.8,,0.9931124673060157,0.9994919242699754
14.83,0.9940924737184854,,
14.9,0.9941855056284306,0.9931996512641674,0.9995052946839235
14.96,0.9942320215834031,,
15.0,,0.9932868352223191,
15.01,0.9942785375383757,,
15.1,,0.9935483870967742,
15.11,0.9943250534933482,,
15.15,0.9943715694483207,,
15.16,0.9944180854032934,,
15.17,0.9944646013582659,,
15.2,,0.9937227550130776,
15.23,0.9945111173132385,,
15.24,0.994557633268211,,
15.26,0.9946041492231835,,
15.28,0.9946506651781561,,
15.3,,0.993897122929381,0.9995186650978715
15.36,0.9946971811331287,,
15.4,,0.9939843068875327,0.9995320355118195
15.43,0.9947902130430738,,
15.46,0.9948367289980463,,
15.47,0.9948832449530188,,
15.5,,0.9941586748038361,0.9995587763397155
15.51,0.9949297609079915,,
15.53,0.994976276862964,,
15.59,0.9950227928179366,,
15.6,,0.9942458587619878,0.9995721467536635
15.61,0.9950693087729091,,
15.65,0.9951158247278816,,
15.69,0.9952088566378268,,
15.7,,0.9943330427201394,0.9995988875815596
15.71,0.9953018885477719,,
15.72,0.9953484045027444,,
15.76,0.995394920457717,,
15.78,0.9954414364126896,,
15.8,,,0.9996122579955076
15.81,0.9954879523676621,,
15.82,0.9955344683226347,,
15.85,0.9955809842776072,,
15.86,0.9956275002325797,,
15.9,,,0.9996256284094556
15.92,0.9956740161875524,,
15.96,0.9957205321425249,,
16.0,,0.9945945945945946,0.9996389988234036
16.07,0.9957670480974974,,
16.1,0.99581356405247,0.9946817785527463,0.9996657396512996
16.13,0.9958600800074425,,
16.15,0.9959065959624152,,
16.19,0.9959531119173877,,
16.29,0.9959996278723602,,
16.3,,0.994768962510898,
16.31,0.9960461438273328,,
16.35,0.9960926597823053,,
16.36,0.9961391757372778,,
16.38,0.9961856916922505,,
16.4,,0.9949433304272014,0.9996791100652476
16.43,0.996232207647223,,
16.44,0.9962787236021956,,
16.46,0.9963252395571681,,
16.5,,,0.9996924804791957
16.51,0.9963717555121406,,
16.54,0.9964182714671133,,
16.55,0.9965113033770583,,
16.6,,0.9950305143853531,0.9997192213070917
16.62,0.9965578193320309,,
16.7,,0.9953792502179599,0.9997325917210397
16.73,0.9966043352870034,,
16.78,0.9966508512419759,,
16.79,0.9966973671969486,,
16.8,,0.995640802092415,0.9997459621349877
16.81,0.9967438831519211,,
16.87,0.9967903991068937,,
16.88,0.9968369150618662,,
16.9,0.9968834310168387,0.9959023539668701,0.9997727029628838
16.91,0.9969299469718114,,
16.93,0.9969764629267839,,
16.96,0.9970229788817564,,
17.0,0.997069494836729,,0.9997860733768318
17.01,0.9971625267466742,,
17.02,0.9972090427016467,,
17.03,0.9972555586566192,,
17.06,0.9973020746115918,,
17.19,0.9973485905665643,,
17.2,0.9973951065215368,0.9959895379250218,
17.28,0.9974416224765095,,
17.3,,0.9961639058413252,0.9997994437907798
17.31,0.9975346543864545,,
17.32,0.9975811703414271,,
17.36,0.9976276862963996,,
17.4,0.9976742022513723,0.9962510897994769,0.9998128142047278
17.43,0.9977207182063448,,
17.49,0.9977672341613173,,
17.5,,0.9964254577157803,0.9998261846186758
17.6,0.9978137501162899,,
17.64,0.9978602660712624,,
17.69,0.997906782026235,,
17.7,0.9979532979812076,0.9965998256320837,0.9998395550326238
17.72,0.9979998139361801,,
17.77,0.9980463298911527,,
17.8,,,0.9998662958605199
17.9,,0.9967741935483871,
17.91,0.9980928458461252,,
17.95,0.9981393618010977,,
18.0,,0.9969485614646905,
18.07,0.9981858777560704,,
18.1,,0.9970357454228422,
18.13,0.9982323937110429,,
18.17,0.9982789096660154,,
18.19,0.998325425620988,,
18.3,0.9983719415759605,0.9971229293809939,
18.35,0.9984184575309331,,
18.36,0.9984649734859057,,
18.4,,,0.9998796662744679
18.46,0.9985114894408782,,
18.5,,0.9972101133391456,
18.6,,0.9972972972972973,0.9998930366884159
18.9,,0.9975588491717524,
19.01,0.9985580053958508,,
19.06,0.9986510373057959,,
19.1,,0.9978204010462075,
19.36,0.9986975532607685,,
19.4,,0.9979075850043592,
19.41,0.998744069215741,,
19.5,,0.9979947689625109,0.9999064071023639
19.57,0.9987905851707135,,
19.6,,0.9981691368788143,
19.64,0.9988371011256861,,
19.7,,0.998256320836966,
19.8,,,0.9999197775163119
19.9,0.9988836170806586,,
19.93,0.9989301330356313,,
20.0,,0.9983435047951177,
20.08,0.9989766489906038,,
20.1,,0.9986050566695728,
20.22,0.9990231649455763,,
20.24,0.9990696809005489,,
20.3,,0.9986922406277245,
20.31,0.9991161968555214,,
20.4,,,0.9999331479302599
20.5,,0.9988666085440279,
20.6,,,0.9999465183442079
20.79,0.999162712810494,,
20.87,0.9992092287654666,,
20.88,0.9992557447204391,,
20.89,0.9993022606754116,,
21.0,0.9993487766303842,0.9989537925021796,
21.01,0.9993952925853568,,
21.2,,0.9990409764603313,
21.3,,0.999128160418483,
21.4,,0.9992153443766347,0.999959888758156
21.8,,0.9993025283347864,
21.97,0.9994418085403294,,
22.01,0.9994883244953019,,
22.42,0.9995348404502744,,
22.53,0.999581356405247,,
22.7,,,0.999973259172104
22.8,,0.999389712292938,
22.86,0.9996278723602195,,
22.9,,0.9994768962510898,
23.4,,0.9996512641673932,
23.45,0.9996743883151921,,
23.86,0.9997209042701647,,
24.31,0.9997674202251372,,
25.2,,0.9997384481255449,
25.3,,,0.999986629586052
25.8,,0.9998256320836966,
26.04,0.9998139361801098,,
26.48,0.9998604521350823,,
26.5,,0.9999128160418483,
28.21,0.9999069680900549,,
28.4,,1.0,
30.1,,,1.0
32.77,0.9999534840450275,,
43.29,1.0,,
