value,emory_probability,nu_probability,ohsu_probability,rush_probability,ucmc_probability
2.0,5.939349736233478e-7,,,,
3.0,1.1878699472466956e-6,,,,
4.0,1.7818049208700435e-6,,,,
6.0,2.3757398944933912e-6,,,,
9.0,3.563609841740087e-6,,,,
10.0,4.157544815363435e-6,,0.00008062582176318336,,
11.0,5.34541476261013e-6,,0.00008372681490792118,,
12.0,7.721154657103521e-6,,0.00008889513681581754,,
13.0,8.31508963072687e-6,,0.00009923178063161028,,
14.0,0.000010096894551596914,,0.00011163575321056157,,
15.0,0.000011284764498843609,,0.00011577041073687867,,
16.0,0.000013660504393337,,0.0001219723970263543,,
17.0,0.000014254439366960348,,0.0001333427052237263,,
18.0,0.00001900591915594713,,0.0001457466778026776,,
19.0,0.00002138165905044052,,0.00015608332161847033,,
20.0,0.00002494526889218061,,0.00028735869807903813,0.000034625159564276995,1.5491410787288988e-6
21.0,0.000027914943760297346,,0.00031423397200009925,0.00009464210280902378,3.0982821574577976e-6
22.0,0.000032072488575660785,,0.00034214291030273963,0.00014773401414091517,
23.0,0.000036230033391024216,,0.00036384986231590436,0.00020775095738566194,4.647423236186696e-6
24.0,0.000040981513180011,,0.0003896914718553862,0.00025738035276112563,
25.0,0.00004692086291624448,,0.0004176004101580266,0.0003058555761511134,
26.0,0.00005226627767885461,,0.00044344201969750844,0.0003693350353522879,
27.0,0.0000671146520194383,,0.00046204797856593536,0.0004385853544808419,
28.0,0.00007127219683480174,,0.0004971925675396307,0.0005147607055222513,6.196564314915595e-6
29.0,0.00008374483128089204,,0.0005292361633685882,0.0005909360565636607,7.745705393644494e-6
30.0,0.00018115016695512107,,0.0005592124304343871,0.0006613405476776906,0.0022230174479759696
31.0,0.00028390091739196027,,0.0005984916769343995,0.000747903446588383,0.0023345556056444503
32.0,0.00037952444814531926,,0.0006377709234344119,0.0008321580015281237,0.002463134315178949
33.0,0.0004852448734502752,,0.0006884204781317963,0.0009337251362500029,0.0026025570122645498
34.0,0.0006022500632540746,,0.0007370027040660222,0.0010502965067830687,0.002796199647105662
35.0,0.0007287582126358478,,0.0008000562313423579,0.0011761012531999418,0.0029759000122382144
36.0,0.0008701147363582045,,0.000879648388723962,0.001290364279762056,0.0031602478006069533
37.0,0.001010877325106938,,0.0009530385598160904,0.0014173231981644049,0.003338399024660777
38.0,0.001157579263591905,,0.0010357317103424322,0.001530432052741043,0.003566122763233925
39.0,0.001313190226681222,,0.0011204921896319328,0.0016770118948964824,0.003767511103468682
40.0,0.001483649564111123,,0.0012093873264477503,0.0018247459090373975,0.003992136559884372
41.0,0.0016422302020685567,,0.0012900131482109338,0.0020105675986990174,0.004207467169827689
42.0,0.0018174410192874444,,0.0013944132507504403,0.002174460020636595,0.004446034895951939
43.0,0.0020021547960843056,,0.001498813353289947,0.002370669258167498,0.0047062905971783945
44.0,0.00218568070293392,,0.0015990787983031366,0.0025495659159162627,0.004992881696743241
45.0,0.002416721407673402,,0.0017324215035268628,0.002736541777563358,0.005265530526599527
46.0,0.0026661740965952083,,0.0018709325306584855,0.0029604511427456827,0.005603243281762427
47.0,0.002918002525411508,,0.002027015852276956,0.003185514679913483,0.005944054319082784
48.0,0.003187649003436508,,0.0021810318451322675,0.0034267366248779464,0.006322044742292636
49.0,0.003495901254747025,,0.002337115166750738,0.003674883601755265,0.006648913509904433
50.0,0.0038237533601871133,,0.0025211074266718488,0.003940343158414722,0.007040846202822845
51.0,0.004165265970020538,,0.0027381769468034964,0.004271590518246305,0.007490097115654225
52.0,0.004548354028007597,,0.002982121740856205,0.004615533769918123,0.00796103600358781
53.0,0.004944508655414371,,0.003215729891093121,0.0050229564807911155,0.008424229186127752
54.0,0.005366796421660571,,0.003507223246698476,0.005404987407983638,0.008915306908084812
55.0,0.005818780936587938,,0.003839029513185423,0.0058043309149583,0.00940948291219933
56.0,0.006292147110565747,,0.004176004101580266,0.0062659997091486595,0.00998731253456521
57.0,0.00682668858682676,,0.004557426258383018,0.00671612678348426,0.010586830132033294
58.0,0.007406369121083147,,0.004961589031580514,0.007222808285108181,0.011235920244020703
59.0,0.00803118871333491,,0.005349213174672742,0.007787198386005895,0.012002745077991508
60.0,0.008689862599083203,,0.005816429475146574,0.008400063710293598,0.012791257887064518
61.0,0.009439408535795868,,0.006358069611094113,0.009026779098407012,0.013607655235554647
62.0,0.010191330212403026,,0.006906945397712708,0.009746982417343973,0.014526295895240883
63.0,0.011032936070027309,,0.0074847637870155215,0.01049950255187426,0.015451133119242037
64.0,0.0119434383845919,,0.008165948614476263,0.011339739757300715,0.01644568169178599
65.0,0.012938279465411009,,0.008841965120029108,0.01228385244142,0.017522334741502575
66.0,0.014055471150796526,,0.009633752036318832,0.013327223916290215,0.018670248280840688
67.0,0.015243935033016845,,0.010464818199108567,0.01439829551881185,0.01997927249236661
68.0,0.016513768006623564,,0.01140235179320097,0.015505146452883237,0.02138279430969499
69.0,0.017959999667396413,,0.012357457681780218,0.01674357299329888,0.022893206861455666
70.0,0.019564218031153078,,0.01347898353579373,0.018107804280131392,0.0245352964049083
71.0,0.021256338771005995,,0.014637721307544095,0.019627848785003153,0.026285825823871956
72.0,0.023102882604000983,,0.015894657195544493,0.021190597653337518,0.028141696836189174
73.0,0.02511216461976877,,0.01723531989845281,0.022815671808887585,0.030212898458449714
74.0,0.027300221062597184,,0.018669012395703264,0.024684276253373067,0.03233057431307212
75.0,0.02961478565480737,,0.02019366735853269,0.026573655793597117,0.03452260893947351
76.0,0.03215029405720544,,0.021782409513020035,0.028603844316049225,0.03687110681482652
77.0,0.03488477067576733,,0.023548941941139014,0.03081985452816295,0.03938691192668225
78.0,0.037975608278503235,,0.025345450636323794,0.033098190027492376,0.04184849710078247
79.0,0.04118226320109569,,0.02735386052973232,0.03553233874486105,0.04461371392631355
80.0,0.04459738929942994,,0.029396381347732967,0.0380345836093728,0.04747962492196202
81.0,0.04816693849090626,,0.03166320733653631,0.04075150446318307,0.050522138000585574
82.0,0.052127296895026744,,0.03403133243473443,0.043617313503119724,0.05377068684268008
83.0,0.056307411239387865,,0.03656277650522207,0.04652698107850447,0.05712302813704941
84.0,0.06077795978585081,,0.039162442424893945,0.04964439961127488,0.0604459357509229
85.0,0.06552646989996948,,0.04196057190582904,0.05287838951457834,0.0639191100494331
86.0,0.07055947486645373,,0.044959232276790516,0.05617355053311204,0.06755029673797364
87.0,0.07588410190498704,,0.04820080377742312,0.059584128750193324,0.07129147244310392
88.0,0.08143442423349721,,0.05163877151055578,0.06323246639628265,0.0752898055673032
89.0,0.08734467115602315,,0.05525763051046482,0.06685656643067697,0.07928504040934505
90.0,0.09338202016290448,,0.059047044133334434,0.07084307646851072,0.08351109727211747
91.0,0.09980067542285201,,0.06316929768707258,0.07492653695312446,0.08774489984028355
92.0,0.10647947420124655,,0.06751068808970553,0.07896844724626106,0.0922126227113377
93.0,0.11338396826961797,,0.07217354811500963,0.08326542954818783,0.09690032361557134
94.0,0.1204820851393906,,0.07686845173614269,0.08768129156461862,0.10161435991814338
95.0,0.12776610365590735,,0.08196751813047325,0.09220564574768415,0.10646472063564356
96.0,0.13528650829192618,,0.08723403815461965,0.09692620916828058,0.11131972877637994
97.0,0.1429773722653749,,0.09275690694539772,0.10184759851434982,0.11651864623659412
98.0,0.1508660165850402,,0.09866533255050484,0.10682092559976547,0.12192514860135797
99.0,0.15911458549872126,,0.10479909699079626,0.111944295043293,0.1274044605968221
100.0,0.1674748141874435,,0.11120781615658774,0.11718077334139715,0.1330557272520251
101.0,0.1760654896459316,,0.11794420693133988,0.12250266036642653,0.13879374580763695
102.0,0.1847987094980893,,0.1249948316780921,0.12808192774421703,0.14479356920555397
103.0,0.19387106622018596,,0.13244445087613393,0.13370159114149918,0.15065551904746413
104.0,0.20291728980344315,,0.13993748397820208,0.13930625030297014,0.1568133548354115
105.0,0.21219396015646622,,0.14795975324363883,0.145204069148752,0.16303780368974422
106.0,0.22156090862548006,,0.15614844247450985,0.15111573805835954,0.16959531787600365
107.0,0.23098131124211996,,0.16470201523207834,0.15721784534557062,0.1760242533527286
108.0,0.24047892540533092,,0.17339203168801529,0.1633638111682298,0.18243459913650875
109.0,0.25006562981458536,,0.1824334940336892,0.16965981934900085,0.18888212430617843
110.0,0.2597562728442239,,0.19144911476982363,0.17604239042868255,0.19562088799864916
111.0,0.2694433522640207,,0.20092368249137924,0.1825634621466214,0.20228529291934086
112.0,0.2793086121759045,,0.2104406304525796,0.18929343899393136,0.209067432562016
113.0,0.289059242637879,,0.22024183611871428,0.19602226166925585,0.21590379214244662
114.0,0.29900527770617563,,0.2302311687022964,0.20303385648102196,0.222684382644043
115.0,0.3090017972472302,,0.24065464032614178,0.20981346272370738,0.22964467351077195
116.0,0.31893951722589603,,0.25118561304567144,0.21690700374644226,0.2368032544355782
117.0,0.32890871575816394,,0.26181581754583266,0.2240744117762476,0.24380382297035408
118.0,0.33885356295651325,,0.27262587964838875,0.23150958770668334,0.25083072690346836
119.0,0.3488732459615391,,0.283555846819208,0.23883627147048436,0.25805592089465995
120.0,0.3588780805922244,,0.29466050327051413,0.24634416023600508,0.2652330915124109
121.0,0.3688799455480416,,0.30580960729022816,0.2539178368046979,0.27272783605130135
122.0,0.37893170104164314,,0.31722126206286333,0.2617731313378469,0.28024736684745144
123.0,0.389042850032607,,0.32874041793118275,0.2695337837681869,0.2874772082618792
124.0,0.3989384006281456,,0.3403691422239496,0.2774721786842901,0.29476436789621996
125.0,0.40869675224477725,,0.35218082511225596,0.2854359653840738,0.3020639206591905
126.0,0.41841412234822883,,0.3638333236857991,0.293614428073156,0.309426988206389
127.0,0.4281772254446494,,0.3759271969502766,0.3017986616221656,0.31695736299009014
128.0,0.4378839047185758,,0.38780400069462245,0.3099517325275674,0.3243839453215165
129.0,0.4474824878273027,,0.3997056123841262,0.3183425628619772,0.3318027819475492
130.0,0.45691952062320407,,0.4115741468134194,0.32649101707943706,0.3394106137851868
131.0,0.46642426200609854,,0.4233393148045547,0.3349741811726849,0.3467148139713936
132.0,0.4757644834012993,,0.4353608315623217,0.34336731985106567,0.3543071543982439
133.0,0.4849900753465908,,0.4472552076011544,0.35207900999743774,0.361786407526347
134.0,0.4941538980546254,,0.45918576189334237,0.3607526124682891,0.36920214587022226
135.0,0.5032292244515901,,0.4710398250212935,0.36936850633986673,0.3768161742721748
136.0,0.5122677268801903,,0.4827419394851524,0.3779994044472555,0.3842257160517351
137.0,0.5211440850609912,,0.4944502559353009,0.3867965033205528,0.39161666813835067
138.0,0.5299218500361706,,0.5059818157761993,0.39551050181089586,0.3988062318847315
139.0,0.5385707311220739,,0.517433783459716,0.4042833630724982,0.40616929943193
140.0,0.5470907283187008,,0.5287327688147591,0.4130181366585798,0.41363151200816706
141.0,0.5555251988791259,,0.5400927403683153,0.42187986916306375,0.42091092593711416
142.0,0.5639056213569513,,0.5512439117167925,0.4308512480061679,0.4279579687042519
143.0,0.5720858877486658,,0.5622276294354539,0.43974991401418706,0.43506697711453884
144.0,0.5801984455533871,,0.5731028123940494,0.44872590954523317,0.4420272679812678
145.0,0.588142919760573,,0.5838095080584476,0.4575022333227919,0.44901544338741384
146.0,0.5958646683526501,,0.5944200729353588,0.46633511152763896,0.45597728339522153
147.0,0.603671943580929,,0.6048755881550332,0.4752106940959486,0.4625983123657088
148.0,0.6112202631607081,,0.6150137684095627,0.4840585765366069,0.46939594341917124
149.0,0.6186765228195756,,0.625228439828329,0.4926929371599521,0.4761749847796889
150.0,0.625951632311488,,0.6351960654598979,0.5012257306485755,0.4830376797584579
151.0,0.6332065480142972,,0.6447657303045589,0.5098843288836156,0.4897315183596455
152.0,0.6403129799737005,,0.6541441672386277,0.5184459766718759,0.49657872192762725
153.0,0.6473463579313482,,0.6634223387276832,0.5268171860825326,0.5031904560516421
154.0,0.6542674821789811,,0.6725785378197124,0.5351445369577411,0.5098238781507594
155.0,0.6612313697447149,,0.6813667523918994,0.5434153334056614,0.5167036136813944
156.0,0.6679463985565004,,0.6898820795673495,0.5516976715734365,0.5233850591539521
157.0,0.6744107868094169,,0.6982868046539705,0.5599880889451099,0.5299348276348179
158.0,0.6808401328988897,,0.7065189077888678,0.5680672928434412,0.5366193713895331
159.0,0.687110898350405,,0.714657981129423,0.576099175690368,0.5430018326338961
160.0,0.6933002947105339,,0.7226223651894913,0.5839290784398364,0.5493393687869761
161.0,0.6992645897156595,,0.7301732834969279,0.5915870095634691,0.5557636568404648
162.0,0.7052930296979365,,0.7376776869071935,0.5992253197633486,0.5621244301097257
163.0,0.7112139674499877,,0.7449774247699064,0.6066674207256971,0.5685657587150804
164.0,0.716988203263554,,0.7519898039345401,0.6140552756047284,0.5747917567104919
165.0,0.7225866343249275,,0.7588564364213712,0.621257308794098,0.5810285986934545
166.0,0.7281755624267233,,0.7653540507239786,0.6285089713788431,0.5873769788340855
167.0,0.7336112553053241,,0.7717317599583227,0.6356082832615053,0.5935890345597883
168.0,0.738933506603963,,0.7779482175491405,0.6426048738374602,0.5996492744597758
169.0,0.7442611033173644,,0.7841026552770634,0.6494179510677245,0.6058675267497936
170.0,0.7494699130360412,,0.7899573303343284,0.6561375403671652,0.6118394656082935
171.0,0.7544892574981321,,0.795597003200225,0.6626701538049588,0.6179213934833832
172.0,0.7594100087546015,,0.8011756898676082,0.6691542920193624,0.6237027879891994
173.0,0.7643533295400686,,0.8065920912270836,0.6754272167604239,0.6296855708352503
174.0,0.7691309424678948,,0.8117221675528616,0.6816331995263278,0.6354297859551772
175.0,0.7737654170670778,,0.8166796219269158,0.687607193723151,0.6412328684360956
176.0,0.7783131771601118,,0.8214262087671278,0.6935396377284972,0.6468639962572752
177.0,0.782652466077404,,0.8261386846827478,0.6992297056168933,0.6524858292319823
178.0,0.7869198888628878,,0.8306433940576702,0.7047720394911486,0.6580766793851149
179.0,0.7911647421193738,,0.8349424042206584,0.7103478443529827,0.663813148799648
180.0,0.7953288202194471,,0.8392238420891598,0.7157505234169954,0.6691452923926329
181.0,0.7993622326253232,,0.8432458301978847,0.7211370440732114,0.6744185686246261
182.0,0.8032168706041388,,0.8471334419370044,0.7262915761603468,0.6797259259603513
183.0,0.8070489390539566,,0.8510603329226241,0.7313918621641649,0.6849201959973292
184.0,0.8108673469993811,,0.8548352752441515,0.7362093760315412,0.6899595519264344
185.0,0.8144921321434044,,0.8583600707853368,0.7409668729556729,0.6949803181625948
186.0,0.8181252323770585,,0.8619985694084958,0.7457428366315721,0.7000010843987551
187.0,0.8216638969499064,,0.8653714162855891,0.7504241582046624,0.7051117008174818
188.0,0.8251835556035984,,0.8686016174780243,0.7547950075136596,0.7099775529457693
189.0,0.8286634206140575,,0.871921747471657,0.7591739360265551,0.7147984799827736
190.0,0.832089237541917,,0.8752294734927106,0.7635205477238575,0.7196085630322268
191.0,0.8354134915892868,,0.8784017894797774,0.767681337731498,0.7242606336916496
192.0,0.8386450917807715,,0.8814510994054362,0.7717901899997922,0.7289529820191195
193.0,0.8418380861989706,,0.8843681002902529,0.7759013506120574,0.7335430870353932
194.0,0.8448214215714807,,0.8870866376138065,0.7798405395984866,0.7379023700309364
195.0,0.8478403930424081,,0.8897441887388468,0.7837012448899036,0.7423205203874712
196.0,0.8507376078437429,,0.8923831339050187,0.7874084453072521,0.746795988963919
197.0,0.8536787738331256,,0.8948380868112694,0.7910740955331236,0.7511258382789662
198.0,0.8565290677715441,,0.8973064773544808,0.7946635704079537,0.7552573975359362
199.0,0.8592896775289455,,0.8996735687882973,0.7982426577349144,0.7593703670999614
200.0,0.8619980210086678,,0.9021398920027454,0.8016463109200829,0.7634322150083886
201.0,0.8646339044216083,,0.9044563338818645,0.8051019018445976,0.7674987103400519
202.0,0.8672430607607357,,0.9066776786378784,0.8085240217815337,0.771441274385417
203.0,0.8697358058450328,,0.9087512093873265,0.8117129989774036,0.7754256652399077
204.0,0.8721733149767831,,0.9108102688354324,0.8148892802814333,0.7792102168952424
205.0,0.8745662789855115,,0.9128228133863672,0.8180009279542764,0.7830226530899943
206.0,0.8769568672543455,,0.9147278568416178,0.821056021199831,0.7868908583635803
207.0,0.8792940013755534,,0.9166360012900131,0.8239899263869108,0.7904879639483888
208.0,0.8816020326830537,,0.9183622208072505,0.8269630734214967,0.7941532317406614
209.0,0.8837526712225439,,0.9201732008037774,0.8297792530660579,0.7977162562217378
210.0,0.8859781455687106,,0.9220255273755675,0.8325954327106191,0.8012560435866334
211.0,0.8881056206442294,,0.9237548478859496,0.8353354370041388,0.8046595065366008
212.0,0.8902200291503285,,0.9254521248005028,0.8380892913614844,0.8080800100384342
213.0,0.892251880695094,,0.9270346649687007,0.8407865912915415,0.8113486977145522
214.0,0.8942326538321278,,0.9285748248972537,0.843472349501744,0.8147149812786301
215.0,0.8962300571484232,,0.9301180858189516,0.8459745943662557,0.8178535411041348
216.0,0.8981918243663011,,0.93163550513111,0.8484145139435517,0.8209967483528757
217.0,0.9000835072572915,,0.9331095105392421,0.8508013416095159,0.8240857356638611
218.0,0.9019211420656821,,0.9345556070090715,0.8532805030343181,0.8271328961657209
219.0,0.9037849100129122,,0.9359675925543087,0.8556996475158757,0.8301118944601166
220.0,0.9056112600568039,,0.9373371978599012,0.8579618246074084,0.8330676556383313
221.0,0.9073503016595731,,0.9386551199464148,0.8602263100429122,0.8360156711111524
222.0,0.9090816221076852,,0.9399585707315863,0.862457324490837,0.8388227147458092
223.0,0.910802251726272,,0.9411720927155603,0.8646167802756625,0.8415755384427105
224.0,0.9124474516032087,,0.9424248939460345,0.8667300691810688,0.8443175181520606
225.0,0.9140587971866488,,0.9435825980534033,0.8688837541059669,0.8469820408074743
226.0,0.9156398520864342,,0.9447485714758247,0.8709751137436492,0.8496341703342581
227.0,0.9171983374572218,,0.9458173804463776,0.8730364649097091,0.8522801032967271
228.0,0.9187526652831941,,0.9469616469167859,0.8749858613931779,0.8548160472426063
229.0,0.9203093688490609,,0.9480108162640889,0.8770356708393832,0.8573845231511389
230.0,0.9217746064289897,,0.9490920292072208,0.8789816048068955,0.8599034265451521
231.0,0.9232208380897626,,0.9501163906093658,0.8808952219588145,0.862349520308465
232.0,0.9246367790668807,,0.9511665936210504,0.8827384346196195,0.8646561913746923
233.0,0.9259998598313463,,0.9521475411191691,0.8845631805286569,0.8669225847728727
234.0,0.9273665042056536,,0.9531098826584194,0.8863533012781301,0.8692044695818404
235.0,0.92869038526186,,0.9539884973827618,0.8881434220276032,0.8714956492372804
236.0,0.9299726908699127,,0.9549539399151569,0.8899393136370036,0.873766690058697
237.0,0.9312775660069633,,0.9558149823450124,0.8916671090992611,0.8759804126602005
238.0,0.9325503686554382,,0.9566687891241968,0.8934226046891699,0.8781647015812083
239.0,0.9338095107995196,,0.9575225959033813,0.8951030791000228,0.8802374523445475
240.0,0.9350454894796298,,0.9583764026825659,0.8967535450392534,0.8823117522489655
241.0,0.9362422684514808,,0.9592167718247897,0.898379773366789,0.8842853579832661
242.0,0.9374135082194661,,0.9600581746313953,0.8999240554833556,0.8862605128586455
243.0,0.9385449543442186,,0.9608582308627377,0.9014267874084453,0.8882743962609931
244.0,0.939618194841556,,0.96161900784758,0.902902973377869,0.890138012978704
245.0,0.9407033140383658,,0.9623467075722117,0.9044195553667843,0.8919365657711082
246.0,0.9418026876745427,,0.9631074845570542,0.9059453707315834,0.8937568065386147
247.0,0.9428361345286472,,0.9638465545898833,0.9073869315414429,0.8956173249741681
248.0,0.943858296618253,,0.9644915611639888,0.9088873551225615,0.8974019354968638
249.0,0.9448947131472258,,0.9651282984230416,0.9102942907728566,0.899109088965623
250.0,0.945902026862491,,0.9657867426341076,0.9116689096075584,0.900909190899106
251.0,0.9468659833246816,,0.9664586244821342,0.91307930777381,0.90263493406081
252.0,0.9478144974775582,,0.9670540151659238,0.9144677766723375,0.9043018098615223
253.0,0.9487748903299071,,0.967650439514095,0.9158158495513733,0.9060616341269583
254.0,0.9496586655706587,,0.9682385945472136,0.9170819762194404,0.9075859889484276
255.0,0.9505477862261729,,0.9688432882104375,0.9183700321552315,0.9091242860396054
256.0,0.9514024586532168,,0.9693942313258193,0.919620000415502,0.9106827219648066
257.0,0.9522280282665533,,0.9699462081055826,0.9208295726562806,0.912228764761378
258.0,0.953072009864072,,0.9704940502278196,0.9219814362977856,0.9137174893380365
259.0,0.9539171793315381,,0.9710036467679383,0.9232013960864336,0.915206213914695
260.0,0.9547676942137667,,0.9715277146093989,0.924405197467285,0.9166639556697789
261.0,0.9555677246232374,,0.9720414458070438,0.9255893779243832,0.9181759173626183
262.0,0.9563285553244488,,0.9725220997444781,0.9267666333495687,0.9195964797318127
263.0,0.9571238342541305,,0.9730130903257284,0.9279069552712189,0.9210263369474795
264.0,0.9578751619957641,,0.9734637679960969,0.9290426605049271,0.9224623907274612
265.0,0.958633616957081,,0.9739144456664655,0.9301171946234053,0.9237745132211446
266.0,0.9593950415932662,,0.9744013015901893,0.9311628744422464,0.9249967855322616
267.0,0.9600946969921945,,0.97484681093865,0.9322708795483032,0.9262422949595597
268.0,0.9607967281310174,,0.9752540747049921,0.9333073259912607,0.9275141397851961
269.0,0.9615183591239697,,0.9756768434370581,0.9343183806505375,0.9287766897643601
270.0,0.9622049479534782,,0.9761202854567557,0.935420614896667,0.9299865689468474
271.0,0.9628909428480132,,0.976517212579282,0.9364720655754355,0.9311329333451068
272.0,0.9635211078550276,,0.9769131060374269,0.9374877369226543,0.9323366159632792
273.0,0.9641483031871738,,0.9773327737763481,0.9384318496067736,0.9334643906685938
274.0,0.964772528844452,,0.9776986909674271,0.9394071249345007,0.9345844196685148
275.0,0.9653997241765983,,0.9780811467886115,0.9403223833189831,0.9356486795896015
276.0,0.9660287013136654,,0.9784222560345327,0.9412595709711895,0.9366819566891137
277.0,0.9666101636528426,,0.9787499276434933,0.9421794460436138,0.937743118328043
278.0,0.9672254802855165,,0.9791075755195198,0.9431743422950941,0.938754707452453
279.0,0.9677909063804059,,0.9794579877448751,0.9441046049153876,0.9397554525893118
280.0,0.9683533628004272,,0.9798042653127041,0.9449933173442041,0.9407608451494069
281.0,0.9689015647810815,,0.9801050616477437,0.9459143465886138,0.9417956713899979
282.0,0.9694212578830019,,0.9804037906540202,0.9467845922656627,0.942760786282046
283.0,0.969958769034131,,0.9807428325711781,0.9476132877512344,0.9436809760828109
284.0,0.9704642076966845,,0.9810767061664283,0.9484719917084284,0.944663131526725
285.0,0.9709666766843699,1.0,0.9813816371589941,0.9493156914298113,0.9456390904063242
286.0,0.9714952788108947,,0.9816917364734679,0.9501882454508311,0.9465685750535615
287.0,0.9719733964646614,,0.9820111387673759,0.9509788532608822,0.9474655277381456
288.0,0.9724806169321358,,0.982286093492876,0.9518029320585119,0.9483640295638084
289.0,0.9729836798547947,,0.9825879234922972,0.9525843064926791,0.9492036640284794
290.0,0.9734148766456453,,0.9828587435602709,0.9533010472956597,0.9500107665304972
291.0,0.9738704247704144,,0.9831450685939683,0.9540616466340882,0.9508302621611447
292.0,0.9742855853169772,,0.983428292634521,0.9548534086161247,0.9516451103685561
293.0,0.9747108427580915,,0.9836908433874422,0.9555736119350616,0.9524584094348888
294.0,0.9751289729795223,,0.9839709664348502,0.9562776568462019,0.9532732576423002
295.0,0.9755506668107949,,0.9842066419138503,0.9569967059931535,0.9540493773227434
296.0,0.9759587001376742,,0.9844526540366662,0.9577399927517999,0.9547619822189587
297.0,0.9763774242940786,,0.9847028008170083,0.9584394209749983,0.9555272579118508
298.0,0.9767765485963534,,0.98495914958364,0.9590730613950246,0.9562135274097276
299.0,0.977209527192125,,0.9851824210900612,0.9597320935987314,0.9568966986254471
300.0,0.9776003364047691,,0.9854129282471533,0.9604049758662638,0.9575535344428282
301.0,0.9779691700233891,,0.985637233417956,0.9610201495345224,0.9583219084178777
302.0,0.9783534459513235,,0.9858543029380876,0.9616687941903599,0.9590190219033057
303.0,0.9787353461393633,,0.9860610358144035,0.9623243638781102,0.9597052914011827
304.0,0.9790923010585109,,0.986290509307114,0.9629441542343108,0.9602753753181549
305.0,0.9794575710672893,,0.986472434238272,0.9635281652589616,0.9609523499695594
306.0,0.9797943321973337,,0.9866812344433511,0.9641271805194236,0.9616215789155702
307.0,0.9801209964328266,,0.9868972702991011,0.9647227332639291,0.9622536284756916
308.0,0.9804494424732403,,0.9871060705041801,0.9652721191290157,0.9628701866250258
309.0,0.9807808581885221,,0.9873086687229696,0.9658515134657245,0.9634805482100449
310.0,0.9811027709442259,,0.9874988629691802,0.9664147493946368,0.9640831640896704
311.0,0.9814092413906156,,0.9877014611879698,0.9669814478395055,0.9647121153676345
312.0,0.9817281844714514,,0.9878833861191277,0.9674985168889987,0.9653038872597088
313.0,0.9820542547719705,,0.9880560080708515,0.9680340526902594,0.9658073581102957
314.0,0.9823625070232811,,0.9882472359814437,0.96860536782307,0.9663604014754019
315.0,0.9826481897455939,,0.9884374302276543,0.9690774241651297,0.9669118956994295
316.0,0.9829362482078012,,0.9886203888231938,0.9696256558582308,0.9674912744628741
317.0,0.9832302460197447,,0.9887857751242465,0.9701542666275788,0.9679839013259098
318.0,0.9835088015223741,,0.9889635653978781,0.9706563314412607,0.9684811756121818
319.0,0.9837725086506629,,0.9891155140619703,0.9711872505545797,0.9689769007573751
320.0,0.9840439369336088,,0.989268496390444,0.9716673861005376,0.9694524870685448
321.0,0.9843046743870294,,0.9894266470408256,0.972126746550757,0.9698924431349039
322.0,0.9845582846207666,,0.989582730362444,0.9725768736250926,0.9703509888942076
323.0,0.9848107069845565,,0.9897274433758652,0.9730073797756751,0.9708482631804796
324.0,0.9850666929581882,,0.9898659544029969,0.9734598151939817,0.971291317528996
325.0,0.9852840731585343,,0.9900117010807995,0.9738903213445642,0.9717266261721189
326.0,0.9855192714080891,,0.99016261608051,0.9743173649791903,0.9721851719314226
327.0,0.9857746634467472,,0.9903176657377469,0.9747663378815404,0.9726762496533797
328.0,0.9860169889159855,,0.9904334361484838,0.9752049232360213,0.9730759280516917
329.0,0.9862474356857514,,0.9905791828262865,0.9756088834309378,0.9734818030143187
330.0,0.9864737249107018,,0.9907269968328524,0.9760139977978398,0.9739233082217564
331.0,0.986672099191892,,0.9908417335792077,0.9764237288526838,0.9743539694416431
332.0,0.9868805703676339,,0.990983345599484,0.9768519266592953,0.974708722748672
333.0,0.9870926051532174,,0.9911063516608919,0.9772385742744297,0.97513783482748
334.0,0.987312361093458,,0.9912396943661157,0.9776159885136804,0.9755483572133431
335.0,0.9875333049036459,,0.9914154173109841,0.9779518525614539,0.975920151072238
336.0,0.9877364306646251,,0.9915435916943,0.9783131083929079,0.976268707814952
337.0,0.9879401503605779,,0.9916634967625632,0.9786962934920859,0.9766466982381619
338.0,0.9881367428368473,,0.9917709978582474,0.9790310033678739,0.9769611738771438
339.0,0.9883303656382485,,0.9918919365908921,0.9793691757596182,0.9773159271841727
340.0,0.9885144854800717,,0.9919901347071423,0.9797119648393047,0.9776443450928632
341.0,0.9886861326874489,,0.9920924674809185,0.9800755290147295,0.9779650172961601
342.0,0.9888613435046677,,0.9921875646040238,0.9804056222025757,0.9783120248977955
343.0,0.9890395239967548,,0.9923095370010502,0.980774957237928,0.9786667782048243
344.0,0.9892004803746066,,0.9924087687816818,0.9810923545339338,0.9789889995491999
345.0,0.9893549034677488,,0.9925142025486029,0.9814236018937654,0.9793189665989692
346.0,0.9895140780406798,,0.9926082660073267,0.9817490783936696,0.9796194999682426
347.0,0.9896732526136108,,0.9927147334386293,0.9820722465496029,0.9799494670180119
348.0,0.9898235181619376,,0.992801561246682,0.9823919521895796,0.9802159192835532
349.0,0.9899797230600005,,0.9928976920341688,0.9827185828614694,0.9804746258437009
350.0,0.990146024852615,,0.9930113951161426,0.98299904665394,0.9807627660843445
351.0,0.9903129205802031,,0.9930940882666689,0.9833060564020766,0.9810478080428306
352.0,0.9904507134940839,,0.9931912527185374,0.983578440990649,0.9813111620262146
353.0,0.9906187970916193,,0.9932966864854584,0.983881988222829,0.981594654843622
354.0,0.9907785655995239,,0.9933762786428401,0.9841936146589075,0.9819060322004465
355.0,0.9909211099931935,,0.993467241108419,0.9844440699797559,0.9821616404784367
356.0,0.9910642483218367,,0.9935375302863664,0.9847522338998779,0.9824265436028994
357.0,0.9912050109105854,,0.9936253917588006,0.985038468552276,0.9826573656236299
358.0,0.9913433977594397,,0.9937080849093269,0.9853004655929789,0.9829408584410374
359.0,0.9914764391935313,,0.9937814750804191,0.9855555376017691,0.9832119581298149
360.0,0.9916172017822801,,0.9938507305939849,0.9858071470946028,0.9834551732791753
361.0,0.9917348009070575,,0.993931356415748,0.9860218230839014,0.9837262729679529
362.0,0.9918529939668085,,0.9939975109361692,0.986278049264677,0.9839447018600537
363.0,0.9919735627664541,,0.9940719347716429,0.9865331212734672,0.9841817204450992
364.0,0.9920834407365744,,0.9941246516551034,0.9867743432184317,0.9844109933247511
365.0,0.9921992580564309,,0.9942052774768666,0.9869751691439045,0.9846030868185135
366.0,0.9923097299615249,,0.9942910716205376,0.9872071577129852,0.984816868287378
367.0,0.9924398017207484,,0.994361360798485,0.9874403004540513,0.9850275514740852
368.0,0.9925443342761061,,0.994432683640814,0.9876849849149721,0.9852444312251072
369.0,0.9926488668314638,,0.9945143431269587,0.9879019692482416,0.985439623001027
370.0,0.9927694356311093,,0.9945722283323273,0.9881639662889447,0.9856425604823406
371.0,0.9928674349017572,,0.9946559551472351,0.988363638042432,0.9858331048350242
372.0,0.9929707795871677,,0.9947272779895642,0.9885656181398903,0.9860344931752589
373.0,0.9930788757523671,,0.9947810285374062,0.9887860649891161,0.9862482746441236
374.0,0.9931834083077249,,0.9948513177153536,0.989008820182313,0.9864605069719095
375.0,0.9932784379035046,,0.9949257415508274,0.9892361920634518,0.9866789358640102
376.0,0.9933615887998118,,0.9949784584342879,0.989435863816939,0.9868849716274811
377.0,0.9934554305256443,,0.9950404782971827,0.9896505398062376,0.987063122851535
378.0,0.9935712478455009,,0.9950952625094064,0.9898098155402333,0.9872366266523526
379.0,0.9936502411969927,,0.9951665853517353,0.9900002539178369,0.9874209744407213
380.0,0.9937369557031418,,0.9952203358995775,0.9901860756074984,0.9876099696523263
381.0,0.9938224823393436,,0.9952740864474195,0.9903245762457555,0.9877834734531439
382.0,0.9939139483252816,,0.9953226686733538,0.9905092437634316,0.9879399367020956
383.0,0.9939864083920636,,0.9953764192211959,0.9906765987013256,0.988102596515362
384.0,0.9940701532233445,,0.995437405419709,0.9908462619831906,0.9882791985983371
385.0,0.9941705282338869,,0.9954880549744065,0.9910090002331428,0.9884310144240526
386.0,0.9942572427400358,,0.9955428391866302,0.9911948219228044,0.9885905759551616
387.0,0.9943534602057629,,0.9955965897344723,0.9913702560645967,0.9887238020879323
388.0,0.994433641427202,,0.9956493066179328,0.9915076025308683,0.9888895601833564
389.0,0.9945257013481136,,0.9957071918233013,0.9916495656850819,0.9890475725733867
390.0,0.9946177612690252,,0.9957547403848539,0.9918042247311356,0.9891792495650786
391.0,0.9947074454500423,,0.9958115919258408,0.9919461878853492,0.9893233196854004
392.0,0.9947793115818507,,0.9958632751449198,0.9921285470590544,0.9894611932414074
393.0,0.9948583049333427,,0.9959077227133276,0.9922739727292244,0.9895742805401545
394.0,0.9949337346749928,,0.9959614732611698,0.9924217067433653,0.9897276455069487
395.0,0.995004412936854,,0.9960079881583408,0.9925855991653029,0.9898779121915854
396.0,0.9950834062883459,,0.9960586377130383,0.9927402582113566,0.990011138324356
397.0,0.9951618057048642,,0.9961051526102093,0.9928960714293958,0.9901350696106543
398.0,0.9952223870721738,,0.9961516675073804,0.9930311095516965,0.9902543534737165
399.0,0.9952865320493252,,0.9962012833976962,0.9931696101899536,0.9903689899135424
400.0,0.9953566163762126,,0.9962467646304857,0.9932907982484286,0.9905022160463132
401.0,0.9954201674183903,,0.9962912121988936,0.9934350697466131,0.9906276964736902
402.0,0.9954831245255944,,0.9963346261029199,0.9935666453529574,0.9907624717475396
403.0,0.9955460816327986,,0.9963677033631304,0.9936947584433452,0.9908476745068696
404.0,0.995616165959686,,0.9964018142877226,0.9938020964379944,0.990982449780719
405.0,0.9956743715871011,,0.9964359252123146,0.9939232844964694,0.9910831439508364
406.0,0.9957379226292788,,0.9964731371300515,0.9940479350709008,0.9911791906977176
407.0,0.9958026615414038,,0.9965186183628411,0.9941656606134194,0.9912860814321499
408.0,0.9958679943885024,,0.9965599649381042,0.9942833861559379,0.9913991687308972
409.0,0.9959214485361285,,0.9965930421983147,0.9943907241505872,0.9915153543118018
410.0,0.99597906022857,,0.99662922045167,0.9944934454572945,0.9916253433283916
411.0,0.9960301386363015,,0.9966705670269331,0.9945927042480454,0.9917508237557686
412.0,0.9960895321336639,,0.9967015769583806,0.9946954255547528,0.9918499687848072
413.0,0.9961394226714483,,0.9967429235336437,0.9947969926894746,0.9919584086603183
414.0,0.996201191908705,,0.996771866136328,0.9948974056522111,0.9920622011125931
415.0,0.9962504885115158,,0.9968049433965385,0.9949978186149474,0.9921861323988914
416.0,0.9963098820088782,,0.9968442226430385,0.9951201608454079,0.9922868265690088
417.0,0.9963579907417416,,0.9968762662388674,0.9952159571202024,0.9923844224569688
418.0,0.9964066934095788,,0.9969114108278412,0.9953163700829388,0.9924680760752201
419.0,0.9964553960774158,,0.9969620603825385,0.9954133205297188,0.9925579262577864
420.0,0.9965136017048309,,0.9969827336701701,0.995498729256644,0.9926508747225101
421.0,0.9965688376573779,,0.9970189119235253,0.9955991422193804,0.9927531180337062
422.0,0.996617540325215,,0.9970457871974464,0.9956799342583637,0.9928305750876426
423.0,0.9966674308629994,,0.9970798981220386,0.9957976598008822,0.9929173269880515
424.0,0.9967161335308365,,0.9971098743891044,0.995879606011851,0.9930071771706177
425.0,0.9967606786538583,,0.9971512209643675,0.9959696314267181,0.9930877325067117
426.0,0.9968034419719591,,0.9971842982245781,0.9960596568415853,0.9931651895606481
427.0,0.9968568961195853,,0.997216341820407,0.9961554531163798,0.9932534906021356
428.0,0.9969038169825015,,0.9972452844230912,0.9962339368113922,0.9933448899257806
429.0,0.996947174235576,,0.9972700923682492,0.9962939537546369,0.9934022081456936
430.0,0.9969964708383867,,0.9972959339777886,0.9963851333414895,0.9934610755066853
431.0,0.9970427977663293,,0.997319708258565,0.9964659253804729,0.9935338851373856
432.0,0.9970790277997204,,0.9973496845256308,0.9965444090754851,0.9936128913324007
433.0,0.9971241668577158,,0.9973786271283149,0.996621738598512,0.9936826026809435
434.0,0.9971627726310013,,0.9974013677447097,0.9967002222935244,0.993770903722431
435.0,0.997207317754023,,0.9974282430186308,0.9967717809566239,0.9938545573406825
436.0,0.9972435477874141,,0.9974613202788413,0.9968444937917089,0.9939444075232488
437.0,0.9972880929104357,,0.9974861282239992,0.9969206691427503,0.9940125697307128
438.0,0.9973338259034048,,0.9975119698335387,0.9970176195895303,0.9940776336560194
439.0,0.9973765892215056,,0.9975264411348808,0.9970857157366734,0.9941241078883812
440.0,0.9974181646696593,,0.9975460807581308,0.9971538118838165,0.9941876226726092
441.0,0.9974466735483932,,0.9975739896964334,0.997218445515003,0.9942619814443882
442.0,0.9974852793216787,,0.9975987976415913,0.9972830791461897,0.9943069065356713
443.0,0.9975155700053335,,0.9976174036004598,0.9973615628412021,0.9943750687431354
444.0,0.9975565515185135,,0.9976411778812361,0.9974273506443743,0.9944416818095207
445.0,0.9975933754868782,,0.9976587501757229,0.9974942926195318,0.9945113931580635
446.0,0.9976296055202692,,0.9976845917852625,0.9975646971106459,0.9945702605190552
447.0,0.9976610840738712,,0.9977083660660387,0.9976097098180794,0.9946415210086768
448.0,0.9976985019772096,,0.9977342076755782,0.9976708809333097,0.9946988392285897
449.0,0.9977365138155214,,0.9977600492851177,0.9977332062205253,0.9947639031538963
450.0,0.9977626469543609,,0.9977858908946572,0.9977816814439153,0.9948165739505731
451.0,0.9977935315729892,,0.9978096651754336,0.9978486234190729,0.9948816378758797
452.0,0.997825604061565,,0.9978303384630651,0.9979178737382015,0.9949358578136352
453.0,0.9978653977047977,,0.997847910757552,0.9979663489615914,0.9949807829049183
454.0,0.9978962823234261,,0.9978665167164203,0.9980205950449088,0.9950334537015951
455.0,0.9979265730070809,,0.997887190004052,0.9980713786122698,0.995062887382091
456.0,0.9979550818858148,,0.9979068296273019,0.9981337038994855,0.9951062633322955
457.0,0.9979835907645488,,0.9979254355861704,0.998178716606919,0.9951434427181849
458.0,0.9980227904728078,,0.9979512771957099,0.9982271918303091,0.9951899169505468
459.0,0.9980518932865154,,0.9979647148326705,0.9982802837416409,0.995228645477515
460.0,0.9980845597100647,,0.9979812534627757,0.9983345298249583,0.9952828654152706
461.0,0.9981065353040888,,0.9980019267504072,0.9984049343160724,0.9953386344941048
462.0,0.9981344502478491,,0.9980153643873678,0.9984557178834332,0.9953897561497028
463.0,0.9981599894517149,,0.9980277683599468,0.9985041931068233,0.9954331320999072
464.0,0.9981902801353697,,0.9980484416475783,0.9985503599862423,0.9954718606268754
465.0,0.9982128496643673,,0.9980660139420652,0.9986034518975742,0.9955245314235522
466.0,0.9982395767381804,,0.9980846199009336,0.9986542354649351,0.9955632599505204
467.0,0.9982633341371253,,0.9981001248666573,0.9987027106883251,0.9956081850418036
468.0,0.9982912490808856,,0.9981166634967625,0.998758110943628,0.9956469135687718
469.0,0.9983185700896723,,0.9981373367843942,0.9988100486829743,0.9956902895189762
470.0,0.9983447032285118,,0.9981507744213547,0.998848136358495,0.9957336654691806
471.0,0.9983708363673511,,0.9981600774007889,0.9988862240340157,0.9957754922783063
472.0,0.9983957816362433,,0.9981807506884205,0.9989312367414493,0.9958142208052745
473.0,0.9984177572302674,,0.9981972893185257,0.9989785577928538,0.9958653424608725
474.0,0.9984462661090013,,0.9982127942842495,0.9990224163283019,0.9958994235646046
475.0,0.9984723992478407,,0.9982282992499731,0.9990651206917646,0.9959273081040217
476.0,0.9984943748418648,,0.9982386358937889,0.9991193667750818,0.9959706840542262
477.0,0.9985151625659416,,0.9982562081882758,0.9991563002786171,0.9960078634401156
478.0,0.9985389199648865,,0.9982644775033284,0.9992024671580362,0.9960574359546349
479.0,0.9985632712988051,,0.9982830834621969,0.9992520965534116,0.996097713622682
480.0,0.9985899983726182,,0.9982954874347758,0.9992832591970194,0.9961271473031778
481.0,0.9986137557715631,,0.9983068577429731,0.9993351969363659,0.9961705232533822
482.0,0.9986321677557455,,0.9983182280511705,0.9993663595799738,0.9962030552160355
483.0,0.9986511736749014,,0.9983295983593679,0.999400984739538,0.9962495294483973
484.0,0.9986796825536353,,0.9983502716469995,0.9994309932111604,0.9962851596932081
485.0,0.9987004702777121,,0.99836370928396,0.9994667725427101,0.9963176916558614
486.0,0.998716506522,,0.9983864499003547,0.999497935186318,0.9963409287720424
487.0,0.9987408578559185,,0.9983988538729337,0.9995337145178678,0.9963703624525382
488.0,0.9987557062302591,,0.9984143588386574,0.9995660313334611,0.9963951487097978
489.0,0.9987723364095206,,0.9984226281537101,0.9996110440408946,0.9964354263778448
490.0,0.9987871847838611,,0.998429863804381,0.999643360856488,0.9964648600583407
491.0,0.9988127239877269,,0.9984443351057232,0.9996860652199505,0.9965175308550175
492.0,0.9988335117118038,,0.9984629410645917,0.9997218445515003,0.9965454153944345
493.0,0.9988548933708542,,0.9984774123659337,0.999762240570992,0.9965996353321901
494.0,0.9988738992900101,,0.9984970519891837,0.9997945573865853,0.9966352655770009
495.0,0.9988970627539815,,0.9985084222973811,0.9998291825461496,0.9966708958218116
496.0,0.9989142868682165,,0.9985177252768154,0.9998730410815977,0.9967049769255436
497.0,0.998940420007056,,0.9985321965781574,0.9999030495532201,0.9967359597471183
498.0,0.9989540805114493,,0.9985477015438812,0.9999376747127843,0.9967777865562439
499.0,0.998976650040447,,0.998558038187697,0.9999688373563922,0.996805671095661
500.0,0.9989914984147875,,0.9989746049334733,0.9999988458280146,0.9968382030583143
501.0,0.9989926862847348,,0.9989890762348155,,0.9968660875977314
502.0,0.9989974377645238,,0.9989932108923418,,0.9968877755728336
503.0,0.99900337711426,,0.9990014802073944,,0.9969110126890146
504.0,0.9990069407241018,,0.9990087158580655,,0.9969342498051955
505.0,0.9990122861388644,,0.9990149178443549,,0.9969683309089276
506.0,0.9990140679437852,,0.9990211198306445,,0.996994666307266
507.0,0.9990211951634688,,0.999029389145697,,0.9970039611537383
508.0,0.9990271345132049,,0.9990324901388418,,0.9970318456931554
509.0,0.999031885992994,,0.9990397257895128,,0.9970721233612024
510.0,0.9990354496028356,,0.9990469614401839,,0.9971000079006195
511.0,0.9990390132126774,,0.9990510960977103,,0.9971154993114067
512.0,0.9990455464973873,,0.999061432741526,,0.9971387364275878
513.0,0.999053861587018,,0.9990676347278155,,0.9971588752616112
514.0,0.9990609888067015,,0.9990748703784865,,0.9971836615188708
515.0,0.9990651463515169,,0.9990800387003944,,0.9972270374690753
516.0,0.9990704917662795,,0.9990852070223023,,0.9972425288798625
517.0,0.9990716796362267,,0.9990996783236444,,0.9972735117014372
518.0,0.9990764311160157,,0.9991027793167891,,0.9972951996765393
519.0,0.9990811825958047,,0.9991110486318419,,0.9973153385105629
520.0,0.9990841522706728,,0.9991182842825129,,0.9973509687553735
521.0,0.9990918734253299,,0.999120351611276,,0.9973865990001843
522.0,0.9990972188400925,,0.9991234526044208,,0.9974082869752866
523.0,0.9991031581898288,,0.9991317219194734,,0.9974299749503888
524.0,0.9991061278646969,,0.9991368902413813,,0.9974516629254909
525.0,0.9991096914745387,,0.9991430922276708,,0.9974795474649081
526.0,0.9991126611494067,,0.9991482605495787,,0.9974950388756954
527.0,0.9991168186942221,,0.9991513615427234,,0.9975120794275614
528.0,0.9991180065641694,,0.9991575635290129,,0.9975291199794274
529.0,0.9991209762390374,,0.9991627318509207,,0.9975399639669785
530.0,0.9991275095237473,,0.9991679001728286,,0.9975523570956083
531.0,0.9991304791986154,,0.9991741021591182,,0.9975678485063957
532.0,0.999135824613378,,0.9991761694878813,,0.997594183904734
533.0,0.9991399821581934,,0.9991823714741708,,0.9976081261744426
534.0,0.9991447336379824,,0.9991896071248418,,0.9976313632906235
535.0,0.9991477033128505,,0.9991947754467497,,0.9976437564192533
536.0,0.9991506729877186,,,,0.997674739240828
537.0,0.999154830532534,,0.9992009774330393,,0.9976964272159301
538.0,0.9991578002074021,,0.9992061457549472,,0.9977119186267174
539.0,0.9991613638172439,,0.9992092467480919,,0.9977274100375048
540.0,0.9991661152970328,,0.999211314076855,,0.9977490980126069
541.0,0.9991714607117954,,0.9992175160631445,,0.9977738842698666
542.0,0.9991774000615317,,0.9992247517138155,,0.997800219668205
543.0,0.9991821515413206,,0.9992299200357234,,0.9978250059254646
544.0,0.9991845272812151,,0.999236122022013,,0.9978466939005668
545.0,0.9991892787610042,,0.9992423240083024,,0.9978575378881179
546.0,0.9991928423708458,,0.9992443913370656,,0.9978668327345903
547.0,0.9991964059806876,,0.9992516269877366,,0.99789161899185
548.0,0.9992017513954502,,0.999255761645263,,0.9979055612615585
549.0,0.9992041271353447,,0.999257828974026,,0.9979226018134245
550.0,0.9992094725501073,,0.9992619636315524,,0.9999984508589213
551.0,0.9992136300949227,,0.9992733339397498,,
552.0,0.9992213512495798,,,,
553.0,0.999227290599316,,0.9992764349328945,,
554.0,0.999232042079105,,0.9992836705835656,,
555.0,0.9992350117539731,,0.9992857379123288,,
556.0,0.9992373874938676,,0.9992878052410918,,
557.0,0.9992403571687357,,0.999289872569855,,
558.0,0.9992427329086302,,0.9992919398986182,,
559.0,0.9992486722583664,,0.9992950408917629,,
560.0,0.9992528298031819,,0.9993002092136708,,
561.0,0.9992581752179445,,0.9993043438711972,,
562.0,0.9992635206327071,,0.9993064111999603,,
563.0,0.9992670842425488,,0.999309512193105,,
564.0,0.9992700539174169,,0.9993126131862498,,
565.0,0.9992742114622323,,0.9993157141793945,1.0,
566.0,0.9992783690070476,,0.9993188151725393,,
567.0,0.999282526551863,,0.999321916165684,,
568.0,0.999287278031652,,0.9993250171588287,,
569.0,0.9992926234464146,,0.9993281181519734,,
570.0,0.9992973749262036,,0.9993312191451182,,
571.0,0.9993015324710189,,0.9993332864738814,,
572.0,0.9993050960808607,,0.9993384547957893,,
573.0,0.9993068778857815,,0.9993405221245524,,
574.0,0.999311035430597,,0.9993425894533156,,
575.0,0.9993157869103859,,0.9993446567820787,,1.0
576.0,0.9993169747803331,,0.9993477577752234,,
577.0,0.9993241020000166,,0.9993518924327498,,
578.0,0.9993270716748848,,0.999353959761513,,
579.0,0.9993294474147792,,0.9993560270902762,,
580.0,0.9993300413497529,,0.9993591280834209,,
581.0,0.9993324170896474,,0.9993632627409472,,
582.0,0.9993365746344627,,0.9993653300697103,,
583.0,0.9993389503743572,,,,
584.0,0.9993425139841989,,0.9993694647272366,,
585.0,0.9993460775940407,,0.9993725657203814,,
586.0,0.999350235138856,,0.9993756667135261,,
587.0,0.9993532048137241,,0.9993798013710524,,
588.0,0.9993549866186451,,0.9993839360285788,,
589.0,0.9993573623585396,,0.999388070686105,,
590.0,0.9993609259683813,,0.9993953063367761,,
591.0,0.9993662713831439,,0.9993984073299209,,
592.0,0.9993686471230384,,0.999400474658684,,
593.0,0.9993710228629329,,0.9994046093162103,,
594.0,0.9993728046678537,,0.999407710309355,,
595.0,0.9993763682776955,,0.9994118449668814,,
596.0,0.9993781500826163,,0.9994170132887893,,
597.0,0.9993834954973789,,0.9994211479463156,,
598.0,0.9993870591072207,,0.9994242489394604,,
599.0,0.9993918105870097,,0.9994273499326051,,
600.0,0.9993953741968514,,1.0,,
601.0,0.9993965620667987,,,,
602.0,0.9994013135465877,,,,
603.0,0.9994066589613503,,,,
604.0,0.9994090347012448,,,,
605.0,0.9994125983110865,,,,
606.0,0.9994161619209283,,,,
607.0,0.9994226952056381,,,,
608.0,0.999427446685427,,,,
609.0,0.9994310102952688,,,,
610.0,0.9994369496450051,,,,
611.0,0.9994381375149524,,,,
612.0,0.9994405132548468,,,,
613.0,0.999443482929715,,,,
614.0,0.9994470465395566,,,,
615.0,0.9994494222794511,,,,
616.0,0.999451204084372,,,,
617.0,0.9994547676942138,,,,
618.0,0.9994589252390291,,,,
619.0,0.9994613009789236,,,,
620.0,0.999465458523739,,,,
621.0,0.9994684281986072,,,,
622.0,0.9994719918084488,,,,
623.0,0.9994743675483433,,,,
624.0,0.9994767432882379,,,,
625.0,0.9994797129631059,,,,
626.0,0.9994809008330532,,,,
627.0,0.999482682637974,,,,
628.0,0.9994838705079213,,,,
629.0,0.9994874341177631,,,,
630.0,0.9994892159226839,,,,
631.0,0.9994927795325257,,,,
632.0,0.9994939674024729,,,,
633.0,0.9994987188822619,,,,
634.0,0.9994999067522091,,,,
635.0,0.9995052521669717,,,,
636.0,0.999506440036919,,,,
637.0,0.9995105975817343,,,,
638.0,0.9995129733216288,,,,
639.0,0.9995165369314706,,,,
640.0,0.9995201005413124,,,,
641.0,0.9995224762812068,,,,
642.0,0.9995278216959694,,,,
643.0,0.9995290095659167,,,,
644.0,0.9995307913708376,,,,
645.0,0.9995325731757584,,,,
646.0,0.9995343549806793,,,,
647.0,0.9995349489156529,,,,
648.0,0.9995361367856002,,,,
649.0,0.9995397003954419,,,,
650.0,0.9995414822003628,,,,
651.0,0.9995456397451782,,,,
652.0,0.9995509851599408,,,,
653.0,0.9995515790949143,,,,
654.0,0.9995533608998353,,,,
655.0,0.9995563305747034,,,,
656.0,0.9995593002495715,,,,
658.0,0.9995628638594132,,,,
659.0,0.9995646456643341,,,,
660.0,0.9995670214042286,,,,
661.0,0.9995676153392022,,,,
662.0,0.9995693971441231,,,,
663.0,0.9995729607539648,,,,
664.0,0.999574148623912,,,,
666.0,0.9995753364938593,,,,
667.0,0.9995771182987802,,,,
668.0,0.9995783061687274,,,,
669.0,0.9995800879736483,,,,
670.0,0.9995824637135428,,,,
671.0,0.99958365158349,,,,
672.0,0.9995848394534372,,,,
673.0,0.9995872151933318,,,,
674.0,0.9995889969982527,,,,
675.0,0.9995907788031735,,,,
676.0,0.9995937484780416,,,,
677.0,0.9995943424130153,,,,
678.0,0.9995967181529097,,,,
679.0,0.999597906022857,,,,
680.0,0.9995984999578306,,,,
681.0,0.9995990938928042,,,,
682.0,0.9995996878277779,,,,
683.0,0.9996002817627515,,,,
684.0,0.9996032514376196,,,,
685.0,0.9996044393075668,,,,
686.0,0.9996068150474613,,,,
687.0,0.9996109725922767,,,,
688.0,0.9996139422671448,,,,
689.0,0.999616911942013,,,,
690.0,0.9996175058769866,,,,
691.0,0.9996180998119601,,,,
692.0,0.9996186937469338,,,,
693.0,0.9996192876819074,,,,
694.0,0.9996204755518546,,,,
695.0,0.9996228512917492,,,,
696.0,0.99962463309667,,,,
698.0,0.9996252270316437,,,,
699.0,0.9996258209666173,,,,
700.0,0.9996281967065118,,,,
701.0,0.9996299785114326,,,,
702.0,0.9996323542513271,,,,
703.0,0.9996329481863008,,,,
705.0,0.9996341360562481,,,,
706.0,0.9996353239261953,,,,
707.0,0.9996382936010634,,,,
708.0,0.9996400754059842,,,,
709.0,0.9996430450808523,,,,
710.0,0.9996442329507996,,,,
711.0,0.9996466086906941,,,,
713.0,0.9996483904956149,,,,
714.0,0.9996489844305886,,,,
715.0,0.9996525480404304,,,,
716.0,0.999653141975404,,,,
717.0,0.999657893455193,,,,
718.0,0.9996602691950874,,,,
719.0,0.9996614570650347,,,,
720.0,0.9996632388699556,,,,
721.0,0.9996638328049292,,,,
722.0,0.9996644267399029,,,,
723.0,0.9996662085448237,,,,
724.0,0.9996673964147709,,,,
725.0,0.9996697721546655,,,,
726.0,0.9996709600246126,,,,
727.0,0.9996715539595863,,,,
728.0,0.9996721478945599,,,,
729.0,0.9996745236344544,,,,
730.0,0.9996751175694281,,,,
732.0,0.9996768993743489,,,,
733.0,0.9996780872442962,,,,
734.0,0.9996792751142434,,,,
735.0,0.9996804629841907,,,,
736.0,0.9996810569191643,,,,
737.0,0.9996828387240851,,,,
738.0,0.9996840265940323,,,,
739.0,0.9996858083989533,,,,
740.0,0.9996875902038741,,,,
741.0,0.999689372008795,,,,
743.0,0.9996911538137159,,,,
744.0,0.9996917477486895,,,,
745.0,0.999694123488584,,,,
746.0,0.9996970931634521,,,,
748.0,0.9996994689033466,,,,
749.0,0.9997012507082674,,,,
750.0,0.9997018446432411,,,,
751.0,0.9997030325131884,,,,
752.0,0.9997048143181092,,,,
753.0,0.9997054082530829,,,,
754.0,0.9997071900580037,,,,
756.0,0.9997089718629245,,,,
757.0,0.9997095657978982,,,,
759.0,0.9997113476028191,,,,
760.0,0.9997125354727663,,,,
761.0,0.9997137233427136,,,,
762.0,0.9997149112126608,,,,
765.0,0.9997160990826081,,,,
766.0,0.9997196626924498,,,,
768.0,0.999720850562397,,,,
770.0,0.9997220384323443,,,,
771.0,0.9997232263022915,,,,
772.0,0.9997238202372651,,,,
773.0,0.9997250081072124,,,,
774.0,0.9997261959771596,,,,
775.0,0.9997267899121333,,,,
776.0,0.9997291656520277,,,,
777.0,0.999730353521975,,,,
778.0,0.9997333231968432,,,,
779.0,0.9997345110667903,,,,
780.0,0.9997368868066848,,,,
781.0,0.9997392625465793,,,,
782.0,0.9997404504165266,,,,
783.0,0.9997410443515002,,,,
784.0,0.9997428261564211,,,,
785.0,0.9997434200913947,,,,
786.0,0.9997440140263684,,,,
787.0,0.9997452018963155,,,,
788.0,0.9997469837012365,,,,
789.0,0.999749359441131,,,,
790.0,0.9997499533761046,,,,
791.0,0.9997511412460518,,,,
792.0,0.9997547048558936,,,,
794.0,0.9997552987908672,,,,
795.0,0.9997564866608144,,,,
796.0,0.9997576745307617,,,,
797.0,0.9997582684657353,,,,
798.0,0.9997594563356825,,,,
799.0,0.9997600502706562,,,,
800.0,0.9997612381406034,,,,
801.0,0.999761832075577,,,,
802.0,0.9997630199455243,,,,
803.0,0.999763613880498,,,,
804.0,0.9997648017504451,,,,
805.0,0.9997665835553661,,,,
806.0,0.9997677714253133,,,,
807.0,0.9997683653602869,,,,
808.0,0.9997701471652077,,,,
809.0,0.999771335035155,,,,
810.0,0.9997725229051022,,,,
812.0,0.9997731168400759,,,,
813.0,0.9997737107750495,,,,
814.0,0.9997748986449968,,,,
815.0,0.999776086514944,,,,
816.0,0.9997766804499176,,,,
818.0,0.9997772743848913,,,,
819.0,0.9997778683198648,,,,
820.0,0.9997784622548385,,,,
822.0,0.9997790561898121,,,,
823.0,0.9997796501247858,,,,
824.0,0.9997802440597594,,,,
826.0,0.9997808379947329,,,,
828.0,0.9997820258646802,,,,
829.0,0.9997826197996539,,,,
830.0,0.9997832137346275,,,,
831.0,0.9997838076696011,,,,
832.0,0.9997849955395484,,,,
833.0,0.9997873712794428,,,,
835.0,0.9997891530843637,,,,
836.0,0.9997897470193373,,,,
837.0,0.999790340954311,,,,
838.0,0.9997909348892846,,,,
840.0,0.9997915288242583,,,,
841.0,0.9997921227592318,,,,
842.0,0.9997927166942054,,,,
843.0,0.9997933106291791,,,,
844.0,0.9997956863690736,,,,
845.0,0.9997974681739944,,,,
846.0,0.9997992499789153,,,,
848.0,0.9998016257188098,,,,
850.0,0.9998034075237306,,,,
851.0,0.9998040014587043,,,,
852.0,0.9998051893286516,,,,
853.0,0.9998069711335724,,,,
854.0,0.9998081590035197,,,,
855.0,0.9998099408084405,,,,
856.0,0.9998111286783877,,,,
857.0,0.9998117226133614,,,,
858.0,0.9998129104833087,,,,
859.0,0.9998135044182823,,,,
860.0,0.9998140983532559,,,,
862.0,0.9998152862232031,,,,
863.0,0.9998158801581768,,,,
864.0,0.9998176619630976,,,,
865.0,0.9998182558980713,,,,
867.0,0.9998188498330449,,,,
869.0,0.9998206316379658,,,,
872.0,0.9998212255729394,,,,
874.0,0.9998224134428866,,,,
875.0,0.9998230073778602,,,,
876.0,0.9998247891827811,,,,
877.0,0.9998253831177547,,,,
880.0,0.9998259770527284,,,,
881.0,0.9998277588576492,,,,
882.0,0.9998283527926228,,,,
883.0,0.9998295406625701,,,,
884.0,0.9998301345975438,,,,
885.0,0.9998307285325173,,,,
886.0,0.999831322467491,,,,
887.0,0.9998319164024646,,,,
889.0,0.9998336982073854,,,,
890.0,0.9998348860773327,,,,
891.0,0.9998354800123064,,,,
892.0,0.9998360739472799,,,,
893.0,0.9998366678822536,,,,
894.0,0.9998378557522009,,,,
895.0,0.9998384496871745,,,,
896.0,0.9998396375571217,,,,
897.0,0.999840825427069,,,,
898.0,0.9998420132970162,,,,
899.0,0.9998426072319898,,,,
901.0,0.9998432011669635,,,,
902.0,0.9998443890369106,,,,
904.0,0.9998461708418316,,,,
906.0,0.9998473587117788,,,,
907.0,0.9998485465817261,,,,
911.0,0.9998491405166997,,,,
912.0,0.9998497344516732,,,,
913.0,0.9998515162565942,,,,
917.0,0.9998521101915678,,,,
918.0,0.999853298061515,,,,
919.0,0.9998538919964887,,,,
921.0,0.9998544859314623,,,,
922.0,0.9998556738014095,,,,
923.0,0.9998562677363831,,,,
924.0,0.9998568616713568,,,,
925.0,0.9998574556063304,,,,
926.0,0.999858049541304,,,,
928.0,0.9998586434762776,,,,
929.0,0.9998592374112513,,,,
931.0,0.9998604252811986,,,,
932.0,0.9998610192161721,,,,
933.0,0.9998639888910402,,,,
935.0,0.9998645828260139,,,,
936.0,0.9998657706959612,,,,
937.0,0.999867552500882,,,,
939.0,0.9998681464358556,,,,
940.0,0.9998705221757501,,,,
942.0,0.9998717100456973,,,,
945.0,0.999872303980671,,,,
946.0,0.9998734918506182,,,,
948.0,0.9998752736555391,,,,
949.0,0.9998758675905127,,,,
950.0,0.9998764615254864,,,,
954.0,0.99987705546046,,,,
955.0,0.9998776493954336,,,,
957.0,0.9998788372653808,,,,
959.0,0.9998794312003545,,,,
960.0,0.999880025135328,,,,
965.0,0.9998806190703017,,,,
966.0,0.9998812130052753,,,,
967.0,0.999881806940249,,,,
969.0,0.9998829948101962,,,,
970.0,0.9998835887451698,,,,
972.0,0.9998841826801435,,,,
973.0,0.9998847766151171,,,,
975.0,0.9998853705500907,,,,
977.0,0.9998859644850643,,,,
983.0,0.9998865584200379,,,,
988.0,0.9998871523550116,,,,
991.0,0.9998877462899852,,,,
992.0,0.9998889341599324,,,,
995.0,0.999889528094906,,,,
996.0,0.9998901220298797,,,,
1000.0,0.9998907159648533,,,,
1001.0,0.9998913098998269,,,,
1002.0,0.9998919038348005,,,,
1003.0,0.9998924977697742,,,,
1004.0,0.9998930917047478,,,,
1005.0,0.999894279574695,,,,
1011.0,0.9998954674446423,,,,
1012.0,0.9998966553145895,,,,
1014.0,0.9998978431845368,,,,
1015.0,0.9998984371195104,,,,
1016.0,0.9998990310544841,,,,
1017.0,0.9998996249894576,,,,
1018.0,0.9999008128594049,,,,
1021.0,0.9999014067943786,,,,
1022.0,0.9999020007293522,,,,
1023.0,0.9999025946643257,,,,
1031.0,0.999903782534273,,,,
1032.0,0.9999043764692467,,,,
1033.0,0.9999049704042202,,,,
1035.0,0.9999055643391939,,,,
1037.0,0.9999061582741675,,,,
1043.0,0.9999067522091412,,,,
1044.0,0.9999073461441148,,,,
1046.0,0.9999079400790883,,,,
1049.0,0.999908534014062,,,,
1054.0,0.9999097218840093,,,,
1057.0,0.9999103158189828,,,,
1059.0,0.9999115036889301,,,,
1063.0,0.9999120976239038,,,,
1064.0,0.9999126915588774,,,,
1066.0,0.9999138794288246,,,,
1067.0,0.9999144733637982,,,,
1069.0,0.9999150672987719,,,,
1070.0,0.9999156612337455,,,,
1073.0,0.9999162551687191,,,,
1076.0,0.9999168491036927,,,,
1080.0,0.99991803697364,,,,
1082.0,0.9999186309086135,,,,
1083.0,0.9999192248435872,,,,
1092.0,0.9999198187785608,,,,
1093.0,0.9999204127135345,,,,
1094.0,0.9999216005834817,,,,
1103.0,0.9999221945184553,,,,
1104.0,0.9999239763233763,,,,
1112.0,0.9999251641933234,,,,
1114.0,0.9999257581282971,,,,
1116.0,0.9999263520632707,,,,
1119.0,0.9999269459982443,,,,
1125.0,0.9999281338681916,,,,
1128.0,0.9999287278031652,,,,
1130.0,0.9999293217381389,,,,
1131.0,0.9999299156731124,,,,
1132.0,0.999930509608086,,,,
1133.0,0.9999316974780333,,,,
1134.0,0.999932291413007,,,,
1135.0,0.9999334792829542,,,,
1136.0,0.9999346671529015,,,,
1141.0,0.9999358550228487,,,,
1143.0,0.999937042892796,,,,
1144.0,0.9999376368277696,,,,
1147.0,0.9999382307627431,,,,
1151.0,0.9999388246977168,,,,
1154.0,0.9999394186326904,,,,
1155.0,0.9999412004376113,,,,
1156.0,0.9999417943725849,,,,
1158.0,0.9999423883075585,,,,
1165.0,0.9999429822425322,,,,
1168.0,0.9999435761775057,,,,
1170.0,0.9999441701124794,,,,
1173.0,0.999944764047453,,,,
1175.0,0.9999453579824267,,,,
1178.0,0.9999459519174003,,,,
1179.0,0.9999465458523739,,,,
1187.0,0.9999471397873475,,,,
1188.0,0.9999477337223212,,,,
1191.0,0.9999483276572948,,,,
1192.0,0.9999489215922684,,,,
1204.0,0.999949515527242,,,,
1205.0,0.9999507033971893,,,,
1211.0,0.9999518912671365,,,,
1216.0,0.9999524852021101,,,,
1218.0,0.9999530791370838,,,,
1220.0,0.9999536730720574,,,,
1232.0,0.999954267007031,,,,
1242.0,0.9999548609420046,,,,
1244.0,0.9999554548769782,,,,
1255.0,0.9999560488119519,,,,
1256.0,0.9999566427469255,,,,
1259.0,0.9999572366818991,,,,
1262.0,0.9999578306168727,,,,
1263.0,0.9999584245518464,,,,
1270.0,0.99995901848682,,,,
1271.0,0.9999596124217937,,,,
1272.0,0.9999602063567672,,,,
1276.0,0.9999608002917408,,,,
1277.0,0.9999613942267145,,,,
1281.0,0.9999625820966618,,,,
1291.0,0.9999631760316353,,,,
1294.0,0.999963769966609,,,,
1299.0,0.9999643639015826,,,,
1306.0,0.9999649578365563,,,,
1308.0,0.9999655517715298,,,,
1312.0,0.9999661457065034,,,,
1315.0,0.9999667396414771,,,,
1326.0,0.9999673335764507,,,,
1328.0,0.9999679275114244,,,,
1330.0,0.9999691153813716,,,,
1336.0,0.9999697093163452,,,,
1343.0,0.9999703032513189,,,,
1347.0,0.9999708971862925,,,,
1351.0,0.999971491121266,,,,
1352.0,0.9999720850562397,,,,
1359.0,0.9999726789912133,,,,
1360.0,0.999973272926187,,,,
1366.0,0.9999738668611605,,,,
1376.0,0.9999744607961342,,,,
1377.0,0.9999750547311078,,,,
1384.0,0.9999756486660815,,,,
1390.0,0.9999762426010551,,,,
1392.0,0.9999768365360286,,,,
1395.0,0.9999774304710023,,,,
1403.0,0.9999780244059759,,,,
1419.0,0.9999786183409496,,,,
1420.0,0.9999792122759232,,,,
1421.0,0.9999798062108968,,,,
1428.0,0.9999804001458704,,,,
1434.0,0.9999809940808441,,,,
1440.0,0.9999815880158177,,,,
1453.0,0.9999821819507912,,,,
1454.0,0.9999827758857649,,,,
1464.0,0.9999833698207385,,,,
1478.0,0.9999839637557122,,,,
1493.0,0.9999851516256594,,,,
1505.0,0.999985745560633,,,,
1522.0,0.9999863394956067,,,,
1540.0,0.9999869334305803,,,,
1544.0,0.999987527365554,,,,
1546.0,0.9999887152355011,,,,
1549.0,0.9999893091704748,,,,
1565.0,0.9999899031054484,,,,
1569.0,0.999990497040422,,,,
1583.0,0.9999910909753956,,,,
1584.0,0.9999922788453429,,,,
1585.0,0.9999928727803166,,,,
1614.0,0.9999934667152901,,,,
1632.0,0.9999940606502637,,,,
1633.0,0.9999946545852374,,,,
1637.0,0.999995248520211,,,,
1661.0,0.9999958424551847,,,,
1677.0,0.9999964363901582,,,,
1679.0,0.9999970303251319,,,,
1720.0,0.9999976242601055,,,,
1759.0,0.9999982181950792,,,,
1764.0,0.9999994060650264,,,,
1957.0,1.0,,,,
