value,mimic_iv_probability,ohsu_probability,rush_probability,ucmc_probability,umn_probability
0.0,0.0005759705103098721,,,,
5.0,0.0006911646123718466,,,,
7.8,,,,0.00006747638326585695,
9.0,0.000806358714433821,,,,
9.2,,,,0.0001349527665317139,
9.4,,0.00003604902667627974,,,
10.0,,,0.000024604482936791083,,
11.4,,0.00007209805335255949,,,
11.9,,,0.000049208965873582165,,
12.0,0.0010367469185577698,,,,
12.8,,0.00010814708002883922,,,
13.0,,,,0.00020242914979757084,
13.1,,,,0.0002699055330634278,
13.4,,,,0.00033738191632928474,
13.6,,,0.00007381344881037324,0.0004048582995951417,
14.2,,0.00014419610670511897,,,
14.5,,,,0.0005398110661268556,
14.7,,,,0.0006072874493927126,
14.8,,,0.00009841793174716433,,
15.0,0.0011519410206197443,,,,
15.1,,,0.00012302241468395542,,
15.3,,0.0001802451333813987,,,
15.5,,,,0.0006747638326585695,
15.8,,0.0002523431867339582,,,
16.0,0.0012671351226817187,,,,
16.1,,,0.0001476268976207465,,
16.3,,,,0.0007422402159244265,
16.4,,,0.0001722313805575376,,
16.5,,,,0.0008097165991902834,
16.6,,0.00028839221341023794,,,
16.8,,,,0.0008771929824561404,
17.0,0.0014975233268056676,0.0003244412400865177,0.00019683586349432866,,
17.1,,0.00039653929343907713,,,
17.2,,0.0004325883201153569,,,
17.6,,0.00046863734679163663,,,
17.7,,,,0.0010121457489878543,
17.8,,0.0005407354001441961,0.00022144034643111976,,
17.9,,,0.00024604482936791083,,
18.0,,0.0005767844268204759,0.00027064931230470193,,
18.1,,,,0.0010796221322537112,
18.3,,0.0006128334534967556,,,
18.4,,,,0.001147098515519568,
18.6,,,,0.0012145748987854252,
18.7,,0.0006488824801730354,0.000295253795241493,0.001282051282051282,
18.8,,,,0.001349527665317139,
18.9,,0.0007209805335255948,0.0003198582781782841,,
19.0,0.0017279115309296164,,0.0003936717269886573,0.001417004048582996,
19.1,,0.0007570295602018746,0.0004182762099254484,0.001484480431848853,
19.2,,0.0008651766402307138,,,
19.3,,0.0009012256669069935,0.0004428806928622395,,
19.4,,,0.00046748517579903057,0.0016194331983805667,
19.5,,,,0.0016869095816464238,
19.6,,0.0009372746935832733,,0.0018218623481781376,
19.7,,0.000973323720259553,,0.0018893387314439945,
19.8,,0.0010093727469358328,,,
19.9,,0.0010454217736121125,,,
20.0,0.002188687939177514,0.0010814708002883922,0.0005166941416726127,,
20.2,,0.0011175198269646718,,0.0019568151147098516,
20.3,,0.0011896178803172315,,0.0020917678812415654,
20.4,,0.0012617159336697908,0.0005659031075461949,0.0021592442645074223,
20.5,,,0.000590507590482986,0.002226720647773279,
20.6,,0.0013338139870223505,,,
20.7,,0.0013698630136986301,,0.0024291497975708503,0.005235602094240838
20.8,,,,0.002496626180836707,
21.0,0.0025342702453634374,0.0014419610670511895,0.0006643210392933592,0.002564102564102564,
21.1,,,0.0006889255222301504,0.002699055330634278,
21.2,,,0.0007135300051669414,0.002901484480431849,
21.3,,0.0015140591204037491,,0.003036437246963563,
21.4,,0.0016222062004325882,,0.0031713900134952766,
21.5,,0.0017303532804614275,,0.0032388663967611335,
21.6,,,0.0007381344881037326,0.0033063427800269904,
21.7,,0.0017664023071377072,,,
21.8,,0.001802451333813987,,0.0034412955465587046,
21.9,,0.0018745493871665465,0.0007627389710405236,0.0035087719298245615,
22.0,0.0028798525515493605,0.0019826964671953856,0.0008365524198508968,,
22.1,,0.0020187454938716655,0.000885761385724479,,
22.2,,0.002054794520547945,0.0009103658686612701,0.0035762483130904184,
22.3,,0.002090843547224225,0.0009349703515980611,0.0036437246963562753,
22.4,,0.0021629416005767843,,0.003778677462887989,
22.5,,0.0023071377072819035,0.0009595748345348523,,
22.6,,0.002379235760634463,0.0010087838004084345,,
22.7,,,0.0010579927662820166,0.00398110661268556,
22.8,,0.0024513338139870223,0.0010825972492188077,,
22.9,,0.002487382840663302,0.0011318062150923898,0.004183535762483131,
23.0,,0.0025594808940158616,0.0012548286297763452,0.004318488529014845,
23.1,,0.0027036770007209804,0.0012794331127131363,,
23.2,,,,0.004453441295546558,0.010471204188481676
23.3,,0.0027397260273972603,0.0013286420785867184,0.00465587044534413,
23.4,,0.00277577505407354,0.0013532465615235096,0.004858299595141701,
23.5,,0.0028478731074260996,,,
23.6,,,0.0013778510444603007,0.0049257759784075575,
23.7,,0.002956020187454939,,,
23.8,,0.0030641672674837778,,0.005060728744939271,
23.9,,0.003172314347512617,0.001451664493270674,0.005195681511470985,
24.0,0.003340628959797258,0.0032444124008651765,0.0015746869079546293,0.005668016194331984,
24.1,,0.0032804614275414564,,0.005802968960863698,
24.2,,0.0033165104542177363,0.0015992913908914204,0.005937921727395412,
24.3,,,0.0016977093226385848,0.006005398110661269,
24.4,,0.003496755587599135,,0.0061403508771929825,
24.5,,0.003713049747656813,0.001746918288512167,0.006545209176788124,
24.6,,0.0038211968276856524,,,
24.7,,0.003929343907714491,0.001796127254385749,,
24.8,,0.004037490987743331,0.0018207317373225402,0.0066801619433198385,
24.9,,0.00410958904109589,,0.006815114709851552,
25.0,0.00391659947010713,0.00425378514780101,0.0019683586349432867,,
25.1,,0.0043619322278298485,0.0019929631178800776,0.006882591093117409,
25.2,,0.0043979812545061284,0.002017567600816869,0.006950067476383266,
25.3,,0.004470079307858687,0.002066776566690451,,
25.4,,,0.002115985532564033,0.007152496626180837,
25.5,,0.004614275414563807,0.0021651944984376155,0.007354925775978407,
25.6,,0.004686373467916366,,0.007557354925775978,
25.7,,0.0049387166546503245,,0.007692307692307693,
25.8,,0.005118961788031723,0.0021897989813744064,0.007827260458839407,
25.9,,0.005155010814708003,0.0022144034643111973,0.008029689608636977,
26.0,0.004262181776293054,0.005263157894736842,0.0022636124301847796,,
26.1,,0.005335255948089402,0.0022882169131215706,0.008097165991902834,
26.2,,0.0055155010814708005,0.002312821396058362,0.008164642375168691,
26.3,,0.005803893294881038,0.002362030361931944,,
26.4,,0.005875991348233598,0.002411239327805526,0.008232118758434548,
26.5,,0.0060922855082912765,,0.008367071524966262,
26.6,,0.006200432588320115,0.0024850527766158994,0.008569500674763832,
26.7,,0.006344628695025234,0.0025588662254262726,0.00863697705802969,
26.8,,0.006488824801730353,0.002632679674236646,0.008771929824561403,
26.9,,0.0067051189617880315,,0.008906882591093117,
27.0,0.0048381522866029255,0.006813266041816871,0.002706493123047019,0.008974358974358974,
27.1,,0.007029560201874549,0.0027557020889206014,,
27.2,,0.007209805335255948,,0.009109311740890687,
27.3,,0.007570295602018745,0.0027803065718573924,0.009581646423751687,
27.4,,0.007642393655371305,0.002927933469478139,0.009649122807017544,
27.5,,0.007822638788752704,0.002977142435351721,0.009716599190283401,
27.6,,0.008111031002162941,0.0030263514012253035,0.009986504723346829,
27.7,,0.008147080028839222,0.0030509558841620944,0.010121457489878543,
27.8,,0.008543619322278298,0.0031247693329724676,0.0101889338731444,
27.9,,0.008723864455659697,0.003247791747656423,,
28.0,0.006220481511346619,0.008976207642393656,0.0033462096794035874,0.01039136302294197,
28.1,,0.009156452775775054,0.0033954186452771697,0.010458839406207827,
28.2,,0.009300648882480172,0.0034446276111507516,0.010931174089068825,
28.3,,0.009480894015861573,0.003518441059961125,0.011066126855600539,
28.4,,0.009589041095890411,0.0036168589917082894,0.011133603238866396,
28.5,,0.00980533525594809,0.0036414634746450803,,
28.6,,0.010057678442682048,0.0037152769234554536,0.011403508771929825,
28.7,,0.010273972602739725,0.003764485889329036,0.011605937921727396,
28.8,,0.010670511896178804,0.003789090372265827,0.012145748987854251,
28.9,,0.01099495313626532,0.0038629038210762,0.012213225371120108,
29.0,0.007142034327842414,0.01110310021629416,0.004035135201633738,0.012348178137651822,
29.1,,0.011499639509733237,0.004158157616317693,0.012415654520917679,
29.2,,0.011715933669790915,0.004231971065128066,0.012550607287449392,
29.3,,0.012220620043258832,0.004256575548064858,0.012685560053981106,
29.4,,0.01240086517664023,0.004354993479812021,0.01282051282051282,
29.5,,0.01254506128334535,0.004453411411559186,0.012955465587044534,
29.6,,0.012905551550108148,0.004502620377432768,0.01302294197031039,
29.7,,0.013302090843547224,0.004527224860369559,0.013360323886639677,
29.8,,0.013626532083633743,0.0046010383091799325,0.013427800269905534,
29.9,,0.01391492429704398,0.004699456240927097,0.013697705802968961,
30.0,0.008409169450524133,0.014419610670511895,0.004822478655611052,0.014035087719298246,
30.1,,0.014744051910598414,0.004945501070295007,0.014102564102564103,
30.2,,0.014996395097332372,0.00499471003616859,0.01417004048582996,
30.3,,0.01528478731074261,0.005043919002042172,0.014237516869095817,
30.4,,0.01542898341744773,0.005068523484978963,0.01437246963562753,
30.5,,0.015789473684210527,0.005093127967915754,0.014507422402159244,
30.6,,0.016330209084354723,0.0051915458996629185,0.014574898785425101,
30.7,,0.01661860129776496,0.005339172797283665,0.014777327935222672,
30.8,,0.017051189617880318,0.00546219521196762,0.015317139001349527,
30.9,,0.017555875991348235,0.005609822109588367,0.015384615384615385,
31.0,0.009330722267019928,0.01798846431146359,0.005806657973082696,0.015587044534412956,
31.1,,0.01816870944484499,0.005880471421893069,0.015856950067476384,
31.2,,0.018457101658255228,0.0060280983195138155,0.015991902834008098,
31.3,,0.018961788031723145,0.00612651625126098,0.016329284750337382,
31.4,,0.019322278298485943,0.006200329700071353,0.016734143049932523,
31.5,,0.019646719538572457,0.00637256108062889,0.016936572199730094,
31.6,,0.020043258832011537,0.006470979012376055,0.01720647773279352,
31.7,,0.020331651045421773,0.006495583495312846,0.01727395411605938,
31.8,,0.02087238644556597,0.006544792461186428,0.017408906882591092,
31.9,,0.021485219899062727,0.006667814875870383,0.017543859649122806,
32.0,0.010367469185577698,0.021809661139149242,0.006864650739364713,0.017746288798920377,
32.1,,0.02220620043258832,0.006938464188175086,0.01788124156545209,
32.2,,0.02256669069935112,,0.018218623481781375,
32.3,,0.023035328046142754,0.007012277636985459,0.018556005398110663,
32.4,,0.02361211247296323,0.0072091135004797875,0.018893387314439947,
32.5,,0.02386445565969719,0.007356740398100534,0.019163292847503375,
32.6,,0.024549387166546505,0.007479762812784489,0.019568151147098516,
32.7,,0.02516222062004326,0.007578180744531654,0.019770580296896087,
32.8,,0.025811103100216296,0.0077504121250891915,0.019973009446693658,
32.9,,0.02645998558038933,0.007898039022709937,0.0203778677462888,
33.0,0.01198018661444534,0.026964671953857246,0.008144083852077849,0.02058029689608637,
33.1,,0.027505407354001442,0.008217897300888222,0.02098515519568151,
33.2,,0.02768565248738284,0.008439337647319342,0.021390013495276652,
33.3,,0.028262436914203316,0.008586964544940089,0.021524966261808366,
33.4,,0.02901946647440519,0.008734591442560835,0.02186234817813765,
33.5,,0.029379956741167987,0.008882218340181582,0.022267206477732792,
33.6,,0.029812545061283346,0.009251285584233448,0.02253711201079622,0.015706806282722512
33.7,,0.030353280461427542,0.009521934896538149,0.022739541160593794,
33.8,,0.030894015861571738,0.009718770760032478,0.02280701754385965,
33.9,,0.031578947368421054,0.009915606623526807,0.02300944669365722,
34.0,0.01405368045156088,0.03186733958183129,0.010186255935831508,0.023076923076923078,
34.1,,0.032444124008651765,0.010284673867578673,0.02327935222672065,
34.2,,0.032948810382119685,0.01045690524813621,0.023549257759784076,
34.3,,0.03366979091564528,0.010555323179883374,0.023819163292847504,
34.4,,0.034102379235760635,0.010850576975124867,0.02415654520917679,
34.5,,0.03442682047584715,0.011096621804492779,,
34.6,,0.03518385003604903,0.011170435253303152,0.02456140350877193,
34.7,,0.03568853640951694,0.011416480082671062,0.024898785425101214,
34.8,,0.03637346791636626,0.011539502497355018,0.02496626180836707,
34.9,,0.03705839942321557,0.011883965258470094,0.025303643724696356,
35.0,0.01566639788042852,0.03770728190338861,0.012203823536648378,0.02543859649122807,
35.1,,0.038428262436914204,0.012351450434269124,0.025775978407557354,
35.2,,0.0393294881038212,0.012548286297763453,0.025910931174089068,
35.3,,0.04012256669069935,0.012818935610068154,0.02611336032388664,
35.4,,0.04098774333093007,0.013114189405309647,0.02631578947368421,
35.5,,0.04149242970439798,0.013360234234677559,0.02651821862348178,
35.6,,0.042105263157894736,0.01363088354698226,0.02678812415654521,
35.7,,0.04282624369142033,0.01385232389341338,0.027192982456140352,
35.8,,0.04358327325162221,0.013950741825160545,0.02726045883940621,
35.9,,0.04416005767844268,0.014098368722781291,0.027597840755735494,
36.0,0.018315862227853932,0.04452054794520548,0.014442831483896365,0.027732793522267207,
36.1,,0.04534967555875991,0.014811898727948232,0.027800269905533064,
36.2,,0.04599855803893295,0.015131757006126517,0.027935222672064778,
36.3,,0.04657534246575343,0.01542701080136801,0.028205128205128206,
36.4,,0.0475126171593367,0.015746869079546293,0.028609986504723347,
36.5,,0.048089401586157175,0.016042122874787786,0.02874493927125506,
36.6,,0.048846431146359046,0.01633737667002928,0.028879892037786774,
36.7,,0.04945926459985581,0.01658342149939719,0.02894736842105263,
36.8,,0.0503604902667628,0.01678025736289152,0.029149797570850202,
36.9,,0.05129776496034607,0.017100115641069804,0.02941970310391363,
37.0,0.021656491187651193,0.052126892573900505,0.01729695150456413,0.029757085020242914,
37.1,,0.0526676279740447,0.01751839185099525,0.029892037786774628,
37.2,,0.053496755587599136,0.017764436680363163,0.03029689608636977,
37.3,,0.05436193222782985,0.018059690475604656,0.030566801619433197,
37.4,,0.05558759913482336,0.018305735304972565,0.03076923076923077,
37.5,,0.05623648161499639,0.018551780134340477,0.0310391363022942,
37.6,,0.057137707281903385,0.018822429446645177,0.031309041835357626,
37.7,,0.0581831290555155,0.019142287724823463,0.03151147098515519,
37.8,,0.05944484498918529,0.019585168417685702,0.031578947368421054,
37.9,,0.060346070656092286,0.019905026695863987,0.03164642375168691,
38.0,0.025112314249510426,0.06135544340302812,0.020274093939915853,0.031916329284750335,
38.1,,0.06236481614996395,0.020618556701030927,0.032388663967611336,
38.2,,0.0633381398702235,0.020938414979209213,0.032658569500674764,
38.3,,0.06463590483056958,0.021258273257387494,0.03319838056680162,
38.4,,0.06546503244412401,0.021602736018502572,0.03367071524966262,
38.5,,0.0665465032444124,0.021873385330807273,0.03394062078272605,
38.6,,0.06730353280461428,0.022217848091922347,0.03461538461538462,
38.7,,0.06820475847152127,0.022611519818911005,0.034885290148448045,
38.8,,0.0693943763518385,0.023079004994710037,0.03502024291497976,
38.9,,0.0704397981254506,0.02332504982407795,0.0354251012145749,
39.0,0.028683331413431632,0.07123287671232877,0.023694117068129815,0.035560053981106614,
39.1,,0.07209805335255948,0.02403857982924489,0.03609986504723347,
39.2,,0.07328767123287672,0.024432251556233547,0.036302294197031036,
39.3,,0.07444124008651766,0.02477671431734862,0.03650472334682861,
39.4,,0.07537851478010094,0.025145781561400488,0.037044534412955465,
39.5,,0.07645998558038933,0.02549024432251556,0.03731443994601889,
39.6,,0.07764960346070657,0.02588391604950422,0.037786774628879895,
39.7,,0.07855082912761356,0.026179169844745713,0.03798920377867746,
39.8,,0.0798846431146359,0.026523632605860787,0.03805668016194332,
39.9,,0.08118240807498198,0.026720468469355118,0.0383940620782726,
40.0,0.03306070729178666,0.08233597692862293,0.027163349162217357,0.03873144399460189,
40.1,,0.08338139870223504,0.02750781192333243,0.0393387314439946,
40.2,,0.08442682047584715,0.027753856752700343,0.0398110661268556,
40.3,,0.08565248738284066,0.028147528479689,0.04035087719298246,
40.4,,0.08662581110310022,0.028516595723740865,0.04048582995951417,0.020942408376963352
40.5,,0.0875630857966835,0.028811849518982358,0.04082321187584345,
40.6,,0.08868060562364816,0.029082498831287062,0.04089068825910931,
40.7,,0.09019466474405191,0.02930393917771818,0.04129554655870445,0.02617801047120419
40.8,,0.0916366258111031,0.029919051251137956,0.04197031039136302,
40.9,,0.09300648882480173,0.03043574539281057,0.04230769230769231,
41.0,0.03720769496601774,0.0944844989185292,0.031026252983293555,0.04271255060728745,
41.1,,0.0958904109589041,0.03149373815909259,0.04311740890688259,
41.2,,0.09747656813266042,0.031838200920207664,0.04358974358974359,
41.3,,0.09881038211968277,0.03240410402775386,0.0441970310391363,0.031413612565445025
41.4,,0.10028839221341024,0.032748566788868935,0.04473684210526316,
41.5,,0.10140591204037491,0.0331176340329208,0.045006747638326586,
41.6,,0.10245133381398702,0.033535910242846245,0.045344129554655874,
41.7,,0.1037490987743331,0.034175626799202816,0.04595141700404858,
41.8,,0.1053352559480894,0.03474152990674901,0.046086369770580296,0.041884816753926704
41.9,,0.10670511896178803,0.03523361956548483,0.04662618083670715,
42.0,0.04319778827324041,0.10821917808219178,0.03582412715596782,0.04696356275303644,
42.1,,0.10948089401586157,0.03651305267819797,0.04763832658569501,
42.2,,0.111211247296323,0.03707895578574416,0.047908232118758436,
42.3,,0.11315789473684211,0.03769406785916394,0.04804318488529015,
42.4,,0.11445565969718817,0.03816155303496297,0.04824561403508772,
42.5,,0.11604181687094449,0.03857982924488842,0.048515519568151144,
42.6,,0.11733958183129055,0.03885047855719312,0.04885290148448043,
42.7,,0.11892573900504687,0.03931796373299215,0.049257759784075573,
42.8,,0.12069214131218457,0.03985926235760155,0.049662618083670715,
42.9,,0.122422494592646,0.04044976994808454,0.05026990553306343,0.04712041884816754
43.0,0.048496716968091234,0.12404470079307858,0.040966464089757154,0.050809716599190285,
43.1,,0.1258111031002163,0.041606180646113725,0.05121457489878543,
43.2,,0.12761355443403027,0.04241812858302783,0.05134952766531714,
43.3,,0.1293439077144917,0.04293482272470044,0.05155195681511471,
43.4,,0.13111031002162943,0.0435991437639938,0.051821862348178135,
43.5,,0.13262436914203315,0.044189651354476785,0.05209176788124156,0.05235602094240838
43.6,,0.13460706560922855,0.04458332308146544,0.05229419703103914,0.05759162303664921
43.7,,0.13705839942321557,0.045173830671948426,0.05283400809716599,
43.8,,0.13882480173035328,0.045788942745368204,0.053306342780026994,
43.9,,0.14066330209084354,0.046428659301724774,0.053711201079622135,
44.0,0.05471719847943785,0.1428622927180966,0.046969957926334176,0.05398110661268556,
44.1,,0.1443042537851478,0.047412838619196415,0.05425101214574899,0.06282722513089005
44.2,,0.14621485219899064,0.04790492827793224,0.05445344129554656,
44.3,,0.14834174477289114,0.04839701793666806,0.054723346828609985,
44.4,,0.1502162941600577,0.04903673449302463,0.05499325236167341,
44.5,,0.15223503965392934,0.04972566001525478,0.0553306342780027,
44.6,,0.15396539293439077,0.05026695863986418,0.055870445344129556,0.06806282722513089
44.7,,0.15612833453496755,0.05083286174741038,0.056140350877192984,
44.8,,0.15818312905551551,0.051275742440272616,0.056477732793522264,0.07853403141361257
44.9,,0.16023792357606345,0.05176783209900844,0.05674763832658569,
45.0,0.06139845639903237,0.16200432588320116,0.05240754865536501,0.057219973009446694,
45.1,,0.1640230713770728,0.053244101075215905,0.05735492577597841,
45.2,,0.1661860129776496,0.054154466943877176,0.05755735492577598,0.08900523560209424
45.3,,0.16856524873828407,0.05499101936372807,0.057692307692307696,0.09424083769633508
45.4,,0.17108868060562366,0.05570454936889501,0.058299595141700404,
45.5,,0.17317952415284787,0.05624584799350442,0.05910931174089069,
45.6,,0.1755948089401586,0.0571316093792289,0.05917678812415655,0.09947643979057591
45.7,,0.17743330930064888,0.057722116969711884,0.05951417004048583,
45.8,,0.17945205479452056,0.05846025145781562,0.059784075573549256,0.10471204188481675
45.9,,0.18107426099495313,0.05907536353123539,0.06005398110661268,
46.0,0.06923165533924663,0.1839942321557318,0.05981349801933912,0.0606612685560054,
46.1,,0.18622927180966115,0.06052702802450607,0.06106612685560054,0.1099476439790576
46.2,,0.18817591925018023,0.061658834239598455,0.061605937921727395,
46.3,,0.19030281182408074,0.06249538665944935,0.06201079622132254,
46.4,,0.19260994953136265,0.06330733459636345,0.062280701754385964,
46.5,,0.19459264599855805,0.06409467805034078,0.06248313090418354,
46.6,,0.19686373467916365,0.06490662598725488,0.06268556005398111,0.11518324607329843
46.7,,0.19895457822638787,0.06571857392416898,0.06329284750337381,0.12041884816753927
46.8,,0.20118961788031722,0.06640749944639913,0.06403508771929825,
46.9,,0.2033886085075703,0.06739167876387078,0.06464237516869095,0.1256544502617801
47.0,0.07936873632070038,0.20591204037490987,0.068425067047216,0.06572199730094468,
47.1,,0.20868781542898343,0.06936003739881406,0.06605937921727395,
47.2,,0.21110310021629416,0.07002435843810742,0.0664642375168691,0.13089005235602094
47.3,,0.21377072819033885,0.07098393327264227,0.06686909581646423,
47.4,,0.21607786589762076,0.07206653052186109,0.06727395411605938,
47.5,,0.2181326604181687,0.0730999188052063,0.06761133603238867,0.13612565445026178
47.6,,0.22054794520547946,0.07418251605442512,0.06821862348178137,
47.7,,0.22317952415284786,0.07531432226951751,0.06828609986504723,
47.8,,0.22494592645998557,0.07620008365524199,0.06855600539811066,0.14659685863874344
47.9,,0.22764960346070656,0.0770120315921561,0.06896086369770581,
48.0,0.08939062320009215,0.23010093727469358,0.07811923332431168,0.0694331983805668,0.1518324607329843
48.1,,0.23233597692862293,0.0789557857441626,0.06977058029689609,0.15706806282722513
48.2,,0.2346791636625811,0.0800137785104446,0.07031039136302294,
48.3,,0.23705839942321558,0.08117018920847378,0.07091767881241566,
48.4,,0.23954578226387888,0.0819575326624511,0.07145748987854252,
48.5,,0.243042537851478,0.08321236129222745,0.07206477732793522,
48.6,,0.24556596971881758,0.08429495854144625,0.0724021592442645,
48.7,,0.24780100937274693,0.08540216027360185,0.07280701754385965,0.16230366492146597
48.8,,0.24996395097332372,0.08668159338631498,0.07314439946018893,
48.9,,0.2525955299206921,0.08788721305021775,0.07348178137651822,
49.0,0.09895173367123604,0.2551910598413843,0.0891420416799941,0.07408906882591093,
49.1,,0.2574621485219899,0.09054449720739119,0.07469635627530365,
49.2,,0.26002162941600576,0.09226681101296656,0.07516869095816464,
49.3,,0.2627974044700793,0.09379228895504761,0.0757085020242915,0.17277486910994763
49.4,,0.2658615717375631,0.09487488620426641,0.07618083670715249,
49.5,,0.2678442682047585,0.09612971483404276,0.07672064777327935,
49.6,,0.27036770007209804,0.09760598381025022,0.0772604588394062,0.18324607329842932
49.7,,0.27339581831290555,0.09893462588883695,0.07827260458839407,0.18848167539267016
49.8,,0.27591925018024516,0.09999261865511896,0.07894736842105263,0.193717277486911
49.9,,0.27891131939437636,0.1010014024555274,0.07928475033738192,
50.0,0.10862803824444188,0.2815068493150685,0.10245306694879808,0.0796221322537112,
50.1,,0.2843547224224946,0.10363408212976405,0.0800944669365722,
50.2,,0.2869502523431867,0.10481509731073002,0.08070175438596491,
50.3,,0.289942321557318,0.10592229904288561,0.0810391363022942,
50.4,,0.29293439077144917,0.10680806042861009,0.08157894736842106,
50.5,,0.29599855803893294,0.10838274733656472,0.08238866396761134,0.19895287958115182
50.6,,0.2992790194664744,0.10973599389808823,0.08313090418353576,
50.7,,0.3023071377072819,0.11118765839135891,0.08367071524966262,0.20418848167539266
50.8,,0.3051189617880317,0.11300839012868144,0.08407557354925776,
50.9,,0.3078226387887527,0.11436163669020495,0.0844804318488529,0.2094240837696335
51.0,0.12106900126713513,0.3106705118961788,0.11593632359815959,0.08502024291497975,
51.1,,0.31377072819033885,0.11736338360849347,0.08576248313090418,0.2198952879581152
51.2,,0.3168348954578226,0.11874123465295376,0.08643724696356275,0.225130890052356
51.3,,0.3196106705118962,0.12019289914622444,0.08724696356275304,0.23036649214659685
51.4,,0.32238644556596974,0.1219644219176734,0.08778677462887989,
51.5,,0.3254145638067772,0.12351450434269123,0.08825910931174089,
51.6,,0.32837058399423213,0.12516300469945624,0.08866396761133603,
51.7,,0.33118240807498195,0.1266638781586005,0.08947368421052632,
51.8,,0.334282624369142,0.12860763231060698,0.09021592442645074,0.24607329842931938
51.9,,0.3372025955299207,0.130256132667372,0.09095816464237517,0.2513089005235602
52.0,0.13408593480013822,0.3403749098774333,0.13202765543882095,0.09176788124156546,0.2617801047120419
52.1,,0.34387166546503245,0.13365155131264916,0.09244264507422402,
52.2,,0.3471160778658976,0.13510321580591983,0.0932523616734143,0.2670157068062827
52.3,,0.35010814708002885,0.13680092512855843,0.09338731443994602,0.2774869109947644
52.4,,0.3531723143475126,0.13867086583175456,0.09426450742240217,0.28272251308900526
52.5,,0.3567772170151406,0.1401717392908988,0.09520917678812416,
52.6,,0.35973323720259553,0.14209088895996852,0.09574898785425101,
52.7,,0.3625090122566691,0.14393622518022783,0.0965587044534413,0.2879581151832461
52.8,,0.36557317952415286,0.14563393450286644,0.09723346828609987,0.2931937172774869
52.9,,0.3693943763518385,0.1476515021036833,0.09804318488529015,
53.0,0.14940675037438084,0.3720620043258832,0.14971827867037374,0.09925775978407557,
53.1,,0.37501802451333816,0.151809659720001,0.09993252361673415,0.3036649214659686
53.2,,0.3781182408074982,0.15412248111605933,0.10026990553306343,
53.3,,0.3810742609949531,0.1561892576827498,0.100944669365722,0.3089005235602094
53.4,,0.3840663302090844,0.158403661147061,0.10168690958164642,
53.5,,0.38756308579668347,0.1603228108161307,0.102361673414305,
53.6,,0.3910958904109589,0.16234037841694757,0.10283400809716599,0.31413612565445026
53.7,,0.39408795962509013,0.16443175946657482,0.10357624831309042,0.3193717277486911
53.8,,0.39794520547945206,0.16657234948207564,0.10404858299595142,0.32460732984293195
53.9,,0.4012256669069935,0.1685899170828925,0.1048582995951417,
54.0,0.16415159543831356,0.4042177361211247,0.17048446226902542,0.1053306342780027,
54.1,,0.4074260994953136,0.1724528209039687,0.10607287449392712,0.3298429319371728
54.2,,0.4106705118961788,0.17454420195359593,0.10688259109311742,0.33507853403141363
54.3,,0.4135544340302812,0.1763649336909185,0.1076923076923077,0.3403141361256545
54.4,,0.4168709444844989,0.17838250129173536,0.10843454790823212,0.35602094240837695
54.5,,0.42000720980533524,0.18062150923898335,0.10958164642375169,0.3612565445026178
54.6,,0.4228911319394376,0.18254065890805304,0.11045883940620782,0.36649214659685864
54.7,,0.4263157894736842,0.18468124892355386,0.11140350877192982,0.38219895287958117
54.8,,0.4301369863013699,0.18692025687080185,0.11160593792172739,
54.9,,0.43323720259552995,0.1890854513692395,0.11234817813765183,0.387434554973822
55.0,0.1770533348692547,0.4361211247296323,0.1915212951799818,0.11315789473684211,0.39267015706806285
55.1,,0.44008651766402307,0.19344044484905148,0.11383265856950067,
55.2,,0.44297043979812545,0.19582707969392024,0.11470985155195682,
55.3,,0.4460346070656092,0.19777083384592672,0.11545209176788124,
55.4,,0.4496755587599135,0.20045272248603696,0.11605937921727395,0.39790575916230364
55.5,,0.4527757750540735,0.20296237974558964,0.1169365721997301,0.4031413612565445
55.6,,0.456308579668349,0.2052998056245848,0.11788124156545209,
55.7,,0.4597332372025955,0.2077848584012007,0.11869095816464237,
55.8,,0.46290555155010815,0.21022070221194303,0.11970310391363023,0.4083769633507853
55.9,,0.46629416005767843,0.2122382698127599,0.12010796221322537,0.418848167539267
56.0,0.19352609146411703,0.4702235039653929,0.21474792707231258,0.12078272604588394,0.4293193717277487
56.1,,0.4736481614996395,0.21691312157075018,0.1214574898785425,
56.2,,0.47638788752703676,0.21907831606918782,0.12219973009446694,
56.3,,0.4801730353280461,0.22148955539699333,0.12253711201079621,
56.4,,0.4834895457822639,0.2237777723101149,0.12321187584345479,
56.5,,0.4865176640230714,0.2268041237113402,0.12422402159244264,
56.6,,0.49026676279740444,0.22899392269271462,0.1252361673414305,0.4397905759162304
56.7,,0.49333093006488826,0.23106069925940506,0.12611336032388665,
56.8,,0.49632299927901946,0.233422729621337,0.1267881241565452,0.44502617801047123
56.9,,0.4996395097332372,0.2359323868808897,0.1275978407557355,0.45549738219895286
57.0,0.21241792420228084,0.5028118240807499,0.23858967103806314,0.12827260458839407,
57.1,,0.5061283345349675,0.24105011933174225,0.12887989203778677,0.4607329842931937
57.2,,0.5093006488824802,0.24383042590359963,0.1297570850202429,
57.3,,0.5129416005767844,0.2469551952365721,0.1307017543859649,
57.4,,0.5165104542177361,0.24941564353025122,0.1311740890688259,
57.5,,0.5202956020187455,0.2519006963068671,0.13191632928475033,0.46596858638743455
57.6,,0.5234318673395818,0.2542135177029255,0.13232118758434547,
57.7,,0.5270007209805335,0.2565263390989838,0.1331983805668016,
57.8,,0.5298485940879596,0.2590606008414733,0.13407557354925775,
57.9,,0.5330569574621485,0.26154565361808924,0.13529014844804318,0.4712041884816754
58.0,0.22912106900126714,0.5364095169430425,0.2646212139851881,0.13609986504723348,
58.1,,0.5397260273972603,0.26779519228403414,0.13677462887989203,
58.2,,0.5432227829848594,0.2706985212705755,0.13711201079622132,
58.3,,0.5466113914924297,0.2732081785301282,0.13771929824561405,0.47643979057591623
58.4,,0.5500720980533526,0.2763821568289742,0.13819163292847503,0.4816753926701571
58.5,,0.5530641672674838,0.27965455305956743,0.13893387314439945,0.4869109947643979
58.6,,0.5561283345349676,0.28290234480722387,0.1398110661268556,
58.7,,0.5592285508291276,0.2857810693108284,0.1406207827260459,0.4973821989528796
58.8,,0.5619682768565248,0.2887336072632434,0.141970310391363,
58.9,,0.565969718817592,0.2909972196934281,0.14271255060728744,0.5026178010471204
59.0,0.24801290173943094,0.5696106705118962,0.2941711979922742,0.14358974358974358,0.5078534031413613
59.1,,0.5727469358327325,0.29702531801294196,0.1446693657219973,0.518324607329843
59.2,,0.5755227108868061,0.29970720665305217,0.14547908232118759,0.5235602094240838
59.3,,0.578226387887527,0.3023398863272888,0.14642375168690958,0.5287958115183246
59.4,,0.581434751261716,0.3049725660015255,0.147165991902834,
59.5,,0.5851478010093727,0.3076298501586989,0.14784075573549257,0.5340314136125655
59.6,,0.5885003604902668,0.3101641119011884,0.14878542510121456,
59.7,,0.5913121845710165,0.31282139605836184,0.14973009446693658,0.5392670157068062
59.8,,0.5942321557317952,0.31599537435720787,0.15053981106612685,0.5549738219895288
59.9,,0.5976928622927181,0.31882488989493885,0.15148448043184884,0.5602094240837696
60.0,0.26736551088584265,0.6007570295602018,0.32241714440371033,0.15215924426450742,0.5706806282722513
60.1,,0.6035328046142754,0.32541889132199886,0.15310391363022943,
60.2,,0.6065609228550829,0.32797775754742514,0.15398110661268555,
60.3,,0.6095169430425379,0.33063504170459856,0.15465587044534412,
60.4,,0.612364816149964,0.33380902000344465,0.155668016194332,0.5759162303664922
60.5,,0.6158976207642394,0.3364416996776813,0.1564102564102564,
60.6,,0.6191059841384282,0.33927121521541226,0.15762483130904184,
60.7,,0.6228550829127614,0.3421745442019536,0.15856950067476383,
60.8,,0.6264239365537131,0.34529931353492604,0.15944669365721997,0.581151832460733
60.9,,0.6294881038211968,0.348128829072657,0.1606612685560054,0.5863874345549738
61.0,0.28591176131782053,0.6334174477289113,0.3515980611667446,0.16147098515519567,0.5916230366492147
61.1,,0.6366979091564527,0.3542307408409812,0.16214574898785425,
61.2,,0.640338860850757,0.3575277415545112,0.16282051282051282,0.6020942408376964
61.3,,0.6434751261715934,0.36050488398986297,0.16309041835357624,
61.4,,0.6461788031723144,0.3633836084934675,0.16403508771929826,
61.5,,0.6491348233597692,0.3668282361046183,0.1649122807017544,0.6178010471204188
61.6,,0.6523071377072819,0.3700022144034643,0.16605937921727396,
61.7,,0.6549387166546503,0.3729547523558792,0.16686909581646422,0.6230366492146597
61.8,,0.6580028839221341,0.3762517530694092,0.1680161943319838,0.6335078534031413
61.9,,0.6615717375630858,0.37962256723174964,0.16889338731443995,
62.0,0.3035364589333026,0.6648521989906273,0.3830425903599636,0.16997300944669366,
62.1,,0.6677361211247297,0.3859459193465049,0.17071524966261808,0.6387434554973822
62.2,,0.6705479452054794,0.3888738528159831,0.17192982456140352,0.6492146596858639
62.3,,0.6732516222062004,0.39224466697832344,0.1726045883940621,
62.4,,0.676423936553713,0.395713899072411,0.17361673414304993,0.6544502617801047
62.5,,0.6796683489545782,0.39883866840538346,0.1748987854251012,
62.6,,0.6822638788752704,0.40137293014787295,0.17557354925775978,0.6649214659685864
62.7,,0.6854361932227829,0.40457151292965576,0.17651821862348177,
62.8,,0.6886445565969719,0.4080653495066801,0.17726045883940622,0.6701570680628273
62.9,,0.6919250180245133,0.41094407401028465,0.17827260458839406,0.675392670157068
63.0,0.3233498444879622,0.6949891852919972,0.4144625150702458,0.17928475033738192,0.680628272251309
63.1,,0.6980894015861572,0.4180055606131437,0.1800944669365722,
63.2,,0.700901225666907,0.4213271658096105,0.1816464237516869,0.6858638743455497
63.3,,0.7041816870944485,0.4246979799719509,0.18299595141700406,0.6963350785340314
63.4,,0.706705118961788,0.4285854882759639,0.18427800269905534,
63.5,,0.7094808940158616,0.43175946657480996,0.18569500674763834,
63.6,,0.7120764239365537,0.4345643776296041,0.18704453441295546,
63.7,,0.7148882480173036,0.43805821420662844,0.18812415654520917,
63.8,,0.7176279740447008,0.441404423886032,0.1888663967611336,0.7068062827225131
63.9,,0.7202956020187455,0.4445537977019413,0.18987854251012146,
64.0,0.34581269439004725,0.723071377072819,0.4481706566936496,0.1910931174089069,0.7225130890052356
64.1,,0.7262436914203316,0.4511970080948749,0.19197031039136303,
64.2,,0.7288752703677001,0.45402652363260587,0.1932523616734143,0.7329842931937173
64.3,,0.7320475847152127,0.4574465467608198,0.19453441295546559,0.7382198952879581
64.4,,0.7352919971160778,0.4607927564402234,0.19581646423751686,
64.5,,0.7385003604902668,0.46436040646605814,0.19709851551956814,
64.6,,0.7414203316510454,0.4672145264867259,0.1978407557354926,
64.7,0.3459278884921092,0.7442682047584716,0.4705361316831927,0.19898785425101215,0.7539267015706806
64.8,,0.7472602739726028,0.4739807592943434,0.20040485829959515,
64.9,,0.7495674116798846,0.47698250621263194,0.20148448043184886,
65.0,0.36988826172099987,0.7524152847873108,0.480746992101961,0.20283400809716598,0.7591623036649214
65.1,,0.755155010814708,0.4836749255714391,0.20398110661268556,
65.2,,0.7577144917087238,0.4867012769726644,0.2053306342780027,0.7643979057591623
65.3,,0.7599495313626532,0.4902935314814359,0.2062753036437247,
65.4,,0.7626171593366979,0.4933936963314716,0.2076923076923077,
65.5,,0.7649963950973324,0.4967153015279384,0.2086369770580297,
65.6,,0.7677721701514059,0.4999630932755948,0.20978407557354925,
65.7,,0.7704758471521269,0.5029648401938833,0.21106612685560053,0.7696335078534031
65.8,,0.7732155731795242,0.5063110498732869,0.21194331983805667,
65.9,,0.7756669069935112,0.5095096326550698,0.21302294197031038,
66.0,0.3961525169911301,0.7783705839942322,0.5132003050955884,0.2142375168690958,0.7801047120418848
66.1,,0.7809661139149243,0.5163250744285609,0.21531713900134952,0.7853403141361257
66.2,,0.7829488103821197,0.5197943065226485,0.21653171390013495,0.7905759162303665
66.3,,0.7854001441961067,0.5230667027532416,0.21808367071524967,0.7958115183246073
66.4,,0.7874909877433309,0.5264129124326452,0.21963562753036436,0.8010471204188482
66.5,,0.7896178803172315,0.5296360996973649,0.22071524966261807,
66.6,,0.7927180966113915,0.5325394286839062,0.2216599190283401,
66.7,,0.7951333813987023,0.5356641980168787,0.22321187584345478,0.806282722513089
66.8,,0.7977649603460707,0.5390104076962823,0.22462887989203778,
66.9,,0.8000360490266762,0.5417661097852029,0.22624831309041835,0.8115183246073299
67.0,0.4194217256076489,0.802451333813987,0.5453583642939743,0.22766531713900134,0.8167539267015707
67.1,,0.8045782263878876,0.548581551558694,0.22908232118758434,
67.2,,0.8070656092285509,0.5515094850281721,0.2305668016194332,
67.3,,0.8092285508291276,0.554708067809955,0.23171390013495277,0.8219895287958116
67.4,,0.8113193943763518,0.5577590236941171,0.23238866396761135,0.8272251308900523
67.5,,0.8131939437635184,0.5606377481977216,0.23346828609986506,0.8324607329842932
67.6,,0.8155731795241529,0.5641069802918092,0.2344804318488529,
67.7,,0.8178442682047584,0.5673301675565288,0.23650472334682862,
67.8,,0.8201514059120404,0.5703811234406909,0.23825910931174088,
67.9,,0.8226027397260274,0.5730630120808011,0.23967611336032388,
68.0,0.4434972929386015,0.8245133381398703,0.5762369903796472,0.24116059379217275,
68.1,,0.8263518385003605,0.5792879462638093,0.24278002699055332,
68.2,,0.8293799567411679,0.5824127155967818,0.24453441295546557,0.837696335078534
68.3,,0.8311463590483057,0.5853898580321335,0.24601889338731445,
68.4,,0.8328406633020908,0.588268582535738,0.24723346828609988,
68.5,,0.8343186733958183,0.5912457249710897,0.24925775978407558,0.8429319371727748
68.6,,0.8362292718096611,0.5947149570651773,0.25074224021592445,
68.7,,0.838392213410238,0.5975444726029082,0.25141700404858297,
68.8,,0.8395818312905552,0.6002755702088921,0.25317139001349526,
68.9,,0.8415645277577506,0.6027606229855079,0.2543859649122807,
69.0,0.47010713051491765,0.8436193222782985,0.6056885564549861,0.2558029689608637,
69.1,,0.8454578226387888,0.6087149078562114,0.25769230769230766,
69.2,,0.8478010093727469,0.6118642816721207,0.2595141700404858,0.8481675392670157
69.3,,0.8497837058399423,0.614644588243978,0.26059379217273954,
69.4,,0.8517303532804614,0.6173510813670251,0.26180836707152494,
69.5,,0.8533886085075703,0.6203774327682504,0.26342780026990553,
69.6,,0.8549747656813266,0.6230593214083606,0.26464237516869094,0.8534031413612565
69.7,,0.8566690699351117,0.6263317176389538,0.26626180836707153,0.8586387434554974
69.8,,0.8587599134823359,0.6288659793814433,0.2676788124156545,
69.9,,0.8600937274693583,0.6313756366409959,0.2686234817813765,
70.0,0.495565027070614,0.8617880317231434,0.6342297566616637,0.2702429149797571,
70.1,,0.8637346791636625,0.6370346677164579,0.2715924426450742,
70.2,,0.8659697188175919,0.6397411608395049,0.27280701754385966,0.8638743455497382
70.3,,0.8674837779379957,0.6428167212066038,0.27591093117408905,0.8691099476439791
70.4,,0.8691780821917808,0.6449327067391679,0.27699055330634276,
70.5,,0.8704037490987744,0.6470979012376055,0.2786774628879892,0.8743455497382199
70.6,,0.8719899062725306,0.6495337450483478,0.2802294197031039,0.8795811518324608
70.7,,0.8734318673395818,0.6518711709273429,0.2817139001349528,
70.8,,0.8749819754866619,0.6545038506015796,0.28313090418353576,
70.9,,0.8767483777937995,0.6575548064857417,0.2846828609986505,
71.0,0.5210229236263103,0.8781182408074982,0.6605073444381566,0.28609986504723345,
71.1,,0.8794520547945206,0.6628939792830254,0.28785425101214573,
71.2,,0.8810382119682768,0.6657480993036932,0.28954116059379215,
71.3,,0.8825522710886806,0.6683807789779298,0.2908906882591093,0.8848167539267016
71.4,,0.8839942321557318,0.6708412272716089,0.292442645074224,
71.5,,0.8853280461427542,0.6732770710823512,0.29412955465587043,
71.6,,0.8863013698630137,0.676008168688335,0.29615384615384616,0.8952879581151832
71.7,,0.8881759192501802,0.6779273183574047,0.29790823211875844,
71.8,,0.8895457822638789,0.6801909307875895,0.29973009446693655,
71.9,,0.8910598413842826,0.6828482149447629,0.30087719298245613,
72.0,0.5517797488768575,0.8923576063446287,0.6857023349654306,0.30303643724696355,
72.1,,0.8936553713049747,0.6879905518785523,0.30492577597840753,0.9057591623036649
72.2,,0.894844989185292,0.6901065374111163,0.30708502024291495,
72.3,,0.8962509012256669,0.6926654036365426,0.3083670715249663,
72.4,,0.8975126171593367,0.6948059936520434,0.31025641025641026,0.9109947643979057
72.5,,0.8985940879596251,0.696626725389366,0.31140350877192985,
72.6,,0.8996755587599135,0.6987673154048668,0.31322537112010795,
72.7,,0.9006849315068494,0.7008586964544941,0.3153846153846154,
72.8,,0.9019466474405191,0.7031223088846787,0.31713900134952766,
72.9,,0.9029920692141312,0.705459734763674,0.3180836707152497,0.9162303664921466
73.0,0.5790807510655455,0.9042898341744773,0.7082646458184682,0.3196356275303644,
73.1,,0.9051189617880318,0.710528258248653,0.3209851551956815,
73.2,,0.9060922855082912,0.7129148930935216,0.3224021592442645,
73.3,,0.9072819033886085,0.7149324606943385,0.3236842105263158,0.9267015706806283
73.4,,0.9082191780821918,0.7169746327780921,0.3249662618083671,
73.5,,0.9095529920692141,0.719238245208277,0.3265182186234818,0.9319371727748691
73.6,,0.9108147080028839,0.7216740890190193,0.32793522267206476,
73.7,,0.9118961788031723,0.7232487759269739,0.3294197031039136,
73.8,,0.912509012256669,0.7251679255960436,0.3311066126855601,0.93717277486911
73.9,,0.9136265320836338,0.7275545604409124,0.3334008097165992,
74.0,0.6097223822140306,0.9147080028839222,0.7297443594222868,0.33475033738191634,
74.1,,0.9158615717375631,0.7319341584036612,0.3365047233468286,
74.2,,0.9171593366979092,0.7338779125556676,0.33832658569500673,
74.3,0.6098375763160926,0.9182408074981976,0.735846271190611,0.3406207827260459,
74.4,,0.9193943763518385,0.7374455625815024,0.3425101214574899,
74.5,,0.9200432588320115,0.7393155032846985,0.3439946018893387,
74.6,,0.921016582552271,0.7409886081244003,0.34547908232118757,0.9424083769633508
74.7,,0.9218817591925018,0.7431291981399011,0.34757085020242917,0.9476439790575916
74.8,,0.92267483777938,0.7449991388430972,0.3496626180836707,
74.9,,0.923576063446287,0.746672243682799,0.35128205128205126,
75.0,0.6362170256882848,0.9245493871665466,0.7488374381812366,0.352834008097166,
75.1,,0.9252703677000721,0.7507811923332431,0.35506072874493927,0.9528795811518325
75.2,,0.9261715933669791,0.7524542971729449,0.35688259109311743,
75.3,,0.9274333093006489,0.7540043795979627,0.3588394062078273,
75.4,,0.9281903388608508,0.7559481337499693,0.36120107962213227,
75.5,,0.9288752703677001,0.7580149103166597,0.3628879892037787,
75.6,,0.9299206921413122,0.7598602465369191,0.3645748987854251,0.9581151832460733
75.7,,0.9304253785147801,0.7616071648254312,0.3661943319838057,
75.8,,0.9311463590483057,0.7633048741480698,0.36808367071524967,0.9685863874345549
75.9,,0.9319033886085075,0.7652240238171395,0.3701754385964912,
76.0,0.6658219099182122,0.932732516222062,0.7672908003838299,0.3718623481781376,
76.1,,0.9336697909156453,0.7687424648771006,0.3736167341430499,
76.2,,0.9342465753424658,0.7704647786826759,0.3761808367071525,
76.3,,0.9348233597692862,0.7719656521418202,0.3780026990553306,
76.4,,0.9354722422494592,0.7740816376743843,0.3799595141700405,
76.5,,0.9362653208363374,0.7756071156164653,0.38225371120107965,
76.6,,0.9370944484498919,0.7770833845926728,0.38394062078272606,
76.7,,0.9376351838500361,0.7788795118470585,0.38576248313090417,
76.8,,0.9383922134102379,0.7806756391014443,0.3876518218623482,
76.9,,0.9391131939437635,0.7825455798046405,0.3899460188933873,
77.0,0.6908190300656606,0.9399062725306416,0.7844155205078365,0.3913630229419703,
77.1,,0.9409156452775775,0.785891789484044,0.3928475033738192,0.9738219895287958
77.2,,0.9417087238644557,0.7876141032896193,0.3946693657219973,
77.3,,0.9421773612112473,0.7889181408852693,0.396221322537112,
77.4,,0.9426820475847152,0.7906896636567182,0.39871794871794874,
77.5,,0.9431146359048306,0.7922889550476097,0.400472334682861,
77.6,,0.943547224224946,0.7940850823019954,0.40209176788124157,
77.7,,0.9443763518385003,0.7955121423123293,0.40391363022941973,
77.8,,0.9448810382119682,0.7969392023226632,0.4059379217273954,0.9790575916230366
77.9,,0.9454578226387887,0.7985877026794282,0.40742240215924425,
78.0,0.7218062435203317,0.9459264599855803,0.8002854120020668,0.4089068825910931,
78.1,,0.9465032444124009,0.8023521885687572,0.4105263157894737,
78.2,,0.9470439798125451,0.8039514799596487,0.41261808367071523,
78.3,,0.9476928622927181,0.8053785399699825,0.41477732793522265,
78.4,,0.9483777937995674,0.8067071820485693,0.4165991902834008,
78.5,,0.9487743330930065,0.8080112196442192,0.41855600539811066,
78.6,,0.9493150684931507,0.8094136751716162,0.4205802968960864,
78.7,,0.9496755587599135,0.8107915262160765,0.4217273954116059,
78.8,,0.9502162941600577,0.8120709593287897,0.4234143049932524,0.9842931937172775
78.9,,0.950648882480173,0.8134980193391236,0.42543859649122806,
79.0,0.7530238451791268,0.9511896178803172,0.815097310730015,0.42766531713900136,
79.1,,0.9517664023071377,0.816499766257412,0.43002699055330634,
79.2,,0.9523071377072819,0.818394311443545,0.4321187584345479,
79.3,,0.9527397260273973,0.82004281180031,0.4348178137651822,
79.4,,0.9530641672674838,0.8215190807765175,0.4369770580296896,
79.5,0.7531390392811887,0.9534967555875992,0.8225032600939891,0.43893387314439947,
79.6,,0.9539653929343908,0.8238319021725758,0.4398110661268556,
79.7,,0.9542898341744773,0.8252097532170362,0.4417004048582996,
79.8,,0.9548666186012977,0.8264153728809389,0.4433198380566802,
79.9,,0.9555515501081471,0.8277686194424624,0.44541160593792173,
80.0,0.78355028222555,0.9560922855082913,0.8296631646285954,0.4475033738191633,
80.1,,0.9564888248017304,0.8309179932583717,0.4501349527665317,
80.2,,0.9567411679884643,0.8322220308540216,0.4520242914979757,
80.3,,0.9569935111751983,0.8336490908643555,0.4539136302294197,
80.4,,0.9572098053352559,0.8346332701818271,0.4559379217273954,
80.5,,0.9577505407354001,0.8357404719139827,0.4573549257759784,
80.6,,0.9580749819754867,0.8367738601973279,0.4587719298245614,
80.7,,0.9582912761355443,0.8379302708953571,0.4609311740890688,
80.8,,0.9586878154289834,0.8394065398715645,0.4626855600539811,
80.9,,0.9589762076423937,0.8406367640184041,0.4645748987854251,
81.0,0.8078562377606266,0.9592285508291276,0.842186846443422,0.46700404858299593,
81.1,,0.959661139149243,0.8434662795561352,0.46889338731443997,
81.2,,0.9601297764960346,0.8449425485323426,0.4711201079622132,
81.3,,0.9604902667627974,0.846074354747435,0.47368421052631576,
81.4,,0.9608147080028839,0.8475752282065793,0.47577597840755737,
81.5,,0.9612472963229993,0.8487316389046085,0.4773954116059379,
81.6,,0.9616438356164384,0.8501833033978791,0.4801619433198381,
81.7,,0.9620764239365537,0.85101985581773,0.4823211875843455,
81.8,,0.9624008651766403,0.8520532441010752,0.4844804318488529,
81.9,,0.9626171593366979,0.8531850503161676,0.4865047233468286,
82.0,0.8318166109895173,0.9628334534967556,0.8548335506729327,0.48819163292847506,
82.1,,0.9630857966834896,0.8559899613709618,0.49055330634278005,
82.2,,0.9635544340302812,0.857146372068991,0.4927800269905533,
82.3,,0.9636265320836337,0.8581305513864627,0.4941970310391363,
82.4,,0.963914924297044,0.8590655217380607,0.49628879892037786,
82.5,,0.9641312184571017,0.8599266786408484,0.4979757085020243,
82.6,,0.9643475126171593,0.8608616489924464,0.5001349527665317,
82.7,,0.9645277577505408,0.8617966193440445,0.502361673414305,
82.8,,0.9649603460706561,0.8630760524567577,0.5049932523616734,
82.9,,0.9651045421773612,0.8640602317742293,0.507557354925776,0.9895287958115183
83.0,0.8537034903812925,0.9652847873107426,0.8653150604040056,0.5097165991902834,
83.1,,0.9655371304974766,0.8664960755849715,0.5114035087719299,
83.2,,0.9657534246575342,0.8675786728341904,0.5136977058029689,
83.3,,0.966113914924297,0.8687104790492828,0.5151821862348178,
83.4,,0.966366258111031,0.869989912161996,0.5178137651821862,
83.5,,0.9665825522710887,0.8707772556159732,0.5195681511470985,
83.6,,0.9669069935111752,0.8720320842457496,0.5217948717948718,
83.7,,0.9671953857245854,0.8729670545973477,0.5237516869095816,0.9947643979057592
83.8,,0.967519826964672,0.8739512339148193,0.5267206477732793,
83.9,,0.9675919250180245,0.8748862042664174,0.5289473684210526,
84.0,0.8730560995277041,0.9678082191780822,0.8759934059985729,0.5310391363022942,
84.1,,0.9679163662581111,0.876928376350171,0.5332658569500675,
84.2,,0.968168709444845,0.8780601825652634,0.5350877192982456,
84.3,,0.9682768565248738,0.8791427798144822,0.5383265856950068,
84.4,,0.9685652487382841,0.8803730039613218,0.5398785425101215,
84.5,,0.9687454938716654,0.881283369829983,0.541497975708502,
84.6,,0.9689978370583994,0.8822675491474546,0.5433198380566802,
84.7,,0.9691059841384283,0.883177915016116,0.5451417004048583,
84.8,,0.9691780821917808,0.8842359077823979,0.5468960863697706,
84.9,,0.9695025234318674,0.8853677139974904,0.5493252361673414,
85.0,0.8907959912452482,0.9696467195385725,0.886819378490761,0.5510121457489878,
85.1,,0.9697548666186013,0.888123416086411,0.553306342780027,
85.2,,0.9698990627253065,0.8889353640233251,0.5552631578947368,
85.3,,0.9700432588320116,0.8898703343749231,0.557085020242915,
85.4,,0.9702956020187455,0.8907560957606476,0.558502024291498,
85.5,,0.9704397981254506,0.8916664616293088,0.559919028340081,
85.6,,0.9705839942321557,0.8924045961174126,0.5625506072874494,
85.7,,0.970872386445566,0.8933887754348843,0.5643724696356275,
85.8,,0.9711968276856525,0.8942991413035455,0.5663292847503374,
85.9,,0.9713049747656813,0.8950372757916493,0.5687584345479082,
86.0,0.9061168068194908,0.9715573179524153,0.8964151268361096,0.5696356275303643,
86.1,,0.9717015140591204,0.8971778658071501,0.5717948717948718,
86.2,,0.9721341023792358,0.8979898137440642,0.5736167341430499,
86.3,,0.972170151405912,0.8990724109932829,0.5759109311740891,
86.4,,0.9723503965392934,0.900253426174249,0.5786099865047234,
86.5,,0.9724945926459986,0.9009669561794159,0.5808367071524966,
86.6,,0.9726748377793799,0.9022217848091922,0.5825910931174089,
86.7,,0.972819033886085,0.903304382058411,0.584885290148448,
86.8,,0.9729992790194665,0.9041409344782619,0.5871794871794872,
86.9,,,0.904952882415176,0.5901484480431849,
87.0,0.9180969934339361,0.9731074260994953,0.9059616662155845,0.5917678812415654,
87.1,,0.9731434751261716,0.9068720320842457,0.593387314439946,
87.2,,,0.9074871441576655,0.5958839406207828,
87.3,,0.9732876712328767,0.9083236965775164,0.5974358974358974,
87.4,,0.9735039653929344,0.9089880176168098,0.5995951417004048,
87.5,,0.9736121124729632,0.9098737790025343,0.601889338731444,
87.6,,0.9737563085796683,0.910734935905322,0.6039811066126856,
87.7,,0.9739005046863735,0.911792928671604,0.6063427800269906,
87.8,,0.9740086517664023,0.9124080407450238,0.6093117408906883,
87.9,,0.9741167988464311,0.9129001304037596,0.6117408906882591,
88.0,0.9299619859463195,0.97422494592646,0.9137120783406737,0.6134952766531714,
88.1,,0.9742609949531362,0.9144502128287774,0.6155870445344129,
88.2,,0.9743691420331652,0.9151391383510076,0.6176113360323887,
88.3,,0.9745493871665465,0.9159264818049848,0.6201754385964913,
88.4,,0.9746935832732516,0.9166400118101518,0.6221997300944669,
88.5,,0.9748738284066331,0.9175749821617498,0.6234817813765182,
88.6,,0.9749098774333093,0.9187067883768423,0.625438596491228,
88.7,,0.9750901225666907,0.9196417587284403,0.6275303643724697,
88.8,,0.9751982696467195,0.9201830573530497,0.6301619433198381,
88.9,,0.9752343186733958,0.9209704008070271,0.6321862348178138,
89.0,0.9387167377030297,0.9754145638067773,0.9217331397780676,0.6345479082321187,
89.1,,0.9755948089401586,0.9227665280614128,0.6371794871794871,
89.2,,0.97577505407354,0.9236276849642004,0.6390013495276653,
89.3,,0.9759192501802452,0.9242427970376202,0.6412280701754386,
89.4,,0.976027397260274,0.9249317225598505,0.6437246963562753,
89.5,,0.9761355443403028,0.925694461530891,0.6459514170040486,
89.6,,0.9762797404470079,0.926506409467805,0.648582995951417,
89.7,,0.9765681326604182,0.9273675663705927,0.6501349527665317,
89.8,,0.976676279740447,0.9278842605122654,0.6521592442645074,
89.9,,0.9767483777937995,0.9287700218979899,0.6543859649122807,
90.0,0.9452828015205621,0.9769646719538573,0.9295327608690304,0.6562078272604588,
90.1,,0.9772170151405912,0.9301970819083237,0.6582321187584346,
90.2,,0.9775054073540015,0.9308367984646803,0.6607962213225371,
90.3,,0.9777937995674116,0.9312796791575425,0.6632253711201079,
90.4,,0.9779379956741168,0.9318209777821519,0.6654520917678812,
90.5,,0.9781903388608507,0.9324114853726349,0.6680161943319838,
90.6,,0.9782984859408796,0.9330265974460547,0.6698380566801619,
90.7,,0.9786229271809661,0.9337647319341584,0.6731443994601889,
90.8,,0.9787671232876712,0.9345766798710725,0.6752361673414305,
90.9,,0.9788392213410237,0.9351671874615555,0.6776653171390014,
91.0,0.9512728948277848,0.9790194664744052,0.93605294884728,0.6791497975708503,
91.1,,0.9792718096611391,0.9366434564377629,0.6815789473684211,
91.2,,0.9794160057678443,0.9374554043746771,0.6832658569500675,
91.3,,0.9794520547945206,0.9382181433457176,0.6852901484480431,
91.4,,0.9795602018745494,0.9389808823167581,0.6871794871794872,
91.5,,0.9798125450612833,0.9397190168048618,0.689608636977058,
91.6,,0.9801009372746936,0.940284919912408,0.6917678812415654,
91.7,,0.9803172314347512,0.9409738454346382,0.6941970310391363,
91.8,,0.980677721701514,0.9417611888886155,0.696693657219973,
91.9,,0.9808579668348955,0.9423516964790984,0.6992577597840756,
92.0,0.9570325999308835,0.9810021629416006,0.9431882488989494,0.7014844804318489,
92.1,,0.9812905551550108,0.943827965455306,0.7036437246963563,
92.2,,0.9815068493150685,0.9448367492557144,0.7056005398110661,
92.3,,0.9816510454217736,0.9455748837438182,0.7076248313090419,
92.4,,0.9820115356885364,0.9464114361636691,0.7095141700404858,
92.5,,0.9822638788752703,0.9473218020323303,0.7116059379217274,
92.6,,0.9823720259552992,0.9479123096228133,0.7133603238866397,
92.7,,0.9825162220620043,0.9485028172132962,0.7161268556005398,
92.8,,0.9829488103821197,0.949363974116084,0.7181511470985156,
92.9,,0.9831651045421773,0.9501267130871245,0.7203778677462888,
93.0,0.9632530814422302,0.9834534967555876,0.9509878699899121,0.7224696356275304,
93.1,,0.983886085075703,0.9516767955121423,0.7254385964912281,
93.2,,0.9841023792357606,0.9522673031026253,0.727800269905533,
93.3,,0.9844268204758472,0.953128460005413,0.7298920377867746,
93.4,,0.9846791636625811,0.9536943631129592,0.7325910931174089,
93.5,,0.9848594087959625,0.954432497601063,0.7350877192982456,
93.6,,0.9852198990627253,0.9552936545038506,0.7380566801619434,
93.7,,0.9855803893294881,0.9562286248554487,0.7407557354925776,
93.8,,0.9859408795962509,0.9568683414118052,0.7431848852901485,
93.9,,0.98633741888969,0.9579017296951504,0.7453441295546559,
94.0,0.9691279806473908,0.986733958183129,0.9589843269443693,0.7470310391363023,
94.1,,0.9871665465032444,0.9597962748812834,0.7497975708502024,
94.2,,0.9875270367700072,0.9606820362670079,0.7525641025641026,
94.3,,0.9878514780100938,0.9616170066186059,0.7548582995951417,
94.4,,0.9879956741167989,0.9622813276578993,0.757085020242915,
94.5,,0.9884282624369142,0.9631670890436238,0.7595141700404858,
94.6,,0.9888608507570296,0.964077454912285,0.7618758434547909,
94.7,,0.9891492429704398,0.9649878207809462,0.7638326585695007,1.0
94.8,,0.9895097332372026,0.9660950225131019,0.766059379217274,
94.9,,0.9898702235039654,0.967251433211131,0.7690283400809717,
95.0,0.9769611795876051,0.9901946647440519,0.9684324483920971,0.771727395411606,
95.1,,0.990591204037491,0.9693182097778216,0.7741565452091768,
95.2,,0.9909877433309301,0.9705730384075979,0.7764507422402159,
95.3,,0.9914563806777217,0.9717294491056271,0.7792172739541161,
95.4,,0.9919250180245134,0.9729842777354034,0.7814439946018893,
95.5,,0.992393655371305,0.974435942228674,0.7842780026990553,
95.6,,0.9928983417447729,0.9757153753413872,0.7867071524966261,
95.7,,0.9932227829848594,0.9769702039711635,0.7908906882591094,
95.8,,0.9937274693583273,0.9780281967374456,0.7935222672064778,
95.9,,0.9941240086517664,0.9791600029525379,0.7969635627530365,
96.0,0.9879046192834927,0.9945205479452055,0.9806608764116822,0.7997975708502024,
96.1,,0.994844989185292,0.9820633319390794,0.8027665317139001,
96.2,,0.9953496755587599,0.9834411829835396,0.8055330634278003,
96.3,,0.9956380677721701,0.9845975936815687,0.8081646423751687,
96.4,,0.9957101658255227,0.9858032133454715,0.8105263157894737,
96.5,,0.9959625090122567,0.9870088330093743,0.8145074224021592,
96.6,,0.9965032444124009,0.9881898481903403,0.8174763832658569,
96.7,,0.9968637346791637,0.9892478409566223,0.8215249662618084,
96.8,,0.9970800288392213,0.9902812292399675,0.8245614035087719,
96.9,,0.9972242249459264,0.9913884309721231,0.8279352226720648,
97.0,0.9965441769381408,0.9975126171593367,0.9926186551189626,0.831174089068826,
97.1,,0.9979452054794521,0.9938488792658022,0.8352226720647773,
97.2,,0.998197548666186,0.9950052899638314,0.839136302294197,
97.3,,0.9984138428262437,0.9961370961789238,0.8425775978407557,
97.4,,0.9987382840663303,0.996949044115838,0.8456815114709851,
97.5,,0.9988464311463591,0.9974903427404473,0.8487179487179487,
97.6,,0.999098774333093,0.9978594099844992,0.8531713900134953,
97.7,,0.9993150684931507,0.998105454813867,0.8574898785425101,
97.8,,0.9993871665465033,0.9985729399896661,0.8620782726045884,
97.9,,0.9995674116798846,0.9988435893019708,0.8651821862348178,
98.0,0.9990784471835042,0.9996395097332372,0.9991634475801491,0.8699055330634278,
98.1,,,0.9992372610289595,0.8746288798920377,
98.2,,0.9997116077865897,0.9992864699948331,0.879284750337382,
98.3,,0.9997837058399424,0.999409492409517,0.8840080971659919,
98.4,,0.9998197548666186,0.9994587013753906,0.8899460188933873,
98.5,,0.9999279019466475,0.9994833058583273,0.8950067476383265,
98.6,,0.9999639509733237,,0.900944669365722,
98.7,,,0.9996063282730113,0.9074898785425102,
98.8,,,0.9996309327559482,0.9139001349527666,
98.9,,,0.9996555372388849,0.9205128205128205,
99.0,1.0,1.0,0.999753955170632,0.9282726045883941,
99.1,,,,0.9352226720647774,
99.2,,,,0.9422402159244264,
99.3,,,,0.9499325236167342,
99.4,,,,0.9562078272604588,
99.5,,,0.9997785596535689,0.9632928475033739,
99.6,,,,0.9690283400809716,
99.7,,,,0.9749662618083671,
99.8,,,0.9998031641365057,0.9802968960863697,
99.9,,,0.9998277686194424,0.984412955465587,
100.0,,,1.0,1.0,
