value,mimic_iv_probability,ohsu_probability,ucmc_probability,umn_probability
0.0,0.00006228703330524311,,,
0.59,0.00006595097644084564,,,
1.0,0.00006961491957644818,,,
1.68,0.00007327886271205071,,,
2.0,,,0.00017355945651095905,
3.8,,,0.00019835366458395318,
4.0,0.00007694280584765324,,,
5.6,0.00008060674898325578,,,
6.8,,,0.00022314787265694734,
7.0,,,0.00024794208072994147,
7.3,,,,0.000027369515833264908
8.0,0.00008427069211885831,,,0.000054739031666529817
8.7,,,,0.00008210854749979474
9.0,0.00008793463525446085,,,
9.4,,,,0.00010947806333305963
9.6,0.00009159857839006338,,,
10.0,0.000102590407796871,,,
11.0,0.00011724618033928113,,,
11.2,,,0.00027273628880293565,
11.6,,,0.0002975304968759298,
11.7,,0.003003003003003003,,
11.8,,,0.0003223247049489239,
12.0,0.00013190195288169127,,,
12.3,,,0.0003471189130219181,0.00013684757916632454
12.4,,,0.00037191312109491223,
12.5,,,,0.00016421709499958947
13.0,0.00013922983915289636,,,
13.2,,,,0.00019158661083285437
13.8,,,0.00039670732916790636,
14.0,0.00015754955483090902,,,
14.2,,,,0.00021895612666611927
14.3,,,,0.0002463256424993842
14.6,,,,0.0002736951583326491
15.0,0.0001648774411021141,,,0.000301064674165914
15.7,,,0.00042150153724090055,
15.9,,,0.0004462957453138947,
16.0,0.0001978529293225369,,,
16.1,,,,0.00032843418999917894
16.2,,,0.0004710899533868888,
16.5,,,0.0004958841614598829,
16.8,,,0.0005206783695328771,
17.0,0.0002088447587293445,,,
17.3,,,,0.00035580370583244384
17.5,,,0.0005454725776058713,
17.8,,,0.0005702667856788654,
17.9,,,0.0006198552018248537,0.00038317322166570874
18.0,0.00023449236067856226,,0.0006446494098978478,
18.2,,,,0.00041054273749897363
18.3,,,0.000669443617970842,
18.8,,,0.0007190320341168303,
18.9,,,,0.0004652817691655035
19.0,0.00029311545084820283,,,0.0004926512849987684
19.1,,,,0.0005200208008320333
19.2,,,,0.0005473903166652982
19.3,,,0.0007438262421898245,
19.5,,,,0.0005747598324985631
19.7,,,,0.000602129348331828
19.8,,,,0.0006294988641650929
19.9,,,,0.0006568683799983579
20.0,0.0003114351665262155,,,0.0007389769274981525
20.1,,,0.0007686204502628186,0.0007663464433314175
20.3,,,,0.0007937159591646824
20.5,,,0.0007934146583358127,0.0008758245066644771
20.7,,,,0.000930563538331007
20.8,,,0.0008182088664088069,0.0009853025699975368
20.9,,,0.0008430030744818011,
21.0,0.0003407467116110358,,0.0008677972825547952,0.0010126720858308017
21.1,,,,0.0010400416016640667
21.2,,,,0.0010947806333305964
21.3,,,,0.0011768891808303912
21.4,,,,0.0012589977283301859
21.6,,,0.0008925914906277894,0.0013137367599967158
21.8,,,,0.0013411062758299805
22.0,0.0003957058586450738,,0.0009173856987007835,0.0013684757916632454
22.1,,,0.0009917683229197659,0.0013958453074965104
22.2,,,0.0010661509471387484,
22.3,,,,0.001477953854996305
22.4,,0.006006006006006006,,0.0015874319183293649
22.5,,,0.0010909451552117426,0.0016148014341626296
22.6,,,,0.0016695404658291595
22.7,,,0.0011157393632847366,
22.8,,,0.001165327779430725,0.0017242794974956894
22.9,,,,0.0017516490133289541
23.0,0.0004763126076283296,,,0.001779018529162219
23.2,,,0.0011901219875037191,0.001833757560828749
23.3,,,,0.0018884965924952787
23.4,,,,0.0019158661083285436
23.5,,,,0.0019432356241618086
23.6,,,0.0012149161955767134,0.0019979746558283383
23.7,,,0.0012397104036497074,0.0020800832033281333
23.8,,,0.0012645046117227016,0.002134822234994663
23.9,,,,0.0021895612666611927
24.0,0.0006008866742388158,,,0.0022716698141609874
24.1,,,0.00131409302786869,0.0022990393299942525
24.2,,,0.0013636814440146782,0.002381147877494047
24.3,,,0.0013884756520876724,0.002408517393327312
24.4,,,,0.002435886909160577
24.6,,,0.0014628582763066547,0.0025727344883269016
24.7,,,0.001487652484379649,0.0026548430358266963
24.9,,,,0.002682212551659961
25.0,0.0007108049683068919,,0.0015124466924526432,0.002791690614993021
25.1,,,0.0015372409005256372,0.0028190601308262855
25.2,,,0.0015868293166716254,0.0029011686783260806
25.3,,,0.0016116235247446197,0.0029285381941593453
25.4,,,,0.00295590770999261
25.5,,,0.0016860061489636022,0.003038016257492405
25.6,,,0.0017355945651095904,0.0031748638366587297
25.7,,,,0.003229602868325259
25.8,,,,0.0032569723841585243
25.9,,,0.001809977189328573,0.0033117114158250542
26.0,0.0008170593192393654,,,
26.1,,,0.0019091540216205495,0.003339080931658319
26.2,,,0.0019339482296935435,0.0034759285108246435
26.3,,,0.0019835366458395317,0.0035032980266579083
26.4,,,0.002008330853912526,0.003667515121657498
26.5,,,0.0020331250619855202,0.0037496236691572926
26.7,,,0.0020579192700585142,0.0038043627008238225
26.8,,,0.0021075076862045027,0.003941210279990147
26.9,,,0.0021570961023504908,0.0039959493116566765
27.0,0.0009746088740702745,,0.0021818903104234852,0.004187535922489531
27.1,,,0.0022562729346424677,0.004242274954156061
27.2,,,0.0022810671427154617,0.004324383501655856
27.3,,,0.00233065555886145,0.0043791225333223854
27.4,,,0.0023554497669344442,0.004488600596655445
27.5,,,0.0024050381830804323,0.00457070914415524
27.6,,,,0.004625448175821769
27.7,,0.009009009009009009,0.0024546265992264208,0.004707556723321565
27.8,,,0.002479420807299415,0.004734926239154829
27.9,,,0.002504215015372409,
28.0,0.0011687978602572088,,0.0025290092234454033,0.004871773818321154
28.1,,,0.0025785976395913913,0.005035990913320743
28.2,,,0.00262818605573738,0.005118099460820538
28.3,,0.012012012012012012,0.002677774471883368,0.005200208008320333
28.4,,,0.002776951304175345,0.005227577524153598
28.5,,,0.0028513339283943273,0.005254947039986863
28.6,,,0.0029257165526133094,0.0053096860716533925
28.7,,,0.003000099176832292,0.005501272682486247
28.8,,,0.0030744818010512744,0.005583381229986042
28.9,,,0.0030992760091242684,0.005692859293319101
29.0,0.0014032902209357712,,,0.005747598324985631
29.1,,0.015015015015015015,0.003173658633343251,0.0058297068724854255
29.2,,,0.0032232470494892394,0.00591181541998522
29.3,,,0.003322423881781216,0.0059665544516517505
29.4,,,0.003446394922146187,0.00607603251498481
29.5,,,0.003495983338292175,0.006185510578317869
29.6,,,0.0035455717544381634,0.006322358157484194
29.7,,,0.003619954378657146,0.006404466704983989
29.8,,,,0.006541314284150313
29.9,,,0.00364474858673014,0.006705531379149903
30.0,0.0017367090462756017,,0.0037191312109491224,0.006815009442482962
30.1,,,0.003867896459387087,0.007033965569149082
30.2,,,0.0038926906674600814,0.007088704600815611
30.3,,,0.00394227908360607,0.007170813148315407
30.4,,0.018018018018018018,0.0041158385401170285,0.007225552179981936
30.5,,0.021021021021021023,0.0042150153724090055,0.007417138790814791
30.6,,0.02702702702702703,0.0042646037885549935,0.00752661685414785
30.7,,,0.0043141922047009815,0.007827681528313764
30.8,,,0.004338986412773976,0.007964529107480089
30.9,,,0.004537340077357929,0.008046637654979883
31.0,0.0020957754735646504,,0.004586928493503917,0.008238224265812737
31.1,,,0.0046117227015769115,0.008375071844979062
31.2,,,0.004636516909649906,0.008457180392478857
31.3,,,0.0047108995338688885,0.008566658455811917
31.4,,,0.004785282158087871,0.008730875550811507
31.5,,,0.0049092531984528415,0.008895092645811096
31.6,,,0.004983635822671824,0.009059309740810685
31.7,,,0.0050580184468908065,0.009278265867476805
31.8,,,0.005107606863036795,0.009524591509976189
31.9,,,0.005181989487255777,0.009606700057475983
32.0,0.0027259736928882863,,0.005305960527620748,0.009716178120809042
32.1,,,0.005355548943766736,0.009880395215808632
32.2,,,0.005405137359912725,0.010126720858308017
32.3,,,0.005454725776058713,0.010208829405807812
32.4,,,0.005702667856788655,0.010290937953307606
32.5,,,0.005826638897153625,0.010455155048307196
32.6,,,0.00597540414559159,0.01070148069080658
32.7,,,0.006074580977883566,0.010838328269972905
32.8,,,0.006148963602102549,0.0109204368174727
32.9,,,0.006173757810175543,0.011112023428305553
33.0,0.00335250796907632,,0.006223346226321531,0.011358349070804937
33.1,,,0.006396905682832491,0.011714152776637381
33.2,,,0.006520876723197461,0.011905739387470235
33.3,,,0.006620053555489437,0.01220680406163615
33.4,,,0.006867995636219379,0.0124804992199688
33.5,,,0.006942378260438362,0.012672085830801653
33.6,,,0.007066349300803332,0.012973150504967567
33.7,,,0.007140731925022315,0.013274215179133481
33.8,,0.03003003003003003,0.007264702965387285,0.01365738840079919
33.9,,,0.007339085589606268,0.013903714043298574
34.0,0.004242846151027736,,0.00741346821382525,0.014150039685797958
34.1,,,0.007512645046117227,0.014478473875797137
34.2,,0.036036036036036036,0.007537439254190221,0.014806908065796317
34.3,,,0.007636616086482198,0.015025864192462435
34.4,,,0.007760587126847168,0.01538166789829488
34.5,,,0.007958940791431121,0.015655363056627528
34.6,,,0.008058117623723098,0.01587431918329365
34.7,,,0.008132500247942081,0.016175383857459563
34.8,,,0.00830605970445304,0.016312231436625885
34.9,,,0.008479619160963998,0.016531187563292006
35.0,0.005162495878063973,,0.00860359020132897,0.016804882721624656
35.1,,0.03903903903903904,0.008727561241693941,0.017051208364124038
35.2,,,0.008826738073985917,0.017379642554123217
35.3,,0.042042042042042045,0.008950709114350888,0.017516490133289542
35.4,,,0.009025091738569871,0.017762815775788927
35.5,,,0.009149062778934841,0.018091249965788106
35.6,,,0.009297828027372806,0.01844705367162055
35.7,,0.04504504504504504,0.009397004859664783,0.018583901250786874
35.8,,,0.009545770108102748,0.018884965924952788
35.9,,,0.0097441237726867,0.01929550866245176
36.0,0.0063935807716264245,,0.009942477437270654,0.01967868188411747
36.1,,,0.010116036893781613,0.019815529463283795
36.2,,,0.0101656253099276,0.0202808112324493
36.3,,,0.01033918476643856,0.02069135396994827
36.4,,,0.010413567390657543,0.021047157675780716
36.5,,,0.01051274422294952,0.0212934833182801
36.6,,,0.010711097887533471,0.021539808960779484
36.7,,,0.01093424576019042,0.021813504119112134
36.8,,0.05105105105105105,0.01105821680055539,0.022224046856611106
36.9,,,0.011306158881285331,0.02247037249911049
37.0,0.007811526765104606,,0.011628483586234256,0.02279880668910967
37.1,,,0.011702866210453237,0.023099871363275584
37.2,,,0.01182683725081821,0.0234009360374415
37.3,,,0.01207477933154815,0.023893587322440266
37.4,,,0.012198750371913121,0.024222021512439445
37.5,,0.05405405405405406,0.012297927204205097,0.024495716670772095
37.6,,0.057057057057057055,0.012397104036497074,0.025070476503270656
37.7,,,0.012645046117227016,0.025453649724936366
37.8,,,0.012669840325300009,0.025836822946602073
37.9,,,0.012818605573737974,0.026165257136601252
38.0,0.009493276664346169,,0.013140930278686899,0.02660316938993349
38.1,,,0.013413666567489834,0.02704108164326573
38.2,,,0.013636814440146782,0.02758847195993103
38.3,,0.06006006006006006,0.013835168104730735,0.028135862276596327
38.4,,,0.014207081225825648,0.02860114404576183
38.5,,,0.01428146385004463,0.028820100172427948
38.6,,,0.014455023306555589,0.029340120973259984
38.7,,0.06306306306306306,0.014628582763066547,0.02972329419492569
38.8,,,0.01487652484379649,0.030243314995757727
38.9,,,0.014926113259942477,0.030626488217423434
39.0,0.011607371853588832,,0.015149261132599425,0.031091769986588937
39.1,,,0.015347614797183377,0.03147494320825465
39.2,,,0.015744322126351285,0.031912855461586884
39.3,,,0.01606664683130021,0.03229602868325259
39.4,,,0.016265000495884162,0.032733940936584834
39.5,,,0.016562530992760092,0.033144483674083805
39.6,,0.06606606606606606,0.016884855697709016,0.03385609108574869
39.7,,,0.017132797778438957,0.03440348140241399
39.8,,,0.01733115144302291,0.034978241234912555
39.9,,,0.017603887731825845,0.03563510961491091
40.0,0.014120836844612171,0.06906906906906907,0.01787662402062878,0.03612776089990968
40.1,0.014124500787747775,0.07207207207207207,0.018050183477139742,0.03672989024824151
40.2,0.014128164730883377,,0.018248537141723694,0.037550975723239455
40.3,,,0.01847168501438064,0.038317322166570876
40.4,0.014131828674018979,0.07507507507507508,0.01876921551125657,0.038782603935736376
40.5,,0.07807807807807808,0.01901715759198651,0.03943947231573473
40.6,,0.08108108108108109,0.01916592284042448,0.03998686263240003
40.7,,0.08708708708708708,0.01941386492115442,0.04075320907573145
40.8,0.014135492617154582,0.09009009009009009,0.019860160666468313,0.04130059939239675
40.9,,,0.020058514331052265,0.04201220680406163
41.0,0.017121606272670647,,0.020306456411782206,0.04261433615239346
41.1,,,0.02057919270058514,0.043189095984892026
41.2,,0.09309309309309309,0.02092631161360706,0.04390070339655691
41.3,,,0.02152137260735892,0.044475463229055476
41.4,,,0.02169493206386988,0.04510496209322057
41.5,,,0.022017256768818803,0.04559761337821934
41.6,,0.0960960960960961,0.022240404641475753,0.04622711224238443
41.7,,,0.022587523554497668,0.046911350138216054
41.8,,,0.022934642467519587,0.047650327065714204
41.9,,,0.02313299613210354,0.04797876125571339
42.0,0.02069395082988312,,0.02338093821283348,0.0488272162465446
42.1,,,0.023703262917782405,0.04967567123737581
42.2,,,0.02402558762273133,0.050578865259873554
42.3,,,0.024372706535753248,0.05118099460820538
42.4,0.02069761477301872,0.0990990990990991,0.024719825448775167,0.05197471056737006
42.5,,,0.02511653277794307,0.05279579604236801
42.6,,0.1021021021021021,0.025538034315183974,0.053562142485699425
42.7,,,0.025909947436278884,0.054246380381531054
42.8,,,0.026281860557373797,0.055259052467361854
42.9,,,0.02695130417534464,0.056271724553192654
43.0,0.02458139449675741,0.10510510510510511,0.02732321729643955,0.05706544051235734
43.1,,0.10810810810810811,0.027744718833680453,0.05783178695568875
43.2,0.024585058439893014,,0.027992660914410394,0.058598133399020175
43.3,,0.1111111111111111,0.028538133492016265,0.05925500177901853
43.4,,,0.02910840027769513,0.060295043380682596
43.5,,,0.02945551919071705,0.060897172729014425
43.6,0.024588722383028616,,0.029852226519884954,0.061855105783178696
43.7,,,0.030447287513636814,0.06259408271067685
43.8,,0.11711711711711711,0.03084399484280472,0.06341516818567479
43.9,,,0.031339879004264604,0.06431836220817254
44.0,0.02913201187117576,,0.03156302687692155,0.06538577332566987
44.1,,,0.032009322622235444,0.06634370637983414
44.2,,,0.032505206783695326,0.06741111749733147
44.3,,,0.03277794307249826,0.06831431151982921
44.4,,0.12312312312312312,0.033125061985520184,0.06927224457399349
44.5,,,0.033720122979272044,0.07014806908065796
44.6,0.02913567581431136,0.12612612612612611,0.03409203610036696,0.07105126310315571
44.7,0.029139339757446963,,0.03463750867797283,0.0720639351889865
44.8,,,0.03525736387979768,0.07293975969565099
44.9,0.02914300370058257,,0.035530100168600615,0.0737882146864822
45.0,0.034781812186274866,0.12912912912912913,0.03587721908162253,0.07466403919314667
45.1,,0.13513513513513514,0.03634830903500942,0.07589566740564359
45.2,,0.14114114114114115,0.03669542794803134,0.07709992610230725
45.3,,0.14414414414414414,0.03716651790141823,0.0784684018939705
45.4,,0.14714714714714713,0.03768719627095111,0.07961792155896762
45.5,0.03478547612941047,0.15315315315315314,0.03823266884855698,0.08063059364479842
45.6,,,0.038654170385797874,0.08180748282562882
45.7,0.034789140072546076,0.15615615615615616,0.039174848755330755,0.08309385006979227
45.8,,,0.039645938708717646,0.0842433697347894
45.9,,,0.04006744024595854,0.08528341133645345
46.0,0.041486828124427506,,0.04081126648814837,0.08665188712811671
46.1,0.04149049206756311,,0.04138153327382724,0.08758245066644771
46.2,0.04149415601069872,,0.04200138847565209,0.08897829597394422
46.3,,,0.042819597342060894,0.09010044612310808
46.4,,,0.043414658335812754,0.09108574869310562
46.5,,0.16216216216216217,0.04420807299414857,0.0925089635164354
46.6,,,0.04470395715560845,0.09371322221309905
46.7,0.04150148389696992,0.16516516516516516,0.045199841317068334,0.09505432848892903
46.8,,,0.04572051968660121,0.0967238689547582
46.9,0.04151247572637673,0.17117117117117117,0.046365169096499056,0.09817445329392123
47.0,0.04888799325834463,,0.047009818506396905,0.09954292908558447
47.1,,,0.047679262124367745,0.10088403536141445
47.2,,0.17417417417417416,0.04859664782306853,0.10200618551057831
47.3,0.04889165720148023,0.17717717717717718,0.04911732619260141,0.10312833565974218
47.4,,,0.04963800456213428,0.10452418096723869
47.5,,,0.05035703659625112,0.10578317869556887
47.6,,,0.051125657046513936,0.10704217642389906
47.7,0.04889898508775144,,0.051894277496776754,0.10827380463639598
47.8,0.04890264903088704,,0.052464544282455616,0.10975175849139229
47.9,0.04890631297402264,,0.05320837052464544,0.1111476037988888
48.0,0.05777671930531638,0.18018018018018017,0.053704254686105325,0.11248871007471878
48.1,,0.1831831831831832,0.054324109887930176,0.11385718586638202
48.2,0.057784047191587584,,0.054968759297828025,0.1153625092372116
48.3,0.05778771113472319,,0.055514231875433896,0.11689520212387443
48.4,,,0.05625805811762372,0.11829104743137094
48.5,0.05779870296413,,0.05700188435981355,0.11960478419136765
48.6,0.0578023669072656,,0.05779529901814936,0.12086378191969784
48.7,,,0.05863830209263116,0.12291649560719271
48.8,,,0.05948130516711296,0.12431234091468922
48.9,0.05780969479353681,,0.06020033720122979,0.12579029476968553
49.0,0.06791484996152859,,0.060993751859565605,0.12743246571968142
49.1,,,0.0618615491421204,0.12912937570134383
49.2,,,0.06260537538431023,0.13082628568300628
49.3,,,0.06334920162650005,0.13233160905383584
49.4,,0.18618618618618618,0.06429138153327382,0.13389167145633193
49.5,,,0.0652335614400476,0.13526014724799518
49.6,,0.1891891891891892,0.06615094713874839,0.1367107315871582
49.7,0.0679221778477998,0.1921921921921922,0.0669195675890112,0.13827079398965433
49.8,0.06792950573407101,0.19519519519519518,0.06758901120698205,0.14021402961381613
49.9,,,0.06833283744917187,0.14177409201631222
50.0,0.08035760085003481,,0.06872954477833979,0.14297835071297588
50.1,,0.1981981981981982,0.06954775364474859,0.14470263021047158
50.2,,0.2042042042042042,0.07068828721610632,0.14653638777130032
50.3,,0.2072072072072072,0.07182882078746405,0.1484248843637956
50.4,0.08036492873630602,,0.07279579490231082,0.15031338095629088
50.5,0.08036859267944162,,0.07381235743330358,0.15198292142212005
50.6,0.08037592056571281,0.2132132132132132,0.0745809778835664,0.1535703533404494
50.7,0.08038324845198402,,0.07549836358226718,0.15554095848044447
50.8,,,0.07634136665674898,0.1571010208829406
50.9,0.08038691239511962,,0.07703560448279281,0.15907162602293565
51.0,0.09431356025354487,,0.07817613805415055,0.16093275309959768
51.1,,,0.07911831796092433,0.162930727755426
51.2,0.09432088813981607,0.21921921921921922,0.08023405732420906,0.16492870241125435
51.3,0.09433187996922288,0.2222222222222222,0.08110185460676386,0.16689930755124943
51.4,,0.22822822822822822,0.08226718238619458,0.16881517365957796
51.5,,,0.08318456808489537,0.17067630073624
51.6,0.09434287179862968,0.23123123123123124,0.08400277695130418,0.17256479732873525
51.7,0.09434653574176528,,0.08482098581771298,0.17467225004789666
51.8,,,0.08566398889219479,0.1765881161562252
51.9,0.0943501996849009,,0.08690369929584449,0.1781481785587213
52.0,0.10993294984061848,0.23423423423423423,0.08799464445105623,0.17995456660371678
52.1,0.10995126955629649,0.23723723723723725,0.08896161856590301,0.1820620193228782
52.2,,0.24024024024024024,0.09007735792918774,0.18403262446287325
52.3,,0.24324324324324326,0.0906972131310126,0.1857295344445357
52.4,0.1099622613857033,0.24624624624624625,0.09144103937320242,0.1878096176478638
52.5,0.10996592532883889,,0.09228404244768422,0.18994443988285847
52.6,0.1099695892719745,,0.09342457601904196,0.1921066316336864
52.7,0.1099769171582457,0.24924924924924924,0.09483784587920262,0.19418671483701452
52.8,0.1099805811013813,0.25825825825825827,0.09602796786670634,0.19599310288201002
52.9,,,0.0970445303976991,0.1983468812436708
53.0,0.12769574616201956,0.26426426426426425,0.09791232768025389,0.20067329008949833
53.1,0.12770307404829076,0.2672672672672673,0.09878012496280869,0.20313654651449217
53.2,0.12771406587769757,,0.10011901219875037,0.20516189068615376
53.3,0.12771772982083318,0.2702702702702703,0.10133392839432709,0.2077893642061472
53.4,0.1277213937639688,0.2732732732732733,0.1029207577109987,0.21017051208364124
53.5,0.12772872165024,0.27627627627627627,0.10443320440345136,0.21219585625530285
53.6,0.1277397134796468,,0.10574729743132004,0.21400224430029832
53.7,0.127747041365918,,0.1068134483784588,0.2163560226619591
53.8,0.1277507053090536,0.27927927927927926,0.10810274719825448,0.21849084489695378
53.9,0.1277543692521892,,0.10919369235346622,0.22046145003694884
54.0,0.14848495951342836,0.2822822822822823,0.11045819696518894,0.22256890275611024
54.1,0.14849961528597075,0.2852852852852853,0.11179708420113062,0.22527848482360346
54.2,0.14851060711537756,0.29429429429429427,0.1131111772289993,0.22755015463776446
54.3,,,0.11459882971337895,0.22960286832525933
54.4,0.14851793500164878,0.2972972972972973,0.11596251115739363,0.23198401620275338
54.5,0.14853259077419118,0.3003003003003003,0.11715263314489735,0.2344746421435805
54.6,,,0.11849152038083903,0.23674631195774146
54.7,0.14854358260359798,,0.11980561340870773,0.23940115499356818
54.8,0.1485509104898692,,0.12136764851730636,0.2417823028710622
54.9,0.14856190231927602,,0.122904889417832,0.24446451542272218
55.0,0.1708093650386546,0.3033033033033033,0.12426857086184667,0.24651722911021703
55.1,0.1708166929249258,0.3063063063063063,0.12550828126549637,0.2491173331143772
55.2,0.17083134869746822,,0.1267231974610731,0.25199113227687003
55.3,0.17084234052687503,,0.12783893682435782,0.2544543887018639
55.4,0.17084966841314622,,0.1291778240602995,0.2572187098010236
55.5,0.17085699629941745,0.3123123123123123,0.1301447981751463,0.26001040041601664
55.6,0.17087165207195984,0.3153153153153153,0.13126053753843103,0.26241891780934395
55.7,0.17089363573077346,0.3213213213213213,0.13235148269364277,0.2647453266551715
55.8,0.17091195544645146,,0.1339879004264604,0.26704436598516573
55.9,0.1709192833327227,0.3333333333333333,0.135599523951205,0.2697813175684922
56.0,0.1959366870626168,0.34234234234234234,0.13721114747594962,0.27202561786681995
56.1,0.19594035100575238,0.35135135135135137,0.13872359416840227,0.2745709828393136
56.2,0.1959513428351592,,0.13986412773975998,0.2770342392643074
56.3,0.19595867072143042,0.35435435435435436,0.14105424972726371,0.2794153871418015
56.4,0.1959659986077016,,0.14288902112466528,0.2822070777567945
56.5,0.195980654380244,0.35735735735735735,0.14427749677675294,0.284533486602622
56.6,0.19599531015278643,0.36036036036036034,0.1461618565903005,0.28707885157511565
56.7,0.19600630198219324,0.3633633633633634,0.14809580481999404,0.28978843364260887
56.8,0.19602095775473566,,0.14928592680749778,0.2919506253934368
56.9,0.19602828564100686,0.3663663663663664,0.15055043141922048,0.2951528587459288
57.0,0.2226614882937017,,0.1521620549439651,0.2976982237184224
57.1,0.2226688161799729,,0.1534017653476148,0.3003804362700824
57.2,0.2226834719525153,,0.1550133888723594,0.30289843172674275
57.3,0.2226907998387865,,0.15652583556481206,0.30547116621506964
57.4,0.2227054556113289,0.36936936936936937,0.15858375483487058,0.3081533787667296
57.5,0.22273476715641374,0.37237237237237236,0.1601705841515422,0.3108903303500561
57.6,0.22274942292895614,,0.16190617871665178,0.31357254290171604
57.7,0.22277140658776975,0.37537537537537535,0.16384012694634534,0.31685688480170787
57.8,0.22278606236031218,,0.1656005157195279,0.31937488025836824
57.9,0.22280438207599018,0.3783783783783784,0.16728652186849152,0.32211183184169473
58.0,0.2524603378155571,0.3813813813813814,0.16922047009818506,0.32528669567835344
58.1,0.2524676657018283,0.3843843843843844,0.17090647624714866,0.32799627774584666
58.2,0.2524823214743707,0.39039039039039036,0.1732619260140831,0.330924815940006
58.3,0.25250796907631995,0.3933933933933934,0.17522066845184964,0.33382598461833213
58.4,0.25251163301945556,0.3963963963963964,0.17663393831201032,0.3369734789391576
58.5,0.25252995273513357,,0.17787364871566003,0.3394367353641514
58.6,0.25254094456454035,,0.17931171278389368,0.3423379040424775
58.7,0.25255560033708274,0.3993993993993994,0.18112168997322226,0.3453759202999699
58.8,0.25256292822335397,,0.18315481503520778,0.3483044584941292
58.9,0.25258124793903197,,0.1851383516810473,0.35115088814078876
59.0,0.28403986370131534,,0.18702271149459487,0.3540520568191149
59.1,0.2840508555307222,,0.1890310423485074,0.35687111694994117
59.2,0.28405818341699335,,0.19079143112168997,0.3601007198182664
59.3,0.2840728391895358,,0.19346920559357333,0.36319347510742533
59.4,0.2840874949620782,,0.19520480015868294,0.36642307797575063
59.5,0.28409848679148497,0.4024024024024024,0.19731230784488743,0.3691873990749104
59.6,0.2841131425640274,0.40540540540540543,0.199246256074581,0.3724991104907354
59.7,0.28413879016597665,,0.20100664484776357,0.37559186577989434
59.8,0.2841607738247902,0.4084084084084084,0.203337300406625,0.3789309467115527
59.9,0.28416810171106144,,0.20561836754934049,0.3823247666748775
60.0,0.32165390393141097,0.42042042042042044,0.20760190419518001,0.38525330486903686
60.1,0.321672223647089,0.42342342342342343,0.20951105821680055,0.38867449434819495
60.2,0.3216868794196314,0.4294294294294294,0.21137062382227512,0.3914114459315215
60.3,0.3217015351921738,0.43243243243243246,0.21370127938113656,0.3946136792840135
60.4,0.3217161909647162,0.43543543543543545,0.21548646236239213,0.397870651668172
60.5,0.3217381746235298,,0.2173212337597937,0.4011002545364972
60.6,0.32174916645293666,0.43843843843843844,0.21980065456709313,0.404275118373156
60.7,0.32176015828234344,,0.22168501438064067,0.4067110052823166
60.8,0.3217748140548859,,0.2237677278587722,0.40922900073897694
60.9,0.3217931337705639,,0.2258504413369037,0.4126228207023018
61.0,0.35919100135565896,,0.22823068531191112,0.41560609792812764
61.1,0.35922397684387936,,0.2304125756223346,0.4183430495114541
61.2,0.3592532883889642,0.44744744744744747,0.23239611226817417,0.4214358048006131
61.3,0.3592679441615066,,0.2347515620351086,0.42488436379560446
61.4,0.3592752720477778,,0.23747892492313796,0.42830555327476255
61.5,0.35930458359286266,,0.23953684419319646,0.4317267427539207
61.6,0.35933023119481183,0.45045045045045046,0.24271050282653972,0.43509319320141226
61.7,0.3593632066830323,,0.24516512942576615,0.437857514300572
61.8,0.3593888542849815,,0.24729743132004364,0.4411144866847305
61.9,0.35941083794379514,0.45645645645645644,0.24947932163046713,0.4442072419738895
62.0,0.3981497087165207,,0.25156203510859865,0.4473821058105482
62.1,0.3981826842047411,0.4594594594594595,0.254239809580482,0.4505843391630402
62.2,0.3982010039204191,,0.25644649409897846,0.4544160713796973
62.3,0.39822298757923275,0.4624624624624625,0.25860359020132895,0.4576730437638558
62.4,0.39824497123804636,0.46846846846846846,0.2608846573440444,0.4602457782521827
62.5,0.39828161066940243,,0.262892988197957,0.4635027506363412
62.6,0.39830359432821605,0.47147147147147145,0.2656699395021323,0.4671155267263322
62.7,0.3983292419301652,,0.2679510066448478,0.4701535429838246
62.8,0.3983622174183857,0.4744744744744745,0.2702320737875632,0.47291786408298436
62.9,0.3983988568497417,0.4774774774774775,0.2731577903401765,0.47617483646714287
63.0,0.4378668523064522,0.4804804804804805,0.27558762273133,0.4796233954621343
63.1,0.4378998277946726,0.48348348348348347,0.27781910145789945,0.48277088978295973
63.2,0.437914483567215,0.4894894894894895,0.28019934543290687,0.48539836330295316
63.3,0.43795478694170664,,0.2830754735693742,0.4885732271396119
63.4,0.4380097460887407,0.4924924924924925,0.2856540712089656,0.4916933519446041
63.5,0.43805004946323234,0.4954954954954955,0.28788554993553506,0.49560719270876097
63.6,0.43807203312204596,0.4984984984984985,0.29058811861549144,0.4986999479979199
63.7,0.43809035283772396,,0.29334027571159377,0.5014368995812464
63.8,0.43810134466713074,0.5045045045045045,0.29522463552514133,0.5043380682595725
63.9,0.43812332832594436,0.5075075075075075,0.2978776157889517,0.5074034540328981
64.0,0.47810793976477484,0.5105105105105106,0.30097689179807596,0.5108520130278895
64.1,0.47813358736672407,,0.30358028364574036,0.5140816158962148
64.2,0.4781702267980801,0.5135135135135135,0.30566299712387185,0.5167090894162082
64.3,0.4781812186274869,0.5165165165165165,0.30866309630070415,0.519582888578701
64.4,0.4781922104568937,,0.31129128235644155,0.5227577524153598
64.5,0.4782508335470633,0.5225225225225225,0.31419220470098186,0.5260147247995183
64.6,0.47827648114901256,0.5285285285285285,0.3165228602598433,0.5285327202561787
64.7,0.4783167845235042,0.5345345345345346,0.31892789844292374,0.5320907573145031
64.8,0.4783387681823178,,0.32182882078746405,0.5354024687303282
64.9,0.478364415784267,0.5375375375375375,0.3237875632252306,0.5383310069244875
65.0,0.518169494009453,,0.326217395616384,0.5415606097928127
65.1,0.5181914776682666,0.5435435435435435,0.3297133789546762,0.5448449516928046
65.2,0.5182317810427582,,0.33216800555390263,0.5481292935927964
65.3,0.518261092587843,0.5465465465465466,0.33496975106615096,0.5508388756602896
65.4,0.5182904041329278,0.5525525525525525,0.33757314291381535,0.5537400443386157
65.5,0.5183197156780127,0.5555555555555556,0.3413666567489834,0.556258039795276
65.6,0.518345363279962,,0.3440692254289398,0.5598981854011003
65.7,0.5183746748250467,0.5585585585585585,0.3466230288604582,0.5631551577852588
65.8,0.5183929945407247,0.5615615615615616,0.3496231280372905,0.566384760653584
65.9,0.5184076503132672,0.5675675675675675,0.35262322721412276,0.5697785806169089
66.0,0.5588209430989631,,0.35515223643756816,0.5730081834852342
66.1,0.5588465907009124,0.5735735735735735,0.3576812456610136,0.5760461997427265
66.2,0.5588868940754039,0.5765765765765766,0.3614251710800357,0.5799874100227167
66.3,0.5589162056204887,0.5795795795795796,0.36365664980660517,0.5828885787010428
66.4,0.5589528450518448,,0.36626004165426956,0.5858171168952021
66.5,0.5589858205400652,,0.3695576713279778,0.5890467197635274
66.6,0.5590187960282856,0.5825825825825826,0.3723594168402261,0.5918657798943536
66.7,0.5590737551753197,0.5855855855855856,0.3759049885946643,0.5953417084051783
66.8,0.5591030667204046,0.5885885885885885,0.37821084994545273,0.598297616115171
66.9,0.5591506979811673,0.5915915915915916,0.38155806803530695,0.6015545884993294
67.0,0.5980068149342322,0.5945945945945946,0.38398790042646036,0.6043736486301557
67.1,0.5980287985930458,,0.38676485173063574,0.6072200782768152
67.2,0.598054446194995,0.6006006006006006,0.3901368640285629,0.6102033555026412
67.3,0.5980947495694867,,0.3930129921650303,0.6134055888551332
67.4,0.5981240611145715,,0.3958147376772786,0.6167446697867914
67.5,0.5981716923753343,,0.3979966279877021,0.620111120234283
67.6,0.5982266515223684,0.6066066066066066,0.4021124665278191,0.6232312450392753
67.7,0.5982742827831312,,0.40491421204006744,0.6268987601609327
67.8,0.5983145861576228,,0.40736883863929385,0.6299641459342584
67.9,0.5983548895321145,0.6126126126126126,0.411211940890608,0.6331116402550839
68.0,0.6362913567581431,0.6156156156156156,0.4144351879400972,0.6359033308700769
68.1,0.6363060125306855,0.6216216216216216,0.41748487553307545,0.6389413471275693
68.2,0.6363426519620415,,0.4199147079242289,0.6420067329008949
68.3,0.6363536437914483,0.6306306306306306,0.42400575225627296,0.6452363357692202
68.4,0.63639394716594,,0.42648517306357236,0.6483838300900457
68.5,0.6364195947678892,,0.42898938807894477,0.6519966061800366
68.6,0.6364525702561096,,0.43226222354458,0.6548430358266962
68.7,0.6365075294031437,,0.4351135574729743,0.6579631606316885
68.8,0.636540504891364,0.6336336336336337,0.43831201031439054,0.6607548512466814
68.9,0.6365734803795845,,0.440642665873252,0.6636560199250076
69.0,0.6727915582750156,0.6396396396396397,0.444832887037588,0.6659550592550018
69.1,0.6728098779906936,0.6426426426426426,0.44718833680452247,0.6684183156799957
69.2,0.6728355255926428,0.6456456456456456,0.4503867896459387,0.6710184196841558
69.3,0.67287949291027,0.6486486486486487,0.4542546861053258,0.6734543065933164
69.4,0.6729088044553548,,0.45670931270455223,0.6767386484933081
69.5,0.6729454438867108,,0.46000694237826045,0.6794208610449681
69.6,0.6729784193749313,0.6516516516516516,0.46248636318555986,0.6821304431124613
69.7,0.6730150588062873,0.6546546546546547,0.465982346523852,0.6851684593699537
69.8,0.6730700179533213,0.6576576576576577,0.46843697312307847,0.6888359744916113
69.9,0.673128641043491,,0.4720569275017356,0.6919287297807701
70.0,0.7082402081119701,0.6606606606606606,0.47523058613507885,0.6944467252374306
70.1,0.7082841754295973,,0.47803233164732717,0.6970468292415907
70.2,0.7083098230315465,,0.4814787265694734,0.6999479979199168
70.3,0.708342798519767,,0.48499950411583853,0.7029039056299095
70.4,0.7083647821785806,,0.48752851333928393,0.7057503352765689
70.5,0.7083831018942586,,0.4902806704353863,0.7087609820182281
70.6,0.7084087494962078,0.6666666666666666,0.4940989784786274,0.7116895202123874
70.7,0.7084307331550215,,0.49680154715858377,0.7140980376057148
70.8,0.7084600447001063,0.6726726726726727,0.4997024695031241,0.7165886635465418
70.9,0.7084966841314623,,0.5018347713974015,0.7192161370665353
71.0,0.7404938995346793,0.6756756756756757,0.5054299315679858,0.7219530886498617
71.1,0.7405195471366285,0.6786786786786787,0.5078101755429931,0.7245805621698552
71.2,0.7405525226248488,,0.5106615094713874,0.7277280564906807
71.3,0.7405781702267981,0.6816816816816816,0.5137607854805117,0.7303281604948408
71.4,0.7406148096581541,,0.516785678865417,0.7326545693406684
71.5,0.7406587769757813,0.6876876876876877,0.5206535753248042,0.7354736294714946
71.6,0.7407210640090865,0.6906906906906907,0.5231577903401765,0.7382653200864877
71.7,0.7407503755541714,0.6966966966966966,0.5266041852623227,0.7405096203848154
71.8,0.7407870149855275,,0.5292323713180601,0.7429728768098093
71.9,0.7408199904737478,0.6996996996996997,0.5321332936626004,0.7450529600131374
72.0,0.7722566225772176,0.7027027027027027,0.5351085986313597,0.7476804335331309
72.1,0.7722859341223024,0.7117117117117117,0.5396707329167907,0.7502257985056244
72.2,0.7723299014399296,,0.541927005851433,0.7527711634781181
72.3,0.7723592129850144,0.7177177177177178,0.5457701081027472,0.7551796808714454
72.4,0.7723921884732349,0.7267267267267268,0.5478280273728057,0.7578345239072721
72.5,0.7724251639614553,0.7297297297297297,0.551125657046514,0.7603525193639324
72.6,0.7724691312790826,0.7357357357357357,0.5546216403848061,0.7627884062730931
72.7,0.7725277543692521,0.7387387387387387,0.5576465337697114,0.7655253578564195
72.8,0.772557065914337,0.7417417417417418,0.5611425171080036,0.7682349399239128
72.9,0.7725973692888286,,0.5638450857879599,0.7711908476339053
73.0,0.8000073278862712,0.7447447447447447,0.5669939502132302,0.7734898869638996
73.1,0.8000329754882204,0.7477477477477478,0.5702915798869385,0.7760352519363932
73.2,0.8000586230901696,,0.5732172964395518,0.7783890302980541
73.3,0.8001025904077969,,0.576316572448676,0.7804417439855489
73.4,0.8001465577254241,,0.5804324109887931,0.782932369926376
73.5,0.8001831971567801,,0.5827134781315085,0.7853956263513698
73.6,0.8002418202469498,0.7537537537537538,0.5859863135971437,0.7873936010071981
73.7,0.8002894515077126,0.7597597597597597,0.588887235941684,0.7896105317896926
73.8,0.8003187630527974,0.7717717717717718,0.5918129524942973,0.7918274625721871
73.9,0.8003554024841535,,0.5950361995437866,0.7936612201330159
74.0,0.8259920126039644,0.7747747747747747,0.5989288902112466,0.7952486520513452
74.1,0.8260103323196424,,0.6015818704750571,0.7974929523496729
74.2,0.8260542996372696,,0.6046563522761083,0.7994088184580015
74.3,0.8260762832960833,,0.6074580977883567,0.8012152065029969
74.4,0.8261019308980324,,0.610259843300605,0.803076333579659
74.5,0.8261458982156596,0.7777777777777778,0.6137806208469702,0.8052658948463202
74.6,0.8261862015901513,,0.6179708420113061,0.8072912390179817
74.7,0.8262155131352361,,0.6209709411881384,0.8094534307688097
74.8,0.8262521525665921,,0.6236983040761678,0.811451405424638
74.85,0.8262558165097278,,,
74.9,0.8262704722822701,0.7807807807807807,0.6267975800852921,0.8132851629854668
75.0,0.8499029055069065,,0.6279133194485769,0.8150915510304623
75.1,0.849917561279449,,0.631136566498066,0.8170621561704573
75.2,0.849935880995127,0.7837837837837838,0.6350044629574532,0.8187864356679531
75.3,0.8499615285970762,,0.6378310026777745,0.8210854749979473
75.4,0.8499761843696186,0.7867867867867868,0.6407567192303878,0.8230560801379424
75.5,0.8499981680284322,,0.644029554696023,0.8251087938254372
75.6,0.8500311435166527,,0.6459387087176436,0.8274078331554314
75.7,0.8500567911186019,0.7927927927927928,0.6491867499752058,0.8295152858745929
75.8,0.8500787747774154,,0.6534017653476148,0.831704847141254
75.9,0.8500897666068222,0.7957957957957958,0.657046513934345,0.8332101705120837
76.0,0.8710475213424688,0.8018018018018018,0.6593027868689874,0.8350712975887457
76.1,0.8710841607738248,0.8108108108108109,0.6622532976296737,0.8367134685387415
76.2,0.8711061444326385,,0.66520380839036,0.8389851383529026
76.3,0.8711317920345876,0.8168168168168168,0.6684022612317763,0.8410925910720639
76.4,0.8711611035796725,,0.6727660418526232,0.8433368913703917
76.5,0.8711904151247573,,0.6765099672716454,0.8454169745737198
76.6,0.8712123987835709,,0.6782703560448279,0.8472781016503818
76.7,0.8712527021580625,,0.6808241594763463,0.8491939677587104
76.8,0.8712783497600117,,0.6832044034513538,0.8508361387087062
76.9,0.8713076613050965,,0.6868987404542299,0.8521772449845362
77.0,0.8898985087751438,0.8198198198198198,0.6920807299414856,0.8535457207761995
77.1,0.889924156377093,,0.6946345333730041,0.8551605222103621
77.2,0.8899571318653134,,0.6972131310125954,0.8572679749295234
77.3,0.8899717876378559,0.8228228228228228,0.6993454329068729,0.8584996031420205
77.4,0.8899791155241271,0.8258258258258259,0.7016512942576614,0.8597038618386841
77.5,0.8900194188986187,,0.7068332837449172,0.8614281413361797
77.6,0.8900670501593815,0.8288288288288288,0.7111970643657641,0.8632618988970086
77.7,0.8900743780456527,0.8318318318318318,0.7129822473470198,0.8648767003311711
77.8,0.8901036895907376,,0.7147922245363483,0.8668199359553329
77.9,0.8901293371926867,0.8348348348348348,0.7169493206386988,0.8684347373894956
78.0,0.9067269995969662,0.8378378378378378,0.7198502429832391,0.8701863864028245
78.1,0.9067599750851867,,0.7257760587126847,0.8723212086378191
78.2,0.9067929505734071,,0.7276604185262323,0.8736623149136492
78.3,0.9068149342322207,,0.7294456015074878,0.8748939431261461
78.4,0.9068259260616275,0.8438438438438438,0.7314043439452544,0.8764266360128089
78.5,0.9068515736635767,,0.7347019736189626,0.8777130032569724
78.6,0.9068735573223904,,0.7394376673609044,0.879218326627802
78.7,0.9069065328106107,,0.7423633839135177,0.8809152366094644
78.8,0.90693218041256,,0.7440493900624814,0.882119495306128
78.9,0.9069395082988312,0.8468468468468469,0.745834573043737,0.8834058625502915
79.0,0.9211739273806471,0.8528528528528528,0.7481652286025985,0.8846101212469552
79.1,0.9211922470963251,0.8558558558558559,0.7520827134781315,0.8858691189752853
79.2,0.9212032389257319,,0.7573886740057523,0.8873470728302816
79.3,0.9212105668120031,,0.7586531786174749,0.8890713523277773
79.4,0.9212252225845455,0.8588588588588588,0.7602648021422196,0.8903577195719408
79.5,0.9212435423002235,0.8618618618618619,0.7620003967073292,0.8912882831102718
79.6,0.9212581980727659,,0.7653724090052564,0.8925746503544353
79.7,0.9212618620159015,0.8648648648648649,0.7703560448279282,0.8939157566302652
79.8,0.9212728538453083,,0.7717693146880888,0.8951200153269289
79.9,0.9212875096178508,,0.7734057324209065,0.8963516435394258
80.0,0.9338072033122046,,0.7749429733214321,0.8974464241727563
80.1,0.933821859084747,,0.7781662203709213,0.8988970085119194
80.2,0.9338328509141538,0.8678678678678678,0.7834225924823961,0.9002654843035827
80.3,0.9338475066866962,0.8708708708708709,0.7846375086779728,0.9017981771902455
80.4,0.9338658264023743,,0.7857036596251116,0.903084544434409
80.5,0.9338804821749166,,0.7870673410691262,0.9041519555519063
80.6,0.9338914740043235,,0.7899434692055936,0.9057120179544024
80.7,0.9339061297768658,,0.7949766934444114,0.9068341681035662
80.8,0.9339244494925438,0.8738738738738738,0.796489140136864,0.9082026438952295
80.9,0.9339537610376287,,0.7981255578696816,0.9089963598543942
81.0,0.9447220899131645,,0.7999603292670832,0.9101458795193913
81.1,0.9447257538563002,0.8798798798798799,0.8026133095308936,0.9111311820893888
81.2,0.9447514014582493,,0.8073242090647624,0.9121164846593863
81.3,0.944773385117063,,0.8086383020926312,0.9131565262610505
81.4,0.944791704832741,,0.8105722503223247,0.9143334154418808
81.5,0.9448026966621478,,0.8124814043439452,0.9151271314010455
81.6,0.9448210163778258,0.8858858858858859,0.8161013587226024,0.9161398034868763
81.7,0.9448320082072327,,0.8194485768124566,0.9172072146043736
81.8,0.9448503279229107,,0.8209858177129823,0.9181925171743712
81.9,0.9448576558091818,0.8888888888888888,0.822448675989289,0.9189314941018694
82.0,0.9536804308797128,0.8918918918918919,0.8246553605077854,0.9198346881243671
82.1,0.953687758765984,,0.8289695527124864,0.9213126419793634
82.2,0.953706078481662,0.8948948948948949,0.8303580283645741,0.9223800530968607
82.3,0.9537280621404756,0.9009009009009009,0.8317960924328077,0.9232558776035252
82.4,0.9537500457992892,,0.8337796290786472,0.9244327667843556
82.5,0.953761037628696,0.9039039039039038,0.8366557572151145,0.9253633303226866
82.6,0.9537720294581028,0.9069069069069069,0.8395566795596549,0.9263760024085174
82.7,,,0.8406476247148666,0.9272518269151818
82.8,0.9537866852306452,,0.8421600714073193,0.9282097599693462
82.9,0.953797677060052,,0.8441188138450858,0.9290308454443441
83.0,0.9614516542703258,,0.8477635624318159,0.929742452856009
83.1,0.9614626460997325,,0.8492264207081226,0.930782494457673
83.2,0.9614663100428681,,0.8510116036893781,0.9316309494485042
83.3,0.9614846297585461,,0.8528215808787067,0.9327804691135014
83.4,0.9614919576448173,,0.855796885847466,0.9336562936201659
83.5,0.9615102773604953,0.9099099099099099,0.8579043935336705,0.9345868571584969
83.6,0.9615212691899022,,0.8592928691857582,0.935216356022662
83.7,0.961532261019309,,0.8606317564216999,0.9360921805293264
83.8,0.9615469167918513,,0.8630120003967073,0.9368585269726578
83.9,0.9615835562232075,,0.8652930675394228,0.9379806771218218
84.0,0.968215293298648,,0.8664088069027075,0.9386101759859868
84.1,0.9682189572417836,,0.8679956362193791,0.9394038919451515
84.2,0.9682372769574616,0.9129129129129129,0.8699047902409996,0.9400060212934833
84.3,0.9682555966731397,,0.8720866805514231,0.940909215315981
84.4,0.9682592606162752,,0.8734999504115839,0.9415660836959794
84.5,0.9682665885025464,,0.8750867797282554,0.9423050606234775
84.6,0.9682739163888177,0.9159159159159159,0.8767479916691461,0.9427156033609766
84.7,0.9682849082182244,,0.8787067341069126,0.9433451022251417
84.8,0.9682995639907669,,0.8802191807993652,0.9442482962476394
84.9,,,0.8821035406129129,0.9450420122068041
85.0,0.9739017330451032,,0.8840374888426064,0.9456715110709691
85.1,,0.9219219219219219,0.885872260240008,0.9461094233243014
85.2,0.97391272487451,,0.8872607358920956,0.9466841831567999
85.3,0.9739273806470523,,0.8886987999603293,0.9472315734734652
85.4,0.9739420364195948,,0.8903352176931468,0.9476968552426308
85.5,0.9739457003627303,,0.8918724585936725,0.948134767495963
85.6,0.9739603561352728,,0.8938064068233661,0.9487368968442949
85.7,0.9739713479646795,,0.8951948824754538,0.9496674603826258
85.77,0.9739750119078152,,,
85.8,0.9739896676803576,,0.8969800654567093,0.9501053726359581
85.9,0.9739933316234932,,0.8978974511554101,0.9508443495634562
86.0,0.9786172278606236,,0.8990875731429138,0.9515285874592878
86.1,0.9786245557468948,0.924924924924925,0.9008479619160964,0.9521307168076196
86.2,0.9786428754625728,,0.9021124665278191,0.952678107124285
86.3,0.9786538672919797,0.9279279279279279,0.9033769711395419,0.953088649861784
86.4,0.9786611951782508,0.9309309309309309,0.9048646236239215,0.9535265621151162
86.5,0.978668523064522,,0.9060795398194982,0.9540465829159482
86.6,0.9786758509507932,,0.9071704849747099,0.9545118646851137
86.7,0.9786978346096069,,0.9085093722106516,0.9549224074226127
86.8,0.9787161543252849,,0.9096746999900823,0.9552782111284451
86.9,,,0.910840027769513,0.9557982319292772
87.0,0.9825449749019896,,0.9117326192601408,0.9562361441826094
87.1,0.9825559667313963,,0.9129475354557175,0.9569751211101075
87.2,0.9825632946176676,,0.9143112168997323,0.957440402879273
87.3,0.9825669585608031,,0.915426956263017,0.9577140980376058
87.4,0.9825926061627523,0.933933933933934,0.9167410492908856,0.958261488354271
87.5,0.9825962701058879,,0.9177576118218784,0.9588362481867696
87.6,0.982614589821566,,0.9188485569770901,0.9593288994717684
87.7,0.9826219177078371,,0.9198155310919369,0.9598489202726004
87.8,0.982632909537244,,0.9209560646632946,0.9603415715575991
87.9,0.9826475653097864,,0.9219230387781414,0.960943700905931
88.0,0.9859854175063203,,0.9229643955172072,0.9611626570325971
88.1,0.9859890814494559,,0.9238569870078349,0.9616005692859293
88.2,,0.9369369369369369,0.9250471089953387,0.9621205900867613
88.3,0.9860000732788627,,0.9263364078151344,0.9625858718559269
88.4,,,0.9273529703461272,0.9630785231409257
88.5,0.9860037372219983,,0.9283943270851929,0.9635164353942579
88.6,0.9860183929945407,,0.9294356838242587,0.9638722391000903
88.7,0.9860220569376763,,0.9303778637310325,0.9642827818375893
88.8,0.9860330487670831,,0.9310225131409303,0.9645017379642554
88.9,0.9860367127102188,,0.931890310423485,0.9648575416700879
89.0,0.9883046935111567,,0.9326589308737478,0.9652954539234201
89.1,0.9883156853405635,,0.9334027571159377,0.9657607356925856
89.2,0.9883230132268347,0.9429429429429429,0.9342953486065655,0.9661986479459178
89.3,0.9883376689993771,0.9459459459459459,0.9348408211841713,0.966527082135917
89.4,0.9883413329425127,,0.9355598532182882,0.9668281468100829
89.5,0.9883449968856484,,0.936477238916989,0.9671018419684155
89.6,0.9883486608287839,,0.9371714767430328,0.967457645674248
89.7,0.9883559887150551,,0.9381136566498066,0.9677860798642473
89.8,0.9883596526581907,,0.9389318655162154,0.9682239921175795
89.9,0.9883633166013264,,0.9395765149261133,0.9684976872759121
90.0,0.9903088704063313,0.948948948948949,0.9402955469602301,0.9687166434025782
90.1,0.9903161982926025,,0.940816225329763,0.9690450775925774
90.2,,,0.9417088168203908,0.9694282508142431
90.3,0.9903198622357381,,0.9424278488545076,0.9696745764567425
90.4,0.9903235261788738,,0.9431716750966974,0.9700303801625749
90.5,0.9903271901220093,,0.9439402955469602,0.9703861838684074
90.6,0.9903308540651449,,0.9445353565407121,0.97065987902674
90.7,0.9903381819514161,,0.9452048001586829,0.9709609437009059
90.8,0.9903455098376873,,0.9458742437766537,0.9711525303117388
90.9,,,0.9462957453138947,0.971590442565071
91.0,0.9917158245704026,,0.9471635425964494,0.97200098530257
91.1,,,0.9479321630467122,0.9722199414292361
91.2,0.9917194885135383,0.9519519519519519,0.9486511950808291,0.9727125927142349
91.3,0.9917231524566739,,0.949196667658435,0.9729862878725676
91.4,0.9917268163998095,0.954954954954955,0.9497669344441139,0.9732599830309002
91.5,0.9917304803429451,,0.9504115838540117,0.9735610477050661
91.6,0.9917341442860806,,0.9510314390558365,0.9738894818950653
91.7,0.9917378082292163,,0.9516017058415154,0.9740536989900649
91.8,,,0.9520480015868293,0.9741905465692312
91.9,,,0.9524942973321432,0.9744095026958973
92.0,0.9930494998717619,,0.953089358325895,0.9747105673700632
92.1,0.9930568277580332,0.9579579579579579,0.953585242487355,0.9750663710758957
92.2,,,0.9542794803133988,0.9755316528450612
92.3,0.9930604917011688,,0.9548497470990777,0.9758053480033938
92.4,,,0.9552960428443915,0.9760516736458932
92.5,0.9930641556443044,,0.9559654864623623,0.9761885212250595
92.6,,0.960960960960961,0.9565357532480413,0.9765443249308919
92.7,0.99306781958744,,0.9569324605772092,0.9767359115417248
92.8,,,0.957428344738669,0.9768727591208911
92.9,0.9930714835305756,,0.957924228900129,0.9772559323425568
93.0,0.9941486828124427,0.963963963963964,0.9582961420212238,0.9775569970167228
93.1,0.9941523467555784,,0.9586928493503918,0.9778033226592222
93.2,0.9941633385849852,,0.9589655856391947,0.9779949092700551
93.3,,,0.9594366755925816,0.9781591263650546
93.4,,0.9669669669669669,0.9597837945056035,0.9783507129758875
93.5,0.9941670025281207,,0.9603044728751363,0.9785696691025536
93.6,0.994174330414392,,0.9606763859962313,0.9790075813558858
93.7,,0.972972972972973,0.9611722701576911,0.9792812765142185
93.8,,,0.961792125359516,0.9795823411883844
93.9,,,0.9623623921451949,0.9798834058625503
94.0,0.9952661854688015,,0.9626847168501438,0.9801844705367162
94.1,,0.975975975975976,0.9630814241793118,0.980376057147549
94.2,,,0.9636516909649906,0.9806497523058817
94.3,,,0.9641227809183774,0.9808413389167145
94.4,,0.978978978978979,0.9647674303282753,0.9811150340750472
94.5,,,0.9652385202816622,0.9814160987492131
94.6,,,0.9657096102350491,0.9816624243917125
94.7,,,0.9661311117722899,0.9819634890658784
94.8,0.9952698494119371,,0.9664782306853119,0.982237184224211
94.9,0.9952735133550727,,0.9668005553902609,0.9825656184142103
95.0,0.9963690323526179,,0.9671724685113557,0.9828119440567097
95.1,0.9963726962957535,,0.9677179410889616,0.9832498563100419
95.2,,,0.9680402657939106,0.9834414429208748
95.3,0.9963800241820246,,0.9685113557472974,0.9836330295317076
95.4,0.9963836881251603,,0.9688832688683924,0.9839614637217068
95.5,0.9963946799545671,,0.9692303877814142,0.9842077893642062
95.6,0.9964056717839739,,0.9696270951105822,0.984399375975039
95.7,0.9964093357271095,,0.970197361896261,0.9846730711333717
95.8,,,0.9705444808092829,0.9850015053233708
95.9,0.9964129996702451,,0.9709163939303779,0.9852752004817035
96.0,0.9975231744403327,,0.9713131012595457,0.9854667870925363
96.1,0.9975268383834683,,0.9717098085887137,0.9857131127350357
96.2,,,0.9721065159178816,0.9858773298300353
96.3,0.9975305023266039,,0.9724536348309035,0.9862331335358677
96.4,0.9975341662697395,,0.9727511653277794,0.9864794591783671
96.5,,0.9819819819819819,0.9731974610730934,0.9866710457892
96.6,0.9975378302128751,,0.9734701973618962,0.9869994799791991
96.7,,,0.9737429336506992,0.9873279141691983
96.8,0.9975414941560107,,0.974337994644451,0.9875195007800313
96.9,0.9975488220422819,,0.974635525141327,0.98801215206503
97.0,0.9988531857985564,,0.9750818208866409,0.9881489996441963
97.1,0.998856849741692,,0.9754289397996628,0.9882858472233627
97.2,,0.984984984984985,0.9757512645046117,0.988532172865862
97.3,,,0.9763215312902905,0.9888606070558612
97.4,0.9988641776279632,,0.9767678270356045,0.9891343022141939
97.5,0.9988678415710989,,0.9771893285728454,0.9893258888250267
97.6,,,0.9777595953585243,0.9895995839833593
97.7,,0.987987987987988,0.9779827432311812,0.9898185401100255
97.8,0.9988715055142344,,0.978627392641079,0.9900648657525248
97.9,,,0.978999305762174,0.9904754084900238
98.0,0.9995896383688125,,0.9795447783397798,0.990803842680023
98.1,,,0.9801150451254587,0.9910775378383556
98.2,,,0.9806853119111375,0.9913786025125215
98.3,,,0.9812307844887435,0.9917891452500205
98.4,,,0.9818506396905683,0.9920354708925199
98.5,,,0.982916790637707,0.9925281221775187
98.6,,,0.9835366458395319,0.9927197087883516
98.7,0.9995969662550838,0.990990990990991,0.9841812952494298,0.9932123600733503
98.8,,0.993993993993994,0.9849251214916196,0.9935134247475162
98.9,,,0.9859664782306853,0.9939787065166817
99.0,0.999945040852966,,0.9867846870970941,0.9943618797383474
99.1,,,0.9875037191312109,0.9947176834441799
99.2,,,0.9887186353267876,0.9952103347291786
99.3,,,0.9897599920658534,0.9957029860141774
99.4,,1.0,0.9910492908856491,0.9960314202041766
99.5,,,0.9923385897054449,0.9964967019733421
99.6,,,0.9940493900624814,0.9967156581000082
99.7,,,0.9951899236338392,0.9970714618058406
99.8,,,0.9961568977486859,0.9974820045433396
99.9,0.9999487047961015,,0.9970494892393137,0.9977283301858391
100.0,1.0,,1.0,1.0
