hour_bin,upenn__median,upenn__q25,upenn__q75,upenn__mean,upenn__std,upenn__count,nu__median,nu__q25,nu__q75,nu__mean,nu__std,nu__count,jhu__median,jhu__q25,jhu__q75,jhu__mean,jhu__std,jhu__count,rush__median,rush__q25,rush__q75,rush__count,ohsu__median,ohsu__q25,ohsu__q75,ohsu__mean,ohsu__std,ohsu__count,ucmc__median,ucmc__q25,ucmc__q75,ucmc__mean,ucmc__std,ucmc__count,umn__median,umn__q25,umn__q75,umn__mean,umn__std,umn__count,emory__median,emory__q25,emory__q75,emory__mean,emory__std,emory__count,umich__median,umich__q25,umich__q75,umich__mean,umich__std,umich__count,mimic_iv__median,mimic_iv__q25,mimic_iv__q75,mimic_iv__mean,mimic_iv__std,mimic_iv__count
0,22.0,16.0,25.0,21.28,6.558176379097687,125,20.0,15.0,24.0,19.869811320754717,5.306330930995722,795,10.0,5.0,14.0,10.103626943005182,6.855154161592234,772,22.0,20.0,27.0,1003,12.0,10.0,18.0,14.693548387096774,7.64282307655931,62,20.0,15.0,25.0,19.964426877470355,7.648705628098553,253,25.0,20.0,25.0,23.818181818181817,7.023769168568496,121,20.0,14.0,25.0,19.933862433862434,6.890455198348059,378,18.0,14.0,22.0,18.48566463944396,7.096080575650979,1151,21.0,15.0,24.0,20.120689655172413,6.266249294257758,58
1,20.4,18.0,25.5,21.490666666666666,6.200112756893877,75,20.0,15.0,25.0,20.258928571428573,6.830747598047984,224,10.0,1.0,15.0,9.811965811965813,8.835597694525864,117,22.0,20.0,28.0,912,15.0,10.0,20.0,15.53125,7.853760094314544,64,18.0,15.0,25.0,20.390243902439025,7.943871148795532,82,25.0,24.5,28.0,24.515625,5.436479333142226,64,20.0,16.0,26.0,21.14782608695652,7.217478150066125,115,18.0,14.0,22.0,18.22962962962963,6.827133469310064,810,17.0,13.75,24.25,18.75,6.5684653338588355,20
2,20.0,15.0,24.0,19.815686274509805,5.485667600174827,51,20.0,15.0,23.0,19.77880184331797,5.471044355107361,217,10.0,6.0,15.0,10.0625,6.722335202585201,192,22.0,18.0,26.0,974,10.0,10.0,18.5,14.671875,8.52085152518724,64,18.0,15.0,21.0,19.18018018018018,6.060600327597617,111,25.0,18.5,25.0,22.96212121212121,7.0221137547807935,66,20.0,14.0,25.0,20.00769230769231,7.778419912726495,130,18.0,13.75,22.0,17.86111111111111,6.958199326483742,648,15.5,14.75,25.0,18.5,6.9906770213900815,24
3,20.4,15.0,25.0,20.857777777777777,6.209468169617665,45,20.0,15.0,25.0,20.070539419087137,6.584008666798772,241,10.0,5.0,14.0,10.13089005235602,7.785184224805708,191,22.0,20.0,27.0,1020,12.0,10.0,20.0,14.976744186046512,7.55452677945962,43,20.0,15.0,25.0,19.818181818181817,6.539306017544567,99,25.0,25.0,30.0,25.79591836734694,6.1533513627288725,49,20.0,15.0,25.0,20.204379562043794,7.242784123172066,137,17.0,13.0,21.0,17.205574912891986,6.831267575245838,574,18.0,14.0,22.0,18.03030303030303,6.356516579881078,33
4,20.0,12.0,20.5,18.318181818181817,6.4906828653999575,44,20.0,15.0,22.0,19.40989399293286,5.670144624226498,283,10.0,5.0,14.0,9.995169082125605,7.039760576619552,207,22.0,18.0,26.0,917,10.0,10.0,18.0,14.093333333333334,6.861906860761501,75,16.0,15.0,20.0,18.28846153846154,6.754607312068846,104,25.0,25.0,25.0,24.19047619047619,6.502040811181494,84,21.5,14.0,26.0,20.224358974358974,6.863248283851452,156,16.0,12.0,20.0,16.69945355191257,6.626287209486279,549,18.0,13.0,22.5,18.076923076923077,6.334469675740385,39
5,20.0,15.0,25.0,19.897435897435898,6.077546560885412,39,20.0,15.0,24.0,19.611336032388664,6.379173513224616,247,10.0,5.0,13.5,9.3551912568306,7.999969975323466,183,22.0,18.0,26.0,897,10.0,10.0,20.0,13.923076923076923,7.77841698156282,52,20.0,15.0,22.0,19.81,6.316076969355922,100,25.0,24.75,28.5,25.45625,6.0456169351840465,64,20.0,15.0,25.0,19.893805309734514,6.92351432214162,113,16.0,12.0,20.0,16.699386503067483,7.700969948483142,489,16.0,15.0,25.0,19.047619047619047,8.002975637075192,21
6,20.0,15.0,25.1,20.792307692307695,7.438422934104133,52,18.0,15.0,22.0,19.00409836065574,6.469617470338382,244,10.0,5.0,14.0,9.628440366972477,7.926187032508616,218,22.0,18.0,26.0,895,14.0,10.0,20.0,14.879518072289157,6.834984593915311,83,18.0,15.0,20.0,18.976744186046513,6.501760718594651,129,25.0,20.0,28.0,25.140350877192983,5.76763939236851,57,20.0,15.0,25.0,19.805555555555557,6.840109778877951,144,16.0,12.0,22.0,16.983539094650205,6.905827258873208,486,14.0,10.0,19.0,15.555555555555555,6.705767686211468,18
7,20.0,15.0,25.5,20.270833333333332,6.734286938301329,48,20.0,15.0,22.0,19.41350210970464,5.718493932212377,237,10.0,5.0,15.0,10.071428571428571,7.732481787477408,168,21.0,18.0,25.0,877,10.0,10.0,15.0,12.204081632653061,6.4645816822537405,49,19.5,15.0,22.0,19.133333333333333,6.385024614349009,90,25.0,25.0,25.0,24.73015873015873,6.253273592252273,63,20.0,12.0,24.0,18.791666666666668,6.455739572393966,144,16.0,10.0,20.0,16.121019108280255,7.0436484004382125,471,16.5,12.5,23.5,18.153846153846153,7.170452190439917,26
8,16.0,15.0,22.0,18.410204081632653,6.86841335686899,49,18.0,15.0,22.0,18.753246753246753,6.121570935397955,231,10.0,5.0,15.25,9.920454545454545,7.372879400163184,176,22.0,18.0,26.0,907,10.0,10.0,20.0,14.666666666666666,7.343798237221637,69,16.0,15.0,20.0,17.859375,5.862914777228078,128,25.0,25.0,28.0,24.28978494623656,5.549375988910162,93,20.0,13.25,25.0,19.746575342465754,7.782218143005171,146,16.0,10.0,20.0,16.034907597535934,6.807827522628931,487,17.5,14.25,22.0,18.09375,6.060764217755531,32
9,18.0,14.6,20.0,18.048387096774192,6.156344747101262,31,18.0,15.0,22.0,19.06694560669456,6.01081968091913,239,9.0,4.0,14.0,9.3121387283237,7.8899201622506325,173,22.0,18.0,25.0,826,14.5,10.0,20.0,14.4375,7.086483893176783,64,18.0,15.0,20.0,18.10185185185185,6.719951900716289,108,25.0,24.25,27.75,25.02,4.414678669518548,50,18.0,10.0,23.25,18.09090909090909,6.780590333747882,132,15.0,10.0,18.25,14.799107142857142,6.140400493183049,448,16.0,13.5,20.0,16.857142857142858,5.998236072282915,28
10,20.0,15.0,25.4,20.196153846153848,7.070345736851373,52,18.0,15.0,22.0,18.235521235521237,5.7790832420664575,259,10.0,5.0,12.0,9.414473684210526,6.215174848437804,152,22.0,18.0,26.0,850,14.0,10.0,16.0,14.727272727272727,7.618599753298301,77,17.0,15.0,20.0,18.21186440677966,7.030886310149217,118,25.0,25.0,30.0,25.889830508474578,5.115112663176072,59,20.0,12.0,25.0,19.954545454545453,7.614633998876729,132,16.0,10.0,20.0,15.85897435897436,6.7520624666797175,468,15.0,14.5,22.5,18.210526315789473,6.312060302560321,19
11,20.0,15.0,24.0,19.65757575757576,5.26931152423103,33,18.0,15.0,22.0,18.97285067873303,5.731030806881078,221,10.0,5.0,14.0,9.525139664804469,7.166807412761986,179,20.5,18.0,25.0,782,15.0,11.5,20.0,16.444444444444443,7.197001139142983,36,15.0,15.0,20.0,17.440366972477065,5.31321063684583,109,25.0,25.0,28.5,26.107142857142858,5.385767680330587,56,18.0,12.0,22.0,17.866197183098592,6.306845176022498,142,15.0,10.0,20.0,15.556025369978858,6.561760907160882,473,15.0,15.0,20.25,19.0625,9.291349022971136,16
12,18.0,15.0,20.0,18.609756097560975,4.922591029023678,41,18.0,15.0,22.0,18.618834080717487,5.831183991490671,223,10.0,4.0,15.25,10.5,7.739468397065939,160,22.0,19.0,26.0,876,12.0,10.0,18.0,14.788235294117648,7.4914143201004535,85,15.0,14.0,18.0,16.23308270676692,4.698302752937414,133,25.0,24.0,28.0,24.695360824742266,6.544996826752426,97,15.0,12.0,22.0,17.525641025641026,6.576055016986629,156,15.0,10.0,20.0,15.099403578528827,6.4346283400557445,503,20.0,16.0,22.0,19.454545454545453,5.8581722250358785,33
13,18.0,15.0,28.0,19.414754098360653,6.324814518112335,61,19.0,15.0,22.0,18.903614457831324,5.515990957013496,249,7.5,2.25,12.0,7.902597402597403,7.301866070489497,154,22.0,18.0,25.0,815,10.0,9.0,15.0,12.512820512820513,6.24024204520354,39,15.0,15.0,18.5,17.08,5.016498034012626,100,25.0,24.25,25.0,25.28,5.9385973744235425,50,16.0,10.0,22.0,17.382978723404257,6.383751219718573,141,15.0,10.0,18.0,14.733887733887734,6.211873313451431,481,15.5,12.0,18.0,16.45,7.104298180086401,20
14,25.0,18.0,28.0,22.758108108108107,6.605643223722534,74,19.0,15.0,24.0,19.002222222222223,5.777978857917333,225,9.0,3.0,14.0,8.61963190184049,7.935082742811966,163,21.0,18.0,25.0,760,10.0,10.0,15.0,12.02,5.219625445941344,50,15.0,15.0,20.0,16.633663366336634,5.462092588518119,101,25.0,24.0,30.0,26.0,5.107793284658843,68,18.0,10.0,22.0,17.46206896551724,6.728897765169243,145,14.0,10.0,20.0,15.152838427947598,7.361158532825584,458,15.0,12.5,21.0,18.555555555555557,9.660241272241002,18
15,20.0,15.0,22.5,19.742857142857144,5.243162814801865,35,18.0,15.0,20.0,17.900452488687783,5.951245077808633,221,9.0,2.0,15.0,9.013698630136986,6.960961389576191,146,21.0,18.0,25.0,723,12.0,10.0,15.0,12.75,5.390168974032953,52,15.0,15.0,20.0,16.61320754716981,4.988693415575783,106,25.0,25.0,30.0,26.42105263157895,6.120654051246287,57,18.0,12.0,23.5,18.035928143712574,6.653101655119946,167,15.0,10.0,18.25,14.733333333333333,6.231386936323498,456,16.0,13.5,21.0,17.130434782608695,7.25699880257351,23
16,18.0,15.0,20.0,17.75609756097561,5.028819383338787,41,20.0,15.0,22.0,18.65625,5.622875782264828,224,8.0,1.5,12.0,7.891025641025641,7.0588070982958016,156,22.0,20.0,26.0,784,12.0,10.0,15.0,11.813953488372093,5.160545439765103,43,15.0,14.75,20.0,16.975,5.1750248649587345,120,25.0,25.0,28.0,25.566666666666666,5.160458998834473,90,16.0,11.0,21.0,16.918518518518518,6.610768975357558,135,16.0,10.0,20.0,15.444924406047516,6.761929585188864,463,18.0,15.0,22.0,19.903225806451612,7.824554678317386,31
17,18.0,15.0,20.0,17.461363636363636,4.94980459605347,44,18.0,15.0,20.0,18.327188940092167,5.23156799013763,217,10.0,5.0,13.0,8.815068493150685,7.226391692388955,146,22.0,18.0,25.0,730,12.0,10.0,15.0,13.566037735849056,6.692445321641709,53,15.0,14.25,19.5,16.382978723404257,4.669982807130802,94,25.0,25.0,28.5,26.25,4.883819705441042,60,16.0,12.0,20.0,17.0,5.875909783980151,134,15.0,10.0,20.0,14.822616407982261,6.625507831712653,451,16.0,12.0,21.0,16.82608695652174,5.694113179520212,23
18,20.0,15.0,28.0,20.84313725490196,7.094709434556451,51,17.0,13.0,20.0,17.502392344497608,5.935652062159476,209,8.0,2.0,15.0,9.25531914893617,8.351564656927765,141,20.0,18.0,26.0,699,12.0,10.0,14.25,11.82,4.627733610240215,50,15.0,13.0,20.0,16.56989247311828,5.146543477997732,93,25.0,25.0,30.0,26.23076923076923,6.924283454442494,52,16.0,12.0,22.0,17.814102564102566,6.839925001644565,156,14.0,10.0,19.0,14.363861386138614,6.282733117434423,404,15.0,13.5,16.0,16.5,6.973977605094788,12
19,18.0,15.0,20.0,18.812820512820515,5.958460569784231,39,18.0,15.0,20.0,18.026190476190475,5.257988204964444,210,9.0,4.0,14.0,9.159090909090908,7.330610865118579,132,22.0,18.0,26.0,677,12.0,10.0,15.25,13.653846153846153,6.715170461634495,52,15.0,14.25,20.0,16.633333333333333,4.528188863334044,90,25.0,25.0,30.0,27.24074074074074,4.694176179798551,54,15.0,12.0,22.0,17.02777777777778,6.2956799978704945,144,14.0,10.0,18.0,14.564102564102564,6.700447603176519,429,15.5,14.25,18.5,16.5625,4.78844094321593,16
20,16.0,15.0,20.0,17.54423076923077,5.586201959995558,52,18.0,15.0,20.0,17.841666666666665,5.427337948810606,240,7.0,2.0,12.0,7.542168674698795,7.814983595739625,166,20.0,18.0,25.0,732,12.0,10.0,15.0,12.352941176470589,4.9470133592371255,51,15.0,12.0,19.0,16.358778625954198,5.368094780617559,131,25.0,25.0,28.0,25.29787234042553,4.639312581712903,94,18.0,14.0,20.0,18.18421052631579,6.545228333842917,152,14.0,10.0,18.0,14.385150812064966,6.882411855034477,431,20.0,16.75,20.5,18.964285714285715,5.308847561746565,28
21,18.0,15.0,20.0,18.825,4.908848629953349,40,18.0,15.0,22.0,18.291666666666668,5.515270263145196,204,8.0,1.0,14.5,8.387387387387387,7.9603233958645525,111,22.0,19.0,26.0,699,12.0,10.0,15.5,14.191489361702128,6.198310772237237,47,15.0,15.0,20.0,17.285714285714285,5.77945169161142,98,25.0,25.0,27.0,25.509090909090908,5.789110874202075,55,18.0,12.0,24.0,18.646153846153847,7.369391482942203,130,14.0,10.0,18.0,14.411910669975185,6.210972242008919,403,18.0,14.0,23.5,18.333333333333332,5.487954724560283,18
22,20.0,15.0,23.75,20.11315789473684,6.823257962120346,38,18.0,15.0,20.0,17.396135265700483,5.362362953739126,207,7.0,0.0,12.5,8.17687074829932,7.9153922187299255,147,22.0,18.0,25.0,689,12.0,10.0,17.25,13.277777777777779,6.822697879080266,36,15.0,12.0,18.0,15.340909090909092,4.538181223709202,88,25.0,24.25,30.0,25.557142857142857,6.910684259595268,70,16.0,10.0,20.0,17.120567375886523,7.132896804149234,141,14.0,10.0,18.0,14.148541114058355,5.856366261729469,377,15.0,11.0,23.5,17.733333333333334,9.153193561864207,15
23,18.0,15.0,20.0,18.542857142857144,6.523003896360385,35,18.0,15.0,22.0,18.246153846153845,5.722169140014214,195,6.0,0.0,13.0,7.696296296296296,7.813377424470482,135,20.5,18.0,25.25,648,12.0,10.0,17.75,13.391304347826088,6.5267935325414665,46,15.0,12.0,20.0,16.09278350515464,5.509617489420213,97,25.0,25.0,25.0,25.574468085106382,4.707739607382275,47,16.0,12.0,20.0,17.593333333333334,6.58154493874809,150,14.0,10.0,18.0,14.25130890052356,5.930453091698303,382,18.0,15.0,21.0,18.125,6.152235366108808,16
24,18.0,15.0,20.0,18.05217391304348,4.996965262611778,46,18.0,15.0,22.0,18.477678571428573,5.49189716738371,224,8.0,2.0,12.0,8.251968503937007,7.794960219551919,127,22.0,20.0,25.0,695,10.0,10.0,15.0,12.415384615384616,5.083343841939537,65,15.0,12.0,20.0,15.864864864864865,4.766333613789126,111,25.0,24.75,28.0,24.072916666666668,6.064989767278506,96,16.0,12.0,22.0,17.966442953020135,7.572546527461881,149,15.0,10.0,20.0,15.007194244604317,7.094312866057236,417,20.0,15.5,22.0,19.27777777777778,5.4428102122466075,18
25,18.0,15.0,21.0,19.032258064516128,7.026065143296742,31,18.0,14.25,22.0,18.38317757009346,6.232046303041275,214,9.0,0.0,11.0,7.452991452991453,6.923841527021372,117,22.0,18.0,25.0,643,12.0,10.0,16.0,13.982456140350877,6.252117435803465,57,15.0,13.0,20.0,17.147368421052633,5.6549139261140065,95,25.0,23.0,25.0,24.692307692307693,5.0772872829736695,65,16.0,12.0,20.75,16.849056603773583,6.342288084685718,106,14.0,10.0,18.0,14.250666666666667,6.213328207597744,375,16.0,10.0,20.5,16.65,5.760802210218917,20
26,18.0,15.0,22.0,18.78048780487805,6.101279354045147,41,18.0,15.0,20.0,18.17801047120419,5.728942055351406,191,7.0,4.0,14.0,8.617834394904458,7.488054616972164,157,20.0,18.0,25.0,624,12.0,10.0,16.0,13.30188679245283,6.25602757242466,53,15.0,12.0,20.0,16.2680412371134,5.2806949193846755,97,25.0,25.0,28.0,25.607142857142858,5.391144683069526,70,16.0,12.0,22.0,17.17105263157895,6.738027219087097,152,14.0,10.0,18.0,13.982367758186397,6.770941434905297,397,15.0,11.0,20.0,17.25925925925926,8.337093168912203,27
27,16.0,15.0,20.0,17.22222222222222,4.562141088691944,45,16.0,14.0,22.0,17.590697674418603,5.544206960367469,215,5.0,0.0,13.5,7.552631578947368,8.586975221577449,114,20.5,18.0,24.0,660,12.0,10.0,16.0,13.702702702702704,5.616764909451708,37,15.0,15.0,20.0,16.607843137254903,4.609840663780853,102,25.0,25.0,25.0,25.77777777777778,5.167630261127751,54,16.0,12.0,20.0,16.41875,5.430489136730773,160,14.0,10.0,18.0,14.021857923497267,5.813028620619594,366,19.0,14.25,22.0,18.083333333333332,5.615859576937336,12
28,18.0,15.0,21.5,18.86842105263158,4.943852598998669,38,18.0,15.0,20.0,17.869565217391305,5.253606393497702,184,6.0,0.0,13.0,7.223021582733813,7.862996409957789,139,22.0,19.0,25.0,715,12.0,10.0,19.0,14.716417910447761,6.200698812399985,67,15.0,14.5,20.0,16.469565217391306,4.926337629607294,115,25.0,25.0,28.0,25.152941176470588,4.868523493668626,85,18.0,12.0,24.0,18.306569343065693,7.118288421791993,137,14.0,10.0,18.0,14.075916230366492,6.261744540970692,382,20.0,15.5,23.0,19.565217391304348,4.980197942000094,23
29,18.0,15.0,20.0,18.586206896551722,7.409054505802393,29,17.0,15.0,20.0,17.68421052631579,5.950580892271409,209,6.0,0.0,10.0,6.023076923076923,8.01110216518387,130,22.0,18.0,26.0,608,11.5,10.0,15.0,12.857142857142858,6.085537464658831,56,15.0,12.0,20.0,16.693181818181817,5.841504204300552,88,25.0,21.5,28.0,24.5,6.34460150474151,64,16.0,10.0,20.0,16.146341463414632,5.5717126996137525,123,14.0,10.0,18.0,14.23943661971831,6.321572760601728,355,16.0,12.0,19.5,15.909090909090908,5.647663578516685,22
30,18.0,15.0,20.0,18.894736842105264,5.0925991541738735,38,18.0,14.0,20.0,17.90049751243781,6.214503178150591,201,7.0,2.0,12.0,6.965753424657534,7.97877735302384,146,22.0,18.0,25.0,615,12.0,10.0,15.0,12.671052631578947,5.284917300884943,76,15.0,12.0,18.0,15.87037037037037,4.872376058934145,108,25.0,22.625,30.0,25.12878787878788,5.624336272677739,66,16.0,12.0,20.0,16.97029702970297,6.216840750002453,101,14.0,10.0,18.0,13.78491620111732,5.559567559580573,358,16.5,15.0,24.25,19.5625,7.3481857171231955,16
31,18.0,15.0,22.0,18.55,5.252349901442162,40,16.0,15.0,20.0,17.571428571428573,6.151436395774474,203,7.5,2.0,12.25,8.169642857142858,7.29295401395609,112,20.0,18.0,25.0,560,12.0,10.0,15.0,12.689655172413794,5.509821841140885,58,15.0,15.0,18.0,15.92134831460674,4.763079406656627,89,25.0,25.0,25.0,24.865384615384617,3.7365646703148263,52,16.0,10.0,24.0,17.618055555555557,6.91304283421282,144,13.0,10.0,18.0,13.886227544910179,6.250447827008713,334,20.0,15.0,21.0,17.894736842105264,4.581299389209055,19
32,15.0,15.0,20.0,16.682926829268293,3.3048375481273213,41,18.0,15.0,22.0,18.68717948717949,6.186082628963222,195,7.0,0.0,12.0,7.96078431372549,7.38319781037463,153,20.0,18.0,24.0,674,12.0,10.0,15.0,13.32,4.77425066243438,50,15.0,12.0,20.0,16.03030303030303,5.077872255377198,99,25.0,25.0,28.0,25.466233766233767,5.486193445694535,77,15.0,12.0,20.0,16.43448275862069,5.785294807987375,145,14.0,10.0,18.0,14.405172413793103,6.418154790996899,348,18.0,14.5,20.0,18.05263157894737,4.801315609179151,19
33,18.0,15.0,20.0,17.7,6.385881863884358,40,15.0,14.0,20.0,17.398009950248756,5.8711835280376405,201,5.5,0.0,12.0,6.571428571428571,8.123475681188268,126,22.0,20.0,26.0,636,10.0,10.0,15.0,11.790697674418604,5.540148440227605,43,17.0,12.0,20.0,17.043956043956044,5.836498356438821,91,25.0,20.0,26.5,24.516666666666666,6.5107256141384795,60,15.5,12.0,20.0,16.16949152542373,5.6633551179698465,118,13.0,10.0,18.0,13.743523316062177,6.12162630294936,386,16.0,15.0,22.0,17.818181818181817,5.404022872218733,22
34,18.0,15.0,20.0,18.61951219512195,6.724998866624259,41,17.5,15.0,20.0,17.36868686868687,5.062094557850392,198,6.0,0.0,10.0,6.861788617886178,6.636122217537808,123,20.0,18.0,25.25,544,12.0,10.0,15.0,13.195121951219512,5.849014926443266,41,15.0,12.0,18.0,15.854368932038835,5.332857393574461,103,25.0,20.0,30.0,24.732394366197184,6.009415817766727,71,16.0,12.0,20.0,17.383458646616543,6.14437634544087,133,14.0,10.0,18.0,14.088642659279778,6.341477972423362,361,16.0,15.0,22.0,18.19047619047619,7.194574675538838,21
35,18.0,15.0,20.0,17.07894736842105,3.3882274641036703,38,17.0,15.0,20.0,17.73611111111111,5.497550546880299,216,6.0,2.0,12.0,7.58273381294964,7.141326228243341,139,20.0,18.0,25.0,549,12.0,10.0,15.0,13.847826086956522,6.207405581881292,46,15.0,15.0,20.0,16.2,4.641624807226865,95,25.0,25.0,25.0,25.563636363636363,5.002827483362067,55,16.0,11.5,20.0,16.348214285714285,6.3212922350762675,112,14.0,10.0,18.0,13.743169398907105,5.746197771700811,366,20.0,15.0,24.0,19.384615384615383,4.9923017660270625,13
36,18.0,15.0,20.0,18.705882352941178,4.951457769823531,34,18.0,15.0,20.0,18.036363636363635,5.724141414715219,220,7.0,2.25,13.75,8.014084507042254,6.875783298246034,142,21.0,18.0,25.0,630,12.0,10.0,15.0,12.974683544303797,4.6103970671212915,79,15.0,12.0,20.0,16.028301886792452,4.829389288354437,106,25.0,25.0,28.0,25.003896103896103,5.746238851321095,77,16.0,12.0,22.0,17.52857142857143,7.141370862839758,140,13.0,10.0,18.0,13.713483146067416,6.25711432407175,356,15.0,12.0,17.25,15.458333333333334,4.736345744821925,24
37,16.0,13.0,20.0,16.82857142857143,5.271932976710191,35,16.0,15.0,20.0,17.664921465968586,5.433112403451339,191,5.0,0.0,10.0,6.684684684684685,6.937358656357988,111,22.0,19.0,26.0,616,10.0,10.0,15.0,12.195652173913043,5.544244524098408,46,15.0,12.25,20.0,17.341463414634145,5.871503713417006,82,25.0,21.5,25.25,23.903846153846153,5.994309770351053,52,16.0,10.0,24.0,17.322580645161292,6.522804961995262,93,13.0,10.0,18.0,13.462857142857143,5.691449662713443,350,15.0,12.0,18.0,16.470588235294116,5.398120587978092,17
38,18.0,15.0,20.0,16.9,4.285903115708681,30,16.0,15.0,20.0,17.84975369458128,5.847343260520975,203,5.0,0.0,11.0,6.6231884057971016,8.842666059765921,138,21.0,18.0,25.0,549,12.0,10.0,15.0,12.88135593220339,6.578661287575553,59,15.0,12.0,18.0,15.80952380952381,5.0878725304833345,105,25.0,23.25,30.0,25.224358974358974,4.98351010437151,78,16.0,12.0,20.0,16.669565217391305,5.736497095973542,115,14.0,10.0,18.0,14.211904761904762,6.289769030251841,420,15.0,14.0,15.25,15.6875,3.321018919950121,16
39,18.0,15.0,22.0,19.357142857142858,6.464995533439042,42,17.0,15.0,20.0,17.97948717948718,5.894221330802252,195,5.0,0.0,11.0,6.821782178217822,7.49185696553793,101,20.0,18.0,25.0,508,12.0,10.0,15.0,11.736842105263158,3.2971722777616224,19,15.0,11.0,20.0,15.73972602739726,5.535309379239474,73,25.0,25.0,25.0,26.32075471698113,5.195314401183123,53,16.0,12.0,20.0,16.76984126984127,5.420203241078988,126,14.0,10.0,18.0,13.994318181818182,5.944182110122547,352,16.0,15.0,20.0,17.84,4.82769786406178,25
40,16.0,15.0,20.0,16.657894736842106,3.558593069918061,38,17.0,15.0,20.0,17.456410256410255,5.074892455911702,195,7.5,0.0,15.0,8.359154929577464,7.646759429800641,142,22.0,20.0,26.0,581,10.0,10.0,14.75,12.471428571428572,5.717305102909197,70,15.0,12.5,20.0,17.00900900900901,5.731088260127621,111,25.0,24.0,28.0,24.943037974683545,5.355315680424542,79,16.0,12.0,22.0,17.413793103448278,6.270800469695606,116,14.0,10.0,18.0,14.378151260504202,6.160300039167052,357,18.0,13.5,25.25,18.4375,6.131544123084603,16
41,17.0,15.0,20.0,16.8,3.0466954132594983,35,18.0,15.0,20.0,17.822580645161292,5.665993942665848,186,5.0,0.0,12.0,6.357142857142857,6.835775337378971,154,22.0,18.0,26.0,530,12.0,10.0,15.0,12.488888888888889,5.4798068239932345,45,15.0,14.0,20.0,16.371794871794872,4.623792153574151,78,25.0,22.0,28.0,24.798076923076923,6.094243197545497,52,15.0,10.0,21.0,16.779816513761467,6.278059676313568,109,13.5,10.0,18.0,13.758928571428571,5.988414988333277,336,15.0,10.0,17.0,15.647058823529411,5.278981630847329,17
42,18.0,15.0,22.0,19.431818181818183,6.442582637106088,44,16.0,12.0,20.0,17.33490566037736,5.700761443325961,212,7.0,0.0,12.0,7.790909090909091,7.351084866008286,110,22.0,19.25,25.0,522,12.0,10.0,15.0,12.054545454545455,3.855818987885721,55,15.0,12.0,20.0,16.3,5.461527517854582,100,25.0,20.75,30.0,25.257142857142856,6.083204995951913,70,16.0,12.0,20.0,16.38095238095238,5.47438256508115,105,14.0,10.0,18.0,14.096685082872929,6.4265757139769,362,15.0,15.0,20.0,17.294117647058822,6.039088361275575,17
43,15.0,12.0,18.0,15.153846153846153,3.490878803082938,39,16.0,14.0,20.0,17.616161616161616,6.201697934698209,198,6.5,2.0,10.25,6.871428571428571,6.248847786906479,140,22.0,20.0,26.0,504,11.5,8.5,15.0,11.26086956521739,4.479259773214993,46,15.0,12.0,20.0,15.849315068493151,5.062583971530504,73,25.0,25.0,25.0,25.396825396825395,4.0062035867763175,63,15.0,10.0,20.0,15.527559055118111,5.608704645818365,127,14.0,10.0,18.0,13.826747720364741,6.34888232435269,329,20.0,12.0,22.0,18.047619047619047,6.264792019502248,21
44,18.0,15.0,20.0,17.45,3.587371010814295,40,18.0,14.0,20.0,17.77251184834123,5.7665210146980455,211,9.5,0.0,12.0,8.157894736842104,7.844257182798354,114,22.0,20.0,25.0,545,12.0,10.0,15.0,12.966101694915254,5.307659077788583,59,15.0,12.0,20.0,16.593406593406595,5.742585600344968,91,25.0,25.0,28.0,25.78688524590164,3.851903226970449,61,16.0,12.0,22.0,17.204225352112676,6.189144846800071,142,14.0,10.0,19.0,14.593837535014005,6.716595755780205,357,15.0,14.0,20.0,17.0,5.70087712549569,17
45,19.0,15.0,20.0,19.314285714285717,6.21028146051492,42,17.5,15.0,20.75,17.807471264367816,5.734390870462081,174,5.0,0.0,10.0,6.536,7.507570372845385,125,22.0,18.0,25.0,534,12.0,10.0,15.0,12.923076923076923,5.68398560058805,52,15.0,14.0,20.0,17.66176470588235,5.939019201698097,68,25.0,20.0,26.0,24.49230769230769,6.514702307384901,65,15.0,12.0,22.0,16.96551724137931,6.221583354633511,87,14.0,10.0,18.0,13.891975308641975,6.125422620360674,324,16.0,13.75,22.0,18.041666666666668,6.490656606877751,24
46,18.0,15.0,20.0,18.81578947368421,6.429893291359086,38,16.0,14.0,20.0,17.448275862068964,6.205318262217062,203,5.0,0.0,10.0,6.225806451612903,7.339779987607235,93,22.0,18.0,25.0,470,12.0,10.0,15.0,13.377777777777778,5.309891665085973,45,15.0,14.0,18.0,16.126436781609197,4.662578879440376,87,25.0,25.0,28.0,26.174603174603174,4.794283163275525,63,16.0,12.0,20.0,16.485714285714284,5.914640059459832,105,14.0,10.0,18.0,13.99698795180723,6.480040698641308,332,15.0,15.0,15.0,15.941176470588236,3.8482234250900462,17
47,15.0,14.0,18.0,15.342105263157896,3.655993345176048,38,16.0,15.0,20.0,17.36320754716981,5.114347914621287,212,6.0,0.0,11.0,6.857142857142857,6.073377959221716,140,22.0,18.0,25.0,485,12.0,10.0,15.0,12.292682926829269,4.4398417901937925,41,15.0,14.0,18.0,15.894117647058824,5.028545963775604,85,25.0,25.0,25.0,25.28125,4.812248756583359,64,16.0,12.0,20.0,16.11764705882353,5.6300893670666134,119,14.0,10.0,18.0,14.270440251572326,5.577880531628972,318,20.0,15.0,24.25,19.583333333333332,5.9044321353183244,24
48,18.0,15.0,20.0,17.661702127659574,4.013648085323559,47,17.5,14.0,20.0,17.56086956521739,5.688664829069965,230,6.0,2.0,13.0,7.926229508196721,6.990156045015557,122,22.0,20.0,26.0,544,12.0,10.0,15.0,12.39080459770115,4.892700595022831,87,15.0,14.0,20.0,16.548076923076923,5.198729881651374,104,25.0,25.0,30.0,25.615384615384617,5.4611515108240525,78,16.0,14.0,20.0,16.752136752136753,5.333540557424248,117,14.0,10.0,19.0,14.337386018237082,6.036865947107033,329,20.0,17.5,23.5,20.304347826086957,4.6066629867527515,23
49,15.0,15.0,17.0,15.724137931034482,3.2502368235048644,29,18.0,15.0,21.125,18.24702380952381,6.187682622674717,168,6.0,0.0,12.0,7.669724770642202,7.742445596349793,109,22.0,18.0,26.0,489,10.0,10.0,14.0,11.698412698412698,4.969698246940412,63,15.0,13.75,20.0,16.602941176470587,5.694039056118912,68,25.0,25.0,30.0,25.32075471698113,7.026799208157026,53,14.0,10.0,18.0,14.92156862745098,5.343055592037209,102,13.0,9.25,18.0,13.503355704697986,6.236229717698296,298,15.0,13.75,25.25,18.583333333333332,7.680652592223154,12
50,15.0,15.0,20.0,18.232558139534884,8.242853208349427,43,16.0,12.5,20.0,17.357487922705314,5.952704326981568,207,5.0,0.0,10.0,5.484848484848484,6.606063442891141,99,22.0,20.0,26.0,423,12.0,10.0,15.0,13.156862745098039,5.500445614746528,51,15.0,14.0,20.0,17.065420560747665,5.598637010743224,107,25.0,25.0,28.0,25.676470588235293,4.562799534949673,68,15.0,12.0,18.75,15.976190476190476,5.022293158650594,126,14.0,10.0,18.0,13.645533141210375,6.0061145568853656,347,14.0,12.0,15.0,14.333333333333334,4.790864322059325,15
51,18.0,15.0,20.0,18.473684210526315,6.656583175568189,38,16.0,13.0,22.0,17.583815028901736,6.186084666448601,173,8.0,5.0,13.0,8.72463768115942,7.632783801071417,138,21.0,18.0,25.0,507,12.0,10.0,15.0,13.777777777777779,6.309764758937635,45,15.0,14.0,18.0,15.759493670886076,4.420857295539355,79,25.0,25.0,25.0,24.966101694915253,4.944401577036102,59,15.0,10.0,22.0,16.96031746031746,6.7674524526155855,126,13.0,10.0,18.0,13.69047619047619,6.025767932434076,336,20.0,15.0,22.0,19.11764705882353,6.575355056394069,17
52,18.0,15.0,20.0,19.195121951219512,6.558275353304106,41,16.0,14.0,20.0,17.512437810945272,5.9254615455138335,201,5.0,0.0,10.0,5.844827586206897,7.665397630885185,116,22.0,18.0,25.25,548,12.0,10.0,15.0,13.63265306122449,6.428108448936788,49,15.0,13.0,20.0,16.752688172043012,5.5865831394015375,93,25.0,25.0,30.0,25.54054054054054,5.232116806719423,74,15.0,12.0,20.0,16.73873873873874,5.5048932145727685,111,14.0,10.0,18.0,13.840764331210192,6.074625960838338,314,15.0,12.5,21.5,16.363636363636363,4.971781845436777,22
53,15.5,15.0,20.0,16.844736842105263,4.379602435888881,38,16.0,15.0,20.0,17.55392156862745,5.560419085609585,204,8.0,4.0,11.0,8.19047619047619,6.646420722833337,105,22.0,18.5,25.0,447,10.0,10.0,19.5,14.521739130434783,7.553480817726892,46,15.5,15.0,20.0,17.605263157894736,5.6476046777807705,76,25.0,23.25,25.0,24.67391304347826,6.58298935076387,46,17.0,12.0,20.0,16.885057471264368,5.630947062638758,87,13.0,10.0,16.0,13.113636363636363,5.142599352648967,308,17.0,10.0,24.25,17.77777777777778,8.29993306532582,18
54,15.0,15.0,20.0,18.714285714285715,6.866677544795714,35,18.0,15.0,20.0,17.911917098445596,5.57687869628626,193,7.0,0.0,13.0,7.473214285714286,7.059540629503728,112,20.0,19.0,25.0,466,10.0,10.0,15.0,12.510204081632653,5.447179885728302,49,15.0,14.0,20.0,16.68421052631579,5.223236051417185,95,25.0,25.0,30.0,25.855645161290322,5.494424184382477,62,15.0,12.0,20.0,16.356435643564357,5.9069182462868755,101,13.0,10.0,18.0,13.342948717948717,5.704487004499174,312,15.0,12.25,15.75,15.11111111111111,3.546147684275545,18
55,18.0,15.0,20.0,19.21212121212121,6.411696225247144,33,16.0,14.0,20.0,17.337278106508876,5.8826698404685525,169,7.0,4.0,13.0,9.073394495412844,7.873662640138334,109,21.5,18.0,25.0,420,12.0,10.0,15.0,12.796296296296296,5.815981980810986,54,15.0,15.0,20.0,16.65671641791045,5.147968822178346,67,25.0,25.0,25.0,24.62280701754386,5.88147872392223,57,15.0,10.0,21.0,16.395604395604394,6.708003711784437,91,14.0,10.0,18.0,13.61437908496732,5.76094730712715,306,15.5,13.5,20.25,16.9375,5.309974890085012,16
56,18.0,15.0,20.075000000000003,18.883333333333333,4.969758136464928,42,17.0,15.0,20.75,18.042857142857144,5.974673135026155,210,6.0,0.0,10.0,6.592920353982301,6.775266426155181,113,22.0,18.0,25.0,506,12.0,10.0,15.0,13.018518518518519,5.509822243959233,54,15.0,14.0,20.0,16.813953488372093,5.146127334121036,86,25.0,25.0,30.0,26.42371794871795,4.316682561296154,78,18.0,14.0,24.0,18.846153846153847,6.256288844996201,104,13.0,10.0,18.0,13.771704180064308,5.838910359234506,311,15.0,12.5,19.5,15.636363636363637,4.215001039885253,22
57,16.0,15.0,19.0,16.487179487179485,4.044956540471726,39,16.0,14.0,20.0,17.19178082191781,5.664935283677508,219,5.0,0.0,11.0,6.788135593220339,8.215944156006644,118,22.0,19.0,26.0,422,12.0,10.0,18.0,14.707317073170731,6.500938018620946,41,15.5,15.0,22.0,18.0,6.069220958078118,80,25.0,21.5,30.0,25.15686274509804,6.503453079771108,51,16.0,12.0,20.0,17.285714285714285,6.136024254416997,91,13.0,10.0,18.0,13.710610932475884,6.531796913245244,311,15.0,10.0,19.0,15.75,6.875075757158364,16
58,15.0,15.0,20.0,17.724137931034484,6.064513593286168,29,16.0,14.0,20.0,17.301075268817204,5.602673003441589,186,5.0,0.0,12.0,6.732673267326732,6.855495735698348,101,22.0,20.0,26.0,448,12.0,10.0,14.0,13.393939393939394,7.352462996929133,33,15.5,15.0,20.0,17.622222222222224,5.7034934647872975,90,25.0,20.75,27.25,24.9,5.427119234769565,70,14.0,10.0,16.0,14.806451612903226,4.780526768582438,93,12.0,9.0,17.0,13.244514106583072,6.118054501188869,319,14.0,12.0,15.0,14.263157894736842,4.214289254207483,19
59,17.0,15.0,20.0,18.217391304347824,5.936377658989101,46,16.0,14.0,20.0,16.869109947643977,5.466514211514499,191,7.0,2.0,11.0,7.292035398230088,7.08328189664277,113,22.0,20.0,25.25,436,12.0,10.0,15.0,14.306122448979592,6.736727944734042,49,15.0,14.0,20.0,16.626373626373628,5.378244967042588,91,25.0,25.0,25.0,25.7421875,5.732109633736483,64,15.0,12.0,20.0,16.43220338983051,6.32385094938787,118,13.0,10.0,18.0,13.863924050632912,5.832897598467969,316,18.0,14.25,22.0,18.77777777777778,6.992058987801011,18
60,18.0,15.0,21.05,18.002857142857142,5.683851516993286,35,18.0,15.0,22.0,18.14,5.936887498161738,200,7.0,0.0,12.0,7.163934426229508,7.319577117958877,122,22.0,19.0,26.0,477,14.0,10.0,15.0,14.444444444444445,6.738856459365217,63,17.5,15.0,20.5,17.71590909090909,5.7853339418936525,88,25.0,25.0,30.0,25.91190476190476,5.246006048481068,84,15.5,10.0,20.5,16.95,6.35219805800065,120,14.0,10.0,18.0,13.814465408805031,5.9174269333400265,318,15.0,12.0,17.0,14.869565217391305,4.683669383430114,23
61,18.0,15.0,20.0,17.666666666666668,4.0824829046386295,33,18.0,14.0,20.0,17.735751295336787,5.890283009993987,193,8.0,4.0,13.0,8.242990654205608,6.955167919103801,107,22.0,20.0,26.0,446,12.0,10.0,15.0,12.963636363636363,7.21100916645189,55,15.0,15.0,22.0,18.243589743589745,5.888985751396687,78,25.0,20.0,25.0,23.98076923076923,7.025138013061671,52,15.5,12.0,20.0,17.256756756756758,6.385044192273259,74,13.0,10.0,18.0,13.977707006369426,6.247515531508218,314,13.0,10.0,20.25,15.8,8.727988186161674,10
62,16.5,15.0,20.0,17.21315789473684,4.450579740713507,38,17.0,14.0,20.0,17.89673913043478,6.102511372077015,184,6.0,0.0,14.0,7.095238095238095,8.087887203338052,105,22.0,20.0,26.0,463,12.0,10.0,15.0,13.425531914893616,5.907786611388264,47,15.0,15.0,20.0,17.23076923076923,5.692249941956992,91,25.0,24.0,25.75,25.6171875,5.667886554619081,64,14.0,12.0,21.0,16.24175824175824,6.174032824554899,91,13.5,10.0,18.0,13.583850931677018,5.868293819462452,322,15.0,14.5,19.0,16.894736842105264,4.677306167277928,19
63,16.0,15.0,20.0,18.322580645161292,6.425921966401363,31,15.0,14.0,20.0,16.711340206185568,4.757233407888617,194,2.0,0.0,9.75,4.388888888888889,6.885409495454855,90,22.0,19.0,25.0,419,15.0,10.0,15.0,14.8,7.695682517604577,35,15.0,14.0,18.0,15.978947368421053,4.431461377921392,95,25.0,25.0,25.0,25.210526315789473,6.064347927805073,57,15.0,12.0,18.0,15.704081632653061,5.005582828920617,98,13.0,10.0,18.0,13.73076923076923,6.246304545471464,338,12.0,10.0,16.0,14.052631578947368,5.071419746541794,19
64,18.0,15.0,20.0,17.169444444444444,3.732392526015179,36,16.0,13.0,20.0,17.08,5.51595219732877,200,7.0,0.0,13.0,7.260869565217392,6.828945448518661,92,22.0,20.0,26.0,497,15.0,10.0,19.5,15.61111111111111,7.403254426306645,54,15.0,14.0,20.0,17.010526315789473,5.022279589313631,95,25.0,23.0,28.5,25.15625,5.044481726210925,80,16.0,13.0,22.0,17.698924731182796,6.06806492011315,93,14.0,10.0,18.0,14.128654970760234,5.9119490266827786,342,16.0,11.0,21.0,17.8,7.812078560061427,15
65,15.0,15.0,18.0,16.352941176470587,3.419040738597964,34,18.0,15.0,21.25,18.322916666666668,5.785873375345531,192,8.5,0.0,14.0,8.205882352941176,7.573191690566253,102,22.0,20.0,26.0,420,10.0,10.0,15.0,12.261904761904763,6.148803269681433,42,15.0,15.0,20.0,17.227848101265824,5.883373720545493,79,25.0,25.0,26.0,25.127659574468087,6.908145857315039,47,16.0,12.0,20.0,16.28181818181818,5.790108329042879,110,13.0,10.0,18.0,13.52980132450331,6.266302800771896,302,15.0,14.0,21.5,17.555555555555557,6.921596400544179,18
66,15.0,14.25,20.0,17.105263157894736,6.039462450055717,38,15.0,12.0,20.0,16.540697674418606,5.426120018740128,172,5.0,2.0,10.0,6.703703703703703,6.713439247376151,108,22.0,20.0,25.0,441,15.0,10.0,16.0,15.848484848484848,8.078216124713162,33,15.0,15.0,20.0,16.16304347826087,4.676988732345255,92,25.0,23.0,25.0,24.951612903225808,4.521088724802434,62,15.0,10.5,19.5,16.025641025641026,5.709355182219494,78,12.0,10.0,18.0,13.074193548387097,5.394859577906583,310,17.0,15.0,20.0,17.63157894736842,5.345928111041248,19
67,19.5,15.0,21.5,18.766666666666666,5.876213496587005,30,18.0,14.0,20.0,17.902857142857144,6.091896148685655,175,7.0,0.0,14.0,7.454545454545454,7.869176145547099,99,20.5,18.0,24.0,406,12.0,10.0,15.0,12.853658536585366,6.6766794726486465,41,15.0,14.0,20.0,16.467532467532468,5.022539763234742,77,25.0,25.0,25.0,25.557377049180328,5.03164847130618,61,15.0,10.0,20.0,15.696969696969697,5.603305411976818,99,14.0,10.0,18.0,13.384126984126985,6.308047795490538,315,15.0,11.5,22.5,17.75,7.496969084539795,12
68,16.0,15.0,20.0,16.620588235294118,4.165935408202094,34,16.0,13.0,20.0,17.050505050505052,5.37690820784667,198,5.0,0.0,12.0,6.3474576271186445,8.368006960420276,118,22.0,18.0,26.0,512,10.0,10.0,15.0,13.678571428571429,7.897311724095261,56,15.0,14.0,20.0,17.197802197802197,5.2814555658239595,91,25.0,23.0,27.5,24.819277108433734,4.894358570080288,83,16.0,13.0,20.0,17.282258064516128,5.907911856313273,124,13.0,10.0,17.0,13.4,6.180868450002656,320,15.0,12.0,22.0,17.705882352941178,7.744067938447732,17
69,18.0,15.0,20.0,18.405405405405407,5.489684566223876,37,16.0,13.0,20.0,17.401129943502823,5.787191860053043,177,5.0,0.0,10.0,5.972222222222222,6.966486306896356,108,22.0,20.0,26.0,439,12.0,10.0,15.0,13.8,7.327627013369255,35,16.0,14.0,20.0,17.27906976744186,5.876475860262826,86,25.0,25.0,29.5,25.782608695652176,5.621043965821694,46,15.0,12.0,18.0,15.26865671641791,4.643607823965663,67,13.0,10.0,17.0,13.391459074733095,6.297658153682251,281,18.0,15.0,22.0,19.428571428571427,6.57166745862975,14
70,15.0,15.0,20.0,16.818181818181817,4.216445077421155,33,16.0,14.0,20.0,16.984455958549223,4.783300686522401,193,5.0,0.0,14.0,7.588235294117647,7.338558216021061,119,22.0,20.0,26.0,413,12.0,10.0,19.0,16.08888888888889,7.965328910124469,45,15.0,14.0,18.0,16.314606741573034,4.858440419465848,89,25.0,22.875,25.0,24.3515625,5.4457495348236264,64,14.0,10.0,18.0,15.364705882352942,6.066785174451225,85,13.0,10.0,18.0,13.589341692789969,5.914273258957606,319,13.5,12.0,15.0,14.642857142857142,4.797549740907698,14
71,16.0,15.0,20.0,17.035714285714285,4.7099747805972845,28,15.5,12.0,20.0,16.75,5.840947411736104,196,8.0,0.0,13.0,8.108695652173912,8.41042853664965,92,22.0,20.0,26.0,379,12.0,10.0,17.0,14.91891891891892,7.166195249527768,37,15.0,14.0,20.0,16.420454545454547,5.599100073234452,88,25.0,25.0,25.0,25.428571428571427,4.044557028704325,56,15.0,10.0,18.0,14.818181818181818,5.12967285499357,99,13.0,10.0,17.0,13.258064516129032,5.582416947366075,279,15.0,15.0,20.0,17.3125,5.770254182731756,16
72,18.0,15.0,20.0,17.003225806451614,3.2383621241781815,31,16.0,14.0,20.0,17.493023255813952,5.5500019091028605,215,6.0,2.0,12.0,7.030769230769231,6.971635179648724,130,22.0,19.0,25.0,475,10.0,10.0,15.0,12.854545454545455,6.8513804551647945,55,16.0,12.5,20.0,16.433962264150942,5.025684256514878,106,25.0,22.0,26.5,24.548192771084338,5.045291488733686,83,15.5,12.0,20.75,16.76595744680851,5.623349042144073,94,14.0,10.0,18.0,13.77659574468085,6.262049035315323,282,16.0,12.0,20.5,17.6875,7.586995452746759,16
73,16.0,14.5,19.0,17.217391304347824,4.562261418311302,23,16.0,12.0,20.0,16.771084337349397,5.588571240850047,166,5.0,0.0,11.5,6.747474747474747,7.726634870056444,99,22.0,19.0,25.5,395,10.0,8.0,12.0,12.173913043478262,7.451485602291627,46,18.0,14.5,22.0,18.239436619718308,6.916780400348114,71,25.0,25.0,28.0,25.402173913043477,5.896910269339163,46,16.0,10.0,23.0,17.571428571428573,6.681531047810609,77,13.0,10.0,16.25,13.428571428571429,5.784843448398429,280,15.0,13.5,24.5,18.818181818181817,8.183131207773487,11
74,16.5,15.0,20.0,17.8625,5.718825749113007,40,18.0,15.0,20.0,18.17156862745098,6.003691433424887,204,3.0,0.0,10.0,5.064,7.127574803581171,125,22.0,20.0,25.0,420,12.0,10.0,15.0,14.32258064516129,7.888333566198434,31,17.0,14.5,20.0,17.054945054945055,4.6364800761943865,91,25.0,25.0,28.0,25.55223880597015,4.324992843187466,67,14.0,12.0,18.0,15.0,5.536520678593171,99,12.5,10.0,16.0,13.101307189542483,5.937891516582484,306,16.5,11.25,20.0,16.3,6.019413038937712,10
75,15.0,13.0,20.0,16.03448275862069,4.083789894384608,29,18.0,14.0,20.0,17.50526315789474,5.320169636095876,190,5.0,0.0,10.0,5.838095238095238,6.600005550003218,105,22.0,20.0,25.0,396,11.0,10.0,15.25,13.6,7.5182536490221255,30,15.0,12.0,18.0,15.518072289156626,4.827162590760476,83,25.0,25.0,25.0,24.884615384615383,4.386493736476871,52,15.0,12.0,20.0,16.775510204081634,6.014639549654322,98,12.0,10.0,16.0,13.107936507936508,5.916168647099579,315,15.0,13.0,15.0,16.53846153846154,6.279800748104788,13
76,16.0,15.0,19.5,16.384615384615383,4.318119248718572,26,16.0,12.0,20.0,16.5929203539823,5.6302945147227605,226,5.0,0.0,10.0,6.3,7.38793019762924,120,22.0,19.0,25.0,440,12.0,10.0,16.5,14.170212765957446,7.797210061063844,47,18.0,15.0,20.0,17.565656565656564,5.1550680752480025,99,25.0,23.0,26.5,24.86919831223629,4.842951738639271,79,15.0,12.0,20.0,16.526881720430108,5.325474867271916,93,13.0,10.0,18.0,13.31439393939394,5.471288801754707,264,16.0,12.75,20.0,17.8,6.894696665210382,20
77,18.0,15.0,20.0,18.53235294117647,6.44974608794257,34,18.0,15.0,20.0,17.704918032786885,5.684983871052192,183,5.0,0.0,12.0,6.882882882882883,8.02466508928876,111,22.0,19.75,26.0,456,12.0,10.0,19.0,14.91891891891892,7.9525620552903105,37,15.0,13.0,20.0,17.233766233766232,6.787946173948626,77,25.0,25.0,29.5,26.023809523809526,5.385110888357555,42,18.0,12.0,22.0,17.806122448979593,6.0575558394238715,98,12.0,10.0,16.0,13.07516339869281,5.686703283582539,306,14.0,10.0,15.0,15.923076923076923,8.118513189633703,13
78,15.0,12.0,20.0,17.057142857142857,5.551591489584486,35,18.0,15.0,20.0,17.80225988700565,5.403113105194962,177,5.0,0.0,12.0,6.118811881188119,7.773399679307467,101,22.0,20.0,25.0,341,13.5,10.0,16.0,14.842105263157896,7.0730792093778865,38,18.0,14.0,20.0,16.858823529411765,5.129635977933176,85,25.0,25.0,27.5,25.25925925925926,5.559914432574853,54,14.0,12.0,16.0,15.069444444444445,5.13020986004839,72,13.0,10.0,16.0,13.191011235955056,5.144987496775725,267,15.0,15.0,18.0,16.11764705882353,4.4704914850212,17
79,15.0,12.0,18.0,15.21875,5.065597917133229,32,18.0,15.0,20.0,17.666666666666668,5.497589003234493,177,5.0,0.0,10.0,5.096153846153846,6.5545052034107405,104,22.0,20.0,26.0,379,10.0,8.0,12.0,12.0,7.2236983728432484,34,15.0,11.5,21.25,16.69736842105263,6.066343735380436,76,25.0,25.0,25.0,24.41176470588235,4.77148392258943,51,15.0,12.0,20.0,16.5,5.802129426542719,86,14.0,10.0,18.0,13.524305555555555,5.858919125058479,288,14.5,11.5,16.0,14.0,4.0,12
80,18.0,15.0,20.0,18.129032258064516,4.660056762772108,31,16.0,14.0,20.0,16.788659793814432,5.44702944739227,194,5.0,0.0,10.5,6.314516129032258,8.305514805641465,124,22.0,20.0,26.0,443,10.0,10.0,13.75,12.428571428571429,5.75153365397633,42,15.0,12.0,20.0,16.637254901960784,5.276116963412523,102,25.0,23.0,25.25,24.50925925925926,4.755680968904855,72,17.0,12.0,20.0,17.114942528735632,5.918880486847903,87,13.0,10.0,17.0,13.663194444444445,5.928825779682067,288,15.0,10.0,20.0,16.565217391304348,6.880975663883468,23
81,15.0,14.0,18.0,16.404,3.4684867017187773,25,16.0,13.5,20.0,17.2,5.556398403497611,175,5.0,0.0,10.0,4.333333333333333,6.272713828600043,99,22.0,20.0,26.0,399,10.0,10.0,15.0,12.625,5.190396650671733,24,18.0,13.0,20.0,17.4025974025974,6.199023140912777,77,25.0,25.0,27.0,25.96,5.848285986474313,50,15.0,12.25,20.0,16.267441860465116,4.810342824042308,86,13.0,10.0,17.0,13.394039735099337,5.670378025192148,302,15.0,12.0,16.0,15.823529411764707,6.635466205528131,17
82,15.5,14.25,20.0,17.63888888888889,6.048153332229495,36,16.0,12.0,20.0,16.87378640776699,5.611277167173152,206,7.0,0.0,11.0,7.133333333333334,7.778257005993185,105,22.0,19.0,25.0,425,10.0,10.0,14.0,11.423076923076923,4.500427330137235,26,16.0,15.0,20.0,17.208333333333332,5.509640673481093,96,25.0,25.0,30.0,26.308823529411764,5.160866966798344,68,14.0,12.0,20.0,15.180722891566266,5.034380767776451,83,14.0,10.0,18.0,13.96309963099631,5.973283418786356,271,15.0,10.75,21.5,16.666666666666668,6.0972510681646765,18
83,15.0,12.0,20.0,16.03125,4.291660141972281,32,16.0,14.0,20.0,17.103448275862068,5.555671255576067,203,5.0,0.0,12.0,5.769230769230769,6.849848494907242,117,22.0,20.0,25.0,387,13.0,10.0,15.0,13.81081081081081,5.476403107057679,37,15.0,12.0,20.0,16.469135802469136,5.7491008422036876,81,25.0,25.0,25.0,23.930232558139537,4.182704461385682,43,15.0,12.0,20.0,16.037037037037038,5.259383149297177,81,13.0,10.0,17.0,13.444839857651246,5.7803222283492595,281,15.0,11.0,16.0,13.727272727272727,3.9010488100229943,11
84,18.0,14.0,22.0,19.13783783783784,7.591126082156402,37,16.0,14.0,20.0,17.16042780748663,5.459128276238512,187,5.0,0.0,10.0,6.0,6.7624767975184055,120,22.0,18.0,26.0,452,13.0,10.0,15.0,14.236842105263158,7.919985703393853,38,17.0,12.0,20.0,16.87378640776699,5.47844190611135,103,25.0,23.0,27.0,24.891774891774894,4.870979091043675,77,16.0,12.0,20.0,16.831683168316832,6.026722669794411,101,14.0,10.0,18.0,14.219672131147542,6.017048686203925,305,15.0,10.0,16.0,14.692307692307692,4.871423737550371,13
85,15.5,15.0,19.5,16.90909090909091,4.566014109536331,22,18.0,14.0,20.0,17.94857142857143,5.740828338874135,175,5.0,0.0,13.0,7.02970297029703,7.471887908078593,101,22.0,20.0,25.0,385,10.0,10.0,15.0,11.65625,5.545177358343362,32,16.0,15.0,20.0,17.584269662921347,5.416324208026654,89,25.0,25.0,27.0,25.22222222222222,6.557918062020605,54,15.0,12.0,20.0,15.702127659574469,4.669345898871998,94,14.0,10.0,18.0,13.768953068592058,5.770744870788475,277,16.0,12.75,28.75,20.38888888888889,8.61693878282352,18
86,18.0,15.0,22.0,18.5,6.206136401357777,32,16.0,14.0,20.0,16.969849246231156,5.574028472433736,199,5.0,0.0,10.0,5.777777777777778,7.563232920639033,108,22.0,20.0,26.0,383,12.0,10.0,15.0,13.128205128205128,4.995679644924186,39,15.0,12.0,20.0,16.13978494623656,5.0639205421883355,93,25.0,24.0,26.0,25.245283018867923,4.136635851553765,53,15.0,12.0,20.0,16.150537634408604,5.177178677197983,93,13.0,10.0,18.0,13.789667896678967,6.4998607022426365,271,15.0,15.0,16.75,16.071428571428573,3.099982275738058,14
87,20.0,15.0,20.0,18.10810810810811,4.128382678912354,37,15.5,12.0,20.0,17.0,5.682640025623539,172,7.0,0.0,11.0,6.9496402877697845,6.8507100457207395,139,22.0,18.0,25.0,376,10.0,10.0,15.0,12.535714285714286,6.082653799837472,28,18.0,15.0,20.0,17.345238095238095,5.028818270293698,84,25.0,25.0,25.0,25.49019607843137,3.9717630796391057,51,14.0,10.0,18.0,15.4375,5.983774357005414,64,13.0,10.0,16.0,13.33695652173913,6.012007089900332,276,15.0,12.0,18.0,15.941176470588236,6.475633060127153,17
88,16.0,14.75,20.0,17.2525,4.397142866068305,40,16.0,14.0,20.0,17.216814159292035,5.573897940378365,226,5.0,0.0,10.0,5.298245614035087,5.909239539834198,114,22.0,20.0,25.0,401,12.0,10.0,15.0,14.11111111111111,6.6480924043282865,63,18.0,14.0,20.0,17.226190476190474,5.781881109820659,84,25.0,22.0,25.0,24.35135135135135,5.302964878725687,74,15.0,12.0,20.0,16.41304347826087,5.351701329387506,92,13.0,10.0,17.0,13.786624203821656,5.542949878893321,314,15.0,10.0,20.0,16.944444444444443,8.040136245715816,18
89,15.0,14.0,22.0,17.517241379310345,5.20727986061802,29,16.0,13.0,20.0,17.5531914893617,5.976096809409566,188,5.0,0.0,10.0,5.019607843137255,6.96096669080042,102,22.0,20.0,26.0,368,10.0,9.5,15.0,13.65625,8.604610073450687,32,15.0,13.0,20.0,16.901408450704224,5.545023327472415,71,25.0,25.0,28.0,26.366666666666667,7.001129852319519,60,16.0,12.0,20.0,16.99019607843137,5.69261306655643,102,14.0,10.0,18.0,14.107023411371237,6.512913154225505,299,15.0,12.0,17.0,16.0,5.5677643628300215,13
90,15.5,14.0,20.0,17.3125,5.59053058824156,32,17.0,15.0,20.0,17.743016759776538,5.599046252525494,179,7.0,0.0,14.0,7.570247933884297,9.013717736761924,121,22.0,20.0,25.0,373,12.0,10.0,16.0,14.909090909090908,7.89526613058276,33,15.0,15.0,20.0,16.662650602409638,4.824422392910167,83,25.0,20.0,25.5,24.983050847457626,5.6796415787342776,59,15.0,11.5,18.5,15.546875,5.546140335318575,64,12.0,10.0,16.0,13.093425605536332,5.241553227657794,289,15.0,12.0,20.0,16.76923076923077,7.3161219936275685,13
91,15.0,12.0,18.0,15.760606060606062,5.101834191858074,33,16.0,14.0,20.0,17.124324324324323,5.558063345726785,185,10.0,3.0,11.0,8.71264367816092,8.324673393938312,87,22.0,20.0,25.75,366,10.0,10.0,14.25,12.63888888888889,6.908184701715486,36,15.0,15.0,20.0,16.703125,4.25638525937097,64,25.0,25.0,25.0,24.814814814814813,5.273908986965479,54,15.0,12.25,20.0,16.290697674418606,5.608536097288023,86,14.0,10.0,18.0,14.261168384879726,5.758996321423506,291,15.0,12.0,20.0,15.782608695652174,5.2219512352718604,23
92,15.5,14.0,20.0,16.533333333333335,4.64411628751413,30,16.0,12.5,20.0,17.365714285714287,5.887154478093189,175,5.0,0.0,12.0,6.870967741935484,6.914069245198969,124,20.0,18.0,25.0,423,10.0,8.5,14.5,12.710526315789474,7.522606990380475,38,15.0,15.0,20.0,16.666666666666668,4.53089235220242,93,25.0,22.0,25.0,24.6,4.641963602502343,70,16.0,12.0,22.0,17.16883116883117,6.2141658994899815,77,12.0,10.0,16.0,13.458483754512635,5.640424925911505,277,15.0,12.0,27.0,18.705882352941178,8.801737796327162,17
93,18.0,14.5,20.0,17.82857142857143,5.490557211011916,35,16.0,14.0,20.0,17.097435897435897,5.44662418760215,195,7.0,0.0,12.0,6.841584158415841,6.332033912207556,101,22.0,20.0,25.0,348,11.0,10.0,15.25,13.833333333333334,6.4873503285790175,36,15.5,12.75,20.0,17.041666666666668,6.031460944643559,72,25.0,25.0,29.5,26.657894736842106,4.668909912645988,38,15.0,12.0,20.0,16.024390243902438,5.064950025361536,82,13.0,10.0,17.0,13.560669456066945,5.913547433429827,239,16.0,13.0,20.0,16.533333333333335,4.926120853842977,15
94,20.0,15.0,20.0,18.295454545454547,5.4070563089465224,44,16.0,14.0,20.0,16.989071038251367,5.081737471150499,183,5.0,0.0,10.0,6.75,7.172896935719239,112,22.0,20.0,26.0,382,10.0,10.0,15.0,13.921052631578947,7.687763456957298,38,15.0,13.75,20.0,16.325,5.147876543915209,80,25.0,24.0,28.0,25.22641509433962,4.268135556900162,53,16.0,12.0,20.0,16.483333333333334,5.1535463079342385,60,13.0,10.0,18.0,13.462295081967213,5.924918496397734,305,14.0,10.5,15.0,13.1,2.4244128727957572,10
95,15.0,12.0,20.0,16.035714285714285,5.014661045058319,28,16.0,14.0,20.0,17.384180790960453,5.638683208938527,177,7.0,0.0,12.0,7.337931034482758,6.499167350146533,145,22.0,18.0,25.0,345,12.5,10.0,19.5,15.595238095238095,8.136216906627066,42,15.0,15.0,20.0,16.12162162162162,4.206819977206297,74,25.0,25.0,25.0,25.306451612903224,4.8335870998378265,62,15.0,12.0,18.0,15.950495049504951,5.152429014792464,101,13.0,10.0,16.0,13.479674796747968,5.728339280648393,246,16.0,12.0,20.0,16.904761904761905,5.6912631454252915,21
96,15.5,13.5,20.0,17.11111111111111,5.279490114870552,36,16.0,14.0,20.0,17.547511312217196,5.950840708834082,221,5.0,1.5,10.0,5.8,6.436446853759131,80,22.0,20.0,26.0,383,12.0,10.0,19.75,15.4,8.132870941038577,40,18.0,15.0,20.0,17.646341463414632,4.489691763236853,82,25.0,22.0,28.0,24.93243243243243,4.714684379334628,74,16.0,12.0,22.0,17.9873417721519,6.932816186740434,79,12.0,10.0,16.0,13.041666666666666,5.353134779221616,264,16.0,12.0,22.5,17.789473684210527,7.814366736043305,19
97,18.0,15.0,20.0,18.436666666666667,6.033497489352507,30,17.0,15.0,22.0,18.124223602484474,5.851023162634843,161,7.0,0.0,11.0,7.25,6.753038971717501,100,22.0,19.75,25.0,372,12.0,10.0,16.0,13.81081081081081,7.3327190569916665,37,15.0,15.0,20.0,17.589041095890412,6.1369455315018895,73,25.0,23.75,27.25,24.714285714285715,6.294366339755546,28,16.0,13.0,20.0,16.491803278688526,5.469987662447,61,12.0,10.0,16.0,13.242553191489362,5.761341274600472,235,15.0,12.0,16.0,15.307692307692308,8.37043024964085,13
98,15.0,15.0,20.0,17.08108108108108,4.480689297036403,37,18.0,15.0,20.0,17.807174887892376,5.569668711005846,223,5.0,0.0,10.0,5.3052631578947365,6.290948722908692,95,22.0,20.0,26.0,369,15.0,10.0,19.25,15.942307692307692,7.507939487932056,52,18.0,15.0,20.0,17.26923076923077,4.80171256495467,78,25.0,23.5,25.5,24.745454545454546,3.825926088898014,55,14.0,12.0,19.5,15.513513513513514,5.54741268395603,74,12.0,10.0,17.0,13.38768115942029,5.882954766547482,276,15.0,13.0,20.0,16.48,5.938013135721409,25
99,18.0,14.0,20.0,17.772972972972973,5.680016072387699,37,16.0,13.0,20.0,16.98901098901099,5.5622931506529945,182,5.0,0.0,12.0,6.887755102040816,9.300130420392712,98,22.0,18.0,26.0,373,13.5,10.0,19.5,14.294117647058824,6.589842559229827,34,15.0,12.0,20.0,16.654761904761905,5.423052196259089,84,25.0,25.0,25.0,24.466666666666665,5.4133127382647945,60,17.0,12.0,20.0,17.448275862068964,6.664307254233495,87,13.0,10.0,17.0,13.516,5.280271685842048,250,17.5,13.0,22.75,18.45,6.3616863040847065,20
100,15.0,14.0,20.0,16.74047619047619,4.687245773206657,42,15.0,13.0,20.0,16.65437788018433,5.209090318773334,217,5.0,2.0,10.0,6.408163265306122,5.960067692644495,98,22.0,20.0,26.0,356,15.0,10.0,16.0,14.290322580645162,6.382319576213994,62,17.5,14.0,20.0,17.02127659574468,5.461455797500195,94,25.0,22.0,25.0,24.21014492753623,4.678176647305337,69,15.0,13.5,20.0,16.591549295774648,5.111827922402073,71,13.0,10.0,18.0,13.581673306772908,6.145917570944523,251,14.0,10.0,20.0,16.0,7.615773105863909,12
101,16.0,13.0,20.0,17.304347826086957,7.060999044744407,23,18.0,15.0,22.0,18.086021505376344,5.6264931500093915,186,5.0,0.0,12.5,7.025,7.123711736697591,120,22.0,20.0,25.0,379,10.0,10.0,15.75,12.931034482758621,6.121179994503173,58,15.0,12.0,22.0,17.14666666666667,6.185627048406814,75,25.0,25.0,25.0,25.18793103448276,5.733293356297026,29,15.0,12.0,18.0,15.91025641025641,4.624008205167015,78,12.0,10.0,16.0,12.848101265822784,5.620231178357022,237,15.0,12.0,20.0,17.166666666666668,6.59099207028716,18
102,18.0,15.0,22.0,18.136363636363637,5.005071423837695,44,15.5,12.0,20.0,16.905882352941177,5.535519580626319,170,7.0,2.25,10.0,7.0,6.282250127674532,76,22.0,20.0,25.0,335,12.0,10.0,15.25,14.514705882352942,7.286242704441335,68,15.0,13.0,20.0,16.893333333333334,5.757658432959586,75,25.0,25.0,30.0,25.826923076923077,5.0087028333090595,52,15.0,12.0,18.0,16.114285714285714,5.749714188593863,70,13.0,10.0,17.0,13.472340425531915,5.44771975067604,235,15.0,10.0,16.5,14.95,5.871205381485045,20
103,15.0,12.0,20.0,16.617021276595743,4.51352167280072,47,16.0,14.0,20.0,17.489247311827956,5.735842026653319,186,7.0,2.25,12.0,6.732558139534884,9.2181718470889,86,22.0,20.0,26.0,331,12.0,10.0,15.0,13.39622641509434,5.978614525126876,53,15.0,12.0,20.0,16.702380952380953,5.811869371214958,84,25.0,25.0,25.0,24.363636363636363,5.50422596706417,66,13.0,10.0,18.0,14.73134328358209,5.344445118325672,67,12.0,10.0,16.0,13.294117647058824,5.909068559929492,255,15.5,13.25,20.0,17.38888888888889,6.001361501299604,18
104,15.0,12.0,18.0,16.694444444444443,5.830067112794032,36,16.0,14.0,20.0,17.695652173913043,5.938939334773429,207,5.0,0.0,10.0,5.505263157894737,6.0667802884486495,95,22.0,20.0,26.0,389,13.0,10.0,17.25,13.274193548387096,5.1475582460377405,62,15.0,15.0,20.0,17.27956989247312,5.903877854939092,93,25.0,20.0,25.0,23.34328358208955,5.417570289586019,67,16.0,12.0,20.0,16.835443037974684,5.682700648474744,79,13.0,10.0,17.0,13.683206106870228,5.3971420374042935,262,15.5,12.0,19.0,17.071428571428573,7.1410437258502695,14
105,16.0,15.0,19.5,16.903333333333332,3.3390565809184336,30,16.0,15.0,20.0,17.213872832369944,5.1978789867097275,173,2.5,0.0,8.0,4.214285714285714,5.9832239697478276,98,22.0,18.0,25.0,389,13.0,10.0,15.75,14.15,5.456353624151836,40,15.0,12.0,20.0,16.786516853932586,6.373724311065134,89,25.0,25.0,27.75,25.676470588235293,6.192471422404028,34,16.0,13.0,20.0,17.41269841269841,5.737918360978613,63,13.0,10.0,18.0,13.969026548672566,6.047509381129356,226,15.0,14.0,20.0,17.352941176470587,6.061571335786087,17
106,20.0,15.0,22.0,18.761904761904763,6.019519159994239,42,16.5,14.0,20.0,17.393617021276597,5.799166610062134,188,7.0,3.0,12.0,8.385321100917432,7.501738387275625,109,23.5,20.0,26.0,332,14.0,10.0,18.0,13.907407407407407,5.509061210024187,54,15.0,13.0,20.0,16.771084337349397,5.941432243369991,83,25.0,24.0,30.0,26.03846153846154,5.590473474148532,52,14.0,10.0,18.0,15.305084745762711,5.846467360393165,59,14.0,10.0,18.0,13.936567164179104,6.0074615407850445,268,15.5,12.0,20.5,16.6,6.003507746572657,20
107,15.0,12.0,18.0,15.81081081081081,4.5450695987693805,37,15.0,12.0,20.0,16.82587064676617,5.330527869093649,201,6.0,0.0,10.0,5.772277227722772,5.8530012610947075,101,22.0,20.0,25.0,327,10.0,9.5,15.25,12.666666666666666,5.296899362565128,36,15.0,12.0,20.0,16.79268292682927,5.987100959414616,82,25.0,25.0,25.0,24.060606060606062,5.394808866304969,66,14.0,10.0,18.0,15.27536231884058,5.858337592874677,69,13.0,10.0,17.0,13.870036101083032,5.784575097331092,277,14.0,10.0,20.0,16.1875,6.949520367142853,16
108,15.5,13.5,20.0,17.177500000000002,5.039204633008402,40,16.0,13.0,20.0,17.369565217391305,5.96019105445115,184,4.0,0.0,10.0,5.105691056910569,5.464959928355002,123,22.0,18.25,26.0,366,10.0,9.0,14.0,12.292682926829269,4.781442786644133,41,16.0,12.0,20.0,17.26530612244898,6.05226552181578,98,25.0,20.0,25.0,23.91549295774648,5.075843290593592,71,15.0,12.0,18.0,15.573333333333334,5.030107551731073,75,12.0,10.0,17.5,13.435424354243542,6.02667524771982,271,16.0,12.0,20.0,17.1,6.146458115729827,20
109,18.0,15.0,20.0,17.624000000000002,3.8233144434290702,25,18.0,15.0,20.0,17.92737430167598,5.361146042330973,179,10.0,3.5,14.0,8.864077669902912,6.933929853235789,103,22.0,20.0,26.0,330,12.0,10.0,17.0,13.098039215686274,5.142975411027296,51,15.0,12.0,22.0,17.0,5.966573556070519,71,25.0,25.0,27.5,26.55128205128205,5.791094424103261,39,15.0,12.0,20.0,15.951807228915662,5.920002501766592,83,13.0,10.0,18.0,13.83529411764706,6.2522696203283035,255,15.0,11.5,16.0,16.2,7.23286151632158,15
110,15.0,14.0,20.0,16.204545454545453,3.9975547494224535,44,16.5,14.0,20.0,17.436781609195403,5.792562800845644,174,6.0,0.0,10.0,6.925,6.874600103444453,80,22.0,19.0,25.0,331,13.0,10.0,17.0,14.307692307692308,6.345963682588228,39,15.0,13.0,20.0,16.743589743589745,5.437808710295312,78,25.0,24.0,30.0,25.22966101694915,5.816134800796859,59,16.0,12.0,18.0,16.06451612903226,4.931900068596365,62,14.0,10.0,18.0,13.972440944881889,6.655499995060155,254,15.5,10.75,20.0,16.785714285714285,7.1702223056253915,14
111,20.0,15.0,23.0,18.89189189189189,5.353004264397204,37,15.0,14.0,20.0,17.20812182741117,5.750983502879181,197,5.0,0.0,10.0,5.333333333333333,5.5083333863045985,120,22.0,18.0,26.0,331,12.0,10.0,15.75,14.823529411764707,7.937141643488902,34,18.0,15.0,20.0,17.619718309859156,5.790056000674404,71,25.0,25.0,25.0,24.59016393442623,5.389424982254067,61,15.0,10.0,20.0,15.846153846153847,5.780437832765053,65,14.0,10.0,16.0,13.69672131147541,6.042223644670797,244,15.0,12.0,20.0,16.4,6.02975080221746,20
112,15.0,14.0,20.0,16.482758620689655,3.757095094191526,29,16.0,12.0,20.0,16.959183673469386,6.118351323676763,196,5.0,0.0,10.0,5.509615384615385,5.711502943188622,104,22.0,20.0,26.0,331,10.0,10.0,15.0,13.653846153846153,7.943142597788891,52,15.0,12.0,20.0,16.545454545454547,5.483337090306688,77,25.0,22.0,30.0,25.290123456790123,5.738501654140034,81,14.0,12.0,18.0,15.211267605633802,5.806192489692724,71,12.0,10.0,17.0,13.824817518248175,7.015313245319014,274,16.0,14.5,24.5,19.133333333333333,7.434155410446211,15
113,15.0,15.0,20.0,16.27906976744186,4.031575264591277,43,18.0,15.0,20.0,17.311764705882354,4.965249935960688,170,7.0,0.0,10.0,7.120689655172414,7.319010591738409,116,22.0,20.0,26.0,324,10.0,10.0,13.0,12.675675675675675,6.544947389883003,37,20.0,15.0,22.0,18.285714285714285,5.666621487124494,63,25.0,25.0,30.0,27.194444444444443,5.932089222161322,36,15.0,12.0,20.0,16.27848101265823,5.281648705443385,79,14.0,10.0,18.0,14.096153846153847,6.045706269788856,260,17.0,13.0,19.0,17.454545454545453,5.733474275927929,11
114,15.0,12.0,20.0,16.874285714285715,5.0176361236051745,35,15.0,12.0,20.25,17.367021276595743,6.112875659930398,188,6.0,3.0,11.0,7.452830188679245,6.747319856586019,106,22.0,20.0,26.0,344,12.0,10.0,15.0,14.075,7.269139193562373,40,16.0,15.0,20.0,16.835164835164836,5.222310549223157,91,25.0,24.25,30.0,25.03030303030303,6.654020639883128,66,16.0,12.0,20.0,16.682539682539684,6.114038306530512,63,12.5,10.0,16.0,13.136690647482014,6.0254591494522005,278,16.0,12.5,20.0,16.789473684210527,6.196584609178951,19
115,16.0,14.0,20.0,16.96,6.294706771036545,25,15.0,13.5,20.0,16.92737430167598,6.019656876406907,179,8.0,3.0,10.25,7.9375,6.2121639557128745,80,22.0,18.0,26.0,331,10.0,10.0,12.0,12.5,6.3639610306789285,34,15.0,13.5,20.0,16.333333333333332,5.63399817925698,63,25.0,25.0,25.0,25.15573770491803,5.844898761317826,61,15.5,12.0,18.0,15.916666666666666,4.790689326741207,72,13.0,10.0,17.5,13.915129151291513,6.235812926445799,271,15.0,11.5,20.0,16.0,5.692099788303083,11
116,15.0,13.7,20.0,16.95714285714286,5.022007316929078,42,18.0,14.0,22.0,18.08040201005025,6.566179634238379,199,5.0,0.0,10.0,6.010416666666667,7.585990955170579,96,22.0,20.0,26.0,325,12.0,10.0,15.0,13.145454545454545,6.222474742350659,55,18.0,13.0,20.0,16.661538461538463,4.877489502413496,65,25.0,20.0,25.0,23.26865671641791,5.879038494753637,67,13.0,10.0,20.0,15.863636363636363,6.297463136695757,66,14.0,10.0,18.0,13.506224066390041,5.2923847270946816,241,17.0,15.0,24.0,19.666666666666668,7.075352009660442,12
117,15.0,15.0,22.0,17.176470588235293,5.201809639866857,34,18.0,15.0,21.0,18.16568047337278,6.085384983490775,169,3.0,0.0,7.0,4.192212389380531,5.211589717452768,113,22.0,20.0,26.0,314,10.0,10.0,15.0,15.275862068965518,10.267481787956083,29,16.0,15.0,22.0,17.867924528301888,6.098668631030675,53,25.0,25.0,25.0,25.764705882352942,4.893154299813418,34,15.0,12.0,20.0,16.116666666666667,5.233826310941866,60,13.5,10.0,18.0,13.763565891472869,5.524821077223238,258,14.5,11.5,17.75,15.625,6.119640512317697,16
118,18.0,14.25,20.0,16.733333333333334,3.6853234858560646,30,16.0,14.0,20.0,17.57591623036649,6.293960854267445,191,5.0,0.0,10.0,5.504,7.121779407948822,125,22.0,18.0,25.0,327,12.0,10.0,22.75,16.3125,8.778410099270125,32,15.0,14.25,20.0,16.337209302325583,5.343738425080063,86,25.0,25.0,30.0,24.891666666666666,5.501226108838373,60,14.0,12.0,18.0,15.232142857142858,4.827915309299266,56,14.0,10.0,18.0,14.468468468468469,6.601549002128826,222,17.5,15.0,20.0,17.785714285714285,5.740256915029976,14
119,17.0,14.0,21.5,18.41176470588235,6.629217454886445,34,16.0,13.5,20.0,17.26178010471204,6.410070610812496,191,6.0,0.0,10.0,6.514563106796117,6.712388426311782,103,22.0,20.0,26.0,311,12.0,10.0,14.0,13.24390243902439,5.876991100065059,41,15.0,15.0,20.0,16.753246753246753,5.703544244719209,77,25.0,25.0,25.0,24.21818181818182,5.286919249573908,55,15.0,12.0,18.0,16.014084507042252,5.488931610188633,71,12.0,10.0,17.0,13.315573770491802,5.646186964797491,244,15.0,13.0,18.0,15.705882352941176,4.831727251749019,17
120,18.0,15.0,20.0,17.914285714285715,5.135639192541313,35,17.0,14.0,20.0,17.11520737327189,4.9963504345802825,217,6.0,0.0,10.0,6.873563218390805,6.388224264133494,87,22.0,20.0,26.0,343,12.0,10.0,17.0,13.847222222222221,6.775389853597474,72,16.0,14.0,20.0,16.94736842105263,4.609829315255552,76,25.0,20.0,25.0,23.795454545454547,6.003189711585558,66,15.0,12.0,20.0,16.24,5.897411250664097,75,14.0,10.0,18.0,13.700787401574804,5.324735270570624,254,18.0,14.75,25.0,20.166666666666668,7.637626158259733,12
121,15.0,14.0,20.0,16.45,4.058454463410788,20,17.5,13.75,20.0,17.729166666666668,6.102874106131423,168,10.0,0.0,14.0,8.569767441860465,8.384215839265952,86,22.0,20.0,26.0,295,10.0,10.0,17.0,13.340425531914894,6.9070744947376745,47,16.0,13.0,20.0,16.37735849056604,5.3068403430577575,53,25.0,25.0,28.0,26.048780487804876,4.188980899408563,41,14.5,12.0,20.0,15.704545454545455,5.285256128772101,44,12.0,10.0,18.0,13.38961038961039,6.080952108280079,231,,,,,,
122,15.0,12.0,20.0,16.0,4.1952353926806065,36,16.0,14.0,20.0,17.03680981595092,5.844581293869031,163,5.0,0.0,10.0,5.894736842105263,6.359952720162425,114,22.0,20.0,26.0,314,12.0,10.0,17.0,14.127659574468085,6.492862372993485,47,15.0,13.0,20.0,16.963414634146343,5.162651060657132,82,25.0,25.0,28.25,24.984375,4.685310335133408,64,15.0,10.0,18.0,15.23611111111111,5.072691469825838,72,13.0,10.0,17.0,13.653333333333334,5.944294984028205,225,16.0,14.5,19.0,16.4,6.080413519772201,15
123,16.0,15.0,20.0,18.756756756756758,6.161734087654787,37,16.0,14.0,20.0,17.011173184357542,5.971833538111836,179,5.0,0.0,10.0,6.5772357723577235,7.053667956508659,123,22.0,20.0,26.0,355,10.0,10.0,15.0,13.289473684210526,5.931627982798297,38,15.0,15.0,20.0,17.506849315068493,5.459760087502912,73,25.0,25.0,25.0,25.196428571428573,5.0359422440804735,56,15.0,12.0,22.0,16.278688524590162,5.831326743091958,61,12.0,8.75,16.0,12.47844827586207,5.395160666809624,232,15.0,14.0,17.0,16.307692307692307,5.266001256244555,13
124,16.0,14.0,20.0,17.732432432432432,6.907646892074434,37,18.0,12.0,20.0,17.41269841269841,5.771264806528281,189,5.0,0.0,8.0,4.897637795275591,5.261170498151878,127,22.0,18.0,26.0,335,11.0,10.0,17.0,13.093023255813954,6.198363660747477,43,16.0,13.75,20.0,17.011363636363637,5.509645290086336,88,25.0,20.0,25.0,23.74921875,5.27945623242764,64,15.5,12.0,20.0,16.513157894736842,5.431987778711414,76,13.0,10.0,18.0,13.609053497942387,5.450703223379305,243,15.0,12.0,18.0,16.615384615384617,6.185176655230654,13
125,15.0,14.0,20.0,16.78125,4.857547336777302,32,17.5,15.0,20.0,17.296875,5.574849151575961,192,2.0,0.0,10.0,5.477777777777778,8.20280546387346,90,22.0,20.0,26.0,289,10.0,10.0,17.0,13.9,6.834748942239816,30,16.0,12.0,20.0,17.361702127659573,6.929538324275584,47,25.0,20.0,25.0,22.634146341463413,6.2679984746367605,41,15.0,12.5,18.0,15.73913043478261,4.503997151216268,46,12.0,10.0,17.5,13.735930735930737,6.091652083648992,231,15.0,12.0,20.0,17.5,7.366765285335944,14
126,15.5,14.0,20.5,17.28125,4.5736579205482295,32,16.0,14.0,20.0,17.397849462365592,6.371625928427572,186,5.0,0.0,10.0,5.5,5.652575775982646,94,22.0,20.0,26.0,326,10.0,10.0,16.25,13.96875,8.236364587176991,32,15.0,15.0,20.0,16.679012345679013,4.8083967195257165,81,25.0,24.5,28.5,24.581818181818182,5.543400845085345,55,14.0,12.0,18.0,14.904761904761905,4.8980387309757205,63,13.0,10.0,16.0,13.131313131313131,5.07036070292797,198,15.0,13.5,20.0,17.333333333333332,6.320789582985733,15
127,20.0,14.0,21.0,18.88222222222222,7.308565612562518,45,16.0,14.0,20.0,17.56084656084656,6.357501125137018,189,5.0,0.0,10.5,6.361111111111111,7.331226686933266,108,22.0,20.0,26.0,307,11.0,10.0,15.0,12.0,4.419653078391259,31,16.0,15.0,20.0,17.49206349206349,5.348720123884373,63,25.0,25.0,25.0,23.54385964912281,4.825787039580015,57,16.0,12.0,21.5,16.951612903225808,5.92418610126773,62,12.0,10.0,16.0,12.909090909090908,5.48812824933925,220,,,,,,
128,18.0,15.0,20.0,18.372093023255815,5.614705419122325,43,17.0,14.0,20.0,17.52127659574468,5.449287297567262,188,10.0,0.0,11.5,8.36046511627907,8.110868221746273,86,22.0,20.0,26.0,325,10.0,10.0,14.0,12.071428571428571,6.508504219688295,42,15.0,12.0,20.0,17.015151515151516,6.249904428173711,66,25.0,20.0,25.0,23.033898305084747,5.1527230888976705,59,15.0,12.0,20.0,16.83076923076923,5.789454936480503,65,13.0,10.0,18.0,13.849420849420849,5.467000159919139,259,15.0,12.0,17.75,15.785714285714286,5.235655442453019,14
129,15.0,12.75,21.5,16.766666666666666,4.538595661073218,30,15.0,14.0,20.0,17.12574850299401,6.124392903985858,167,0.0,0.0,5.0,3.439252336448598,6.3412063165405,107,23.0,20.0,26.5,287,10.0,10.0,12.0,12.227272727272727,5.822221946840261,22,15.0,12.0,20.0,16.82758620689655,6.349852687984554,58,25.0,23.55,25.0,24.428048780487803,5.3728257088389695,41,14.0,10.0,19.0,15.047619047619047,5.043131935960263,63,13.0,10.0,18.0,13.510373443983402,5.935845933250951,241,20.0,14.5,28.0,21.545454545454547,7.776421238122796,11
130,16.0,15.0,20.0,17.303030303030305,4.326407635706907,33,17.0,14.0,20.0,17.227272727272727,5.169641651526225,176,4.0,0.0,10.0,5.472727272727273,6.215855858478204,110,22.0,18.0,26.0,304,10.0,10.0,15.0,13.277777777777779,6.810123183744754,36,16.0,12.0,20.0,16.37037037037037,4.501234398596802,81,25.0,25.0,30.0,25.90909090909091,4.39484758719632,66,14.0,12.0,18.0,15.701754385964913,4.924301662892712,57,13.0,10.0,17.0,13.624472573839663,5.968695901013765,237,16.5,12.5,24.5,18.9,7.309810759064376,10
131,17.0,14.0,20.0,17.61388888888889,5.828606928774553,36,18.0,14.0,20.0,17.74770642201835,6.172304670515937,218,6.0,0.0,10.0,6.5504587155963305,6.73642151202192,109,22.0,18.0,26.0,296,10.0,10.0,12.0,11.818181818181818,6.020887164785789,22,15.0,14.5,20.0,16.569620253164558,4.9059972307679205,79,25.0,25.0,25.0,23.928571428571427,4.778197236528524,56,15.5,12.0,20.0,16.735294117647058,5.708379928205637,68,12.0,10.0,17.0,13.183333333333334,5.481781668854847,240,15.0,10.0,20.0,15.153846153846153,6.580858022149718,13
132,15.0,14.0,20.0,17.83783783783784,5.823866191579046,37,16.0,13.25,20.0,17.078651685393258,5.5116204290297155,178,6.0,2.0,10.0,7.085106382978723,6.405071200645249,94,22.0,20.0,26.0,345,10.0,10.0,15.0,13.317073170731707,6.06398806228312,41,15.5,12.0,20.0,16.2972972972973,4.610083438254001,74,25.0,20.0,25.0,23.21875,5.875612092396627,64,18.0,12.0,23.5,17.741935483870968,6.63061820887276,62,12.0,10.0,18.0,13.420833333333333,5.897483979993648,240,15.0,12.0,28.0,19.0,7.810249675906654,13
133,18.0,15.0,20.0,17.40740740740741,4.217721397766073,27,15.0,14.0,20.0,17.412790697674417,5.917410064721306,172,5.0,0.0,12.0,6.852631578947369,8.220328229006988,95,22.0,20.0,26.0,300,10.0,6.5,11.0,11.64516129032258,7.552255235344271,31,15.0,13.5,20.0,16.3943661971831,5.637828541556039,71,25.0,23.75,25.25,24.25,4.7439331741482516,52,14.0,12.0,18.0,15.24561403508772,4.9866991005874315,57,13.0,10.0,18.0,13.742489270386265,6.34651321464949,233,18.0,15.5,28.0,21.272727272727273,8.050973967054038,11
134,18.0,14.0,22.0,18.24848484848485,4.921897576908297,33,15.5,13.0,20.0,16.74264705882353,5.201134240299986,136,5.0,0.0,10.0,7.5,8.464111085671563,86,23.0,20.0,26.0,333,10.0,10.0,15.0,12.121212121212121,5.072952639720627,33,15.0,14.5,20.0,16.69333333333333,4.532087799217908,75,25.0,25.0,28.0,25.085714285714285,5.069782195655663,70,14.0,10.0,18.0,15.298245614035087,5.348447412503069,57,12.0,10.0,16.0,13.09009009009009,5.81003897861482,222,16.0,14.25,20.0,17.3,6.1472667819844045,10
135,20.0,15.0,20.0,17.914285714285715,3.6732052726181688,35,16.0,15.0,20.0,17.60909090909091,5.856885975075077,220,5.0,0.0,10.0,5.276923076923077,5.6388930992363555,65,22.0,18.0,26.0,295,10.0,10.0,15.0,13.290322580645162,8.054785527403762,31,15.0,12.75,20.0,17.1875,5.717905599469481,64,25.0,22.0,25.0,23.39344262295082,4.648579311734537,61,16.0,12.0,20.5,17.0,6.316510514892363,60,12.0,10.0,18.0,13.502024291497976,5.75790336582156,247,15.0,10.0,19.0,15.533333333333333,7.140094703920416,15
136,15.0,14.0,20.0,16.8,5.763985549232814,35,18.0,14.25,20.0,17.488505747126435,5.404706261900219,174,2.0,0.0,10.0,4.654135338345864,6.263222513552592,133,22.5,20.0,26.0,306,10.0,10.0,18.0,13.487179487179487,6.832090667430374,39,15.0,12.0,20.0,15.564516129032258,4.741242030474597,62,25.0,20.0,25.0,23.70967741935484,5.715630271670184,62,14.0,11.5,18.0,15.102941176470589,4.7822423575805315,68,14.0,10.0,18.0,13.919678714859439,5.790841480963707,249,15.0,12.75,28.0,19.5,8.563488385776752,16
137,18.0,15.0,22.0,17.78787878787879,4.668763057261366,33,15.0,12.0,20.0,16.792349726775956,5.1739570216261495,183,6.0,0.0,10.0,5.611111111111111,5.378797651376638,108,22.0,20.0,27.25,288,10.0,10.0,10.0,10.068965517241379,3.25061570522481,29,17.0,13.75,20.0,17.173076923076923,5.004786547508662,52,25.0,25.0,27.0,25.87719298245614,5.3220235660031365,57,15.0,12.0,18.0,15.345454545454546,5.114316079030408,55,13.0,9.0,17.0,13.08675799086758,5.874588253451038,219,16.0,12.75,19.5,17.5,6.272651261321153,14
138,15.0,14.25,20.0,16.25263157894737,4.023091244042911,38,16.0,14.0,20.0,17.36263736263736,5.670543219939697,182,4.0,0.0,10.0,5.269230769230769,6.4700570601532075,78,22.0,20.0,26.0,306,10.0,10.0,17.5,12.884615384615385,5.406121885987574,26,15.0,12.5,20.0,17.028169014084508,5.464095353136604,71,25.0,25.0,27.0,24.797101449275363,5.18362725076281,69,18.0,12.0,20.0,17.34781818181818,5.887751155580004,55,12.0,10.0,16.0,12.775862068965518,5.2703305906750515,232,18.0,13.5,23.0,18.09090909090909,7.313747951010418,11
139,15.5,14.25,20.0,17.394736842105264,4.923959479514759,38,15.0,12.0,20.0,16.49438202247191,5.801078402581309,178,7.0,2.0,10.0,7.010869565217392,5.995409535576641,92,23.0,20.0,26.0,269,10.0,10.0,15.25,11.925,4.468622801668289,40,15.0,14.0,20.0,16.06896551724138,3.950847428375191,58,25.0,22.0,25.0,23.940298507462686,5.479661007583228,67,15.0,10.0,20.0,16.046875,6.285356343524156,64,14.0,10.0,18.0,13.827272727272728,5.655819471825717,220,15.0,10.0,18.0,15.076923076923077,6.224434893513606,13
140,16.5,15.0,20.0,17.556521739130435,5.042735244285718,46,15.5,14.0,20.0,17.35,5.656335746595344,180,4.0,0.0,10.0,5.97196261682243,7.702557703023111,107,23.0,20.0,26.0,313,10.0,8.0,10.0,10.037037037037036,3.837882844661198,27,15.0,12.0,20.0,16.884057971014492,5.470606568917568,69,25.0,23.0,26.0,24.3125,5.226178349505982,72,14.0,12.0,20.0,16.0,5.288840230704223,72,12.0,10.0,18.0,13.425339366515837,5.850414942373168,221,20.0,15.0,28.0,21.333333333333332,8.068162002292597,15
141,15.5,15.0,20.0,17.316666666666666,4.384524828418069,24,16.0,13.0,20.0,16.86875,5.364830587512006,160,3.5,0.0,9.0,4.882352941176471,6.220843465218656,102,22.5,20.0,26.0,294,10.0,10.0,13.0,12.777777777777779,7.747621636711556,27,15.0,12.0,20.0,16.51923076923077,6.079507154352151,52,25.0,25.0,25.0,24.816326530612244,3.173283455847659,49,15.5,12.0,20.0,15.931034482758621,4.800811586963907,58,12.0,10.0,16.5,13.51207729468599,5.994220439190419,207,14.0,12.0,18.0,16.692307692307693,6.811566332161488,13
142,18.0,15.0,20.0,17.586206896551722,4.144852585516766,29,16.0,12.0,20.0,16.65979381443299,5.594939604684322,194,4.0,0.0,10.0,5.56043956043956,6.0317839469279395,91,22.0,20.0,26.0,296,10.0,10.0,14.0,12.538461538461538,6.125211720706623,39,15.0,15.0,20.0,17.121951219512194,5.398651509501968,82,25.0,21.0,30.0,24.317460317460316,6.529895016755745,63,12.0,10.0,16.0,14.319444444444445,5.237530836613351,72,13.0,10.0,16.0,13.32905982905983,5.300280336404274,234,14.0,11.0,19.0,15.272727272727273,5.551412596644373,11
143,15.0,12.0,20.0,16.45,5.586392196917235,28,17.0,14.0,20.0,17.044198895027623,5.399406556300515,181,7.0,2.0,10.0,6.761467889908257,6.221079879119485,109,23.0,20.0,27.0,268,10.0,10.0,14.0,12.344827586206897,5.49854436626488,29,15.5,14.5,20.0,17.642857142857142,5.961783050636542,56,25.0,22.0,25.0,24.37704918032787,5.447213154223083,61,14.5,12.0,18.5,15.381578947368421,5.349061239166258,76,12.0,10.0,17.75,13.12135922330097,5.543603661710856,206,15.0,13.0,18.0,17.692307692307693,7.398024684384964,13
144,16.0,14.0,20.0,16.766666666666666,4.368250129674617,30,17.5,12.0,21.75,17.409523809523808,6.079529127597466,210,5.0,0.0,10.0,5.962962962962963,6.604906029775658,108,23.0,20.0,26.0,285,11.0,10.0,15.75,12.947368421052632,5.362267412815533,38,15.0,12.0,20.0,16.983870967741936,6.223940914538624,62,25.0,22.0,25.0,23.859375,4.8398713989867685,64,14.0,12.0,20.0,16.16883116883117,6.28574535504656,77,13.0,10.0,18.0,13.414746543778802,5.625122554656652,217,15.5,12.75,18.5,17.0625,7.150466185268389,16
145,15.0,14.5,18.0,16.302857142857142,3.9670322078116693,35,16.0,12.0,20.0,16.93103448275862,5.525125172538127,174,6.0,2.0,10.0,7.475728155339806,7.862600303539478,103,23.0,20.0,26.0,286,10.0,10.0,15.5,13.116279069767442,5.233633456630396,43,16.0,15.0,21.0,17.62686567164179,5.864210455769923,67,25.0,24.25,26.0,24.543478260869566,4.080885098652717,46,15.0,13.0,18.0,15.745098039215685,4.6123449014786475,51,12.0,9.0,17.0,13.013513513513514,5.8087776688907535,222,16.0,13.5,27.0,20.0,8.12403840463596,12
146,17.0,15.0,20.0,17.5,4.234410532546359,44,16.0,14.0,20.0,17.24516129032258,5.4371759470345715,155,5.0,0.0,11.0,5.747252747252747,7.5610014130895635,91,23.0,20.0,26.0,256,10.0,10.0,14.0,12.17142857142857,4.090776672162952,35,15.0,14.5,20.0,16.857142857142858,5.437803545645311,84,25.0,20.0,30.0,24.0,6.313641498019763,59,16.0,14.0,21.0,17.0,5.059644256269408,51,12.0,10.0,16.0,13.306034482758621,6.088549878078803,232,16.0,13.25,20.0,15.8,4.49196814077947,10
147,15.0,14.0,20.0,16.727272727272727,4.215097324445243,33,15.0,12.0,20.0,16.21764705882353,5.356490869114637,170,5.0,0.0,10.0,5.467213114754099,6.087766389005028,122,22.0,20.0,26.0,284,12.0,10.0,16.75,14.875,8.843137845613498,24,15.0,15.0,20.0,17.345454545454544,5.571814591775094,55,25.0,25.0,25.0,24.12962962962963,5.576386522891901,54,15.0,12.0,18.0,15.319444444444445,4.863854580181423,72,12.0,9.75,17.25,13.048245614035087,5.8680307987285225,228,15.0,13.5,24.0,18.733333333333334,8.198141485088179,15
148,18.0,14.0,20.0,16.83103448275862,5.544566416661313,29,16.5,12.75,21.25,17.613095238095237,6.231968571671435,168,2.0,0.0,10.0,5.066666666666666,6.944840698311947,120,23.0,20.0,26.0,282,12.0,10.0,14.25,13.375,6.778015149120141,48,16.0,13.5,20.0,17.253164556962027,5.938722029558945,79,25.0,22.0,25.0,24.408461538461538,4.559258859305298,65,14.0,10.0,18.0,15.623376623376624,6.337106597441853,77,12.0,10.0,18.0,13.348837209302326,5.810414919676212,215,16.0,12.0,20.0,17.11764705882353,6.697782776236257,17
149,16.8,14.5,20.0,16.94814814814815,4.310128533722398,27,17.0,14.0,20.0,16.874285714285715,5.2693181993227824,175,5.0,0.0,10.0,5.56701030927835,7.52344559872509,97,23.0,20.0,26.0,275,12.0,10.0,15.0,14.058823529411764,6.114766907376829,34,15.0,15.0,20.0,16.940298507462686,5.268202490916686,67,25.0,24.5,25.5,24.872340425531913,3.893232820502082,47,14.0,10.0,16.5,14.75,4.9343732343314155,52,14.0,10.0,17.0,13.5,5.636769529766789,206,15.0,13.0,23.5,19.133333333333333,8.467304062996561,15
150,15.0,15.0,16.5,16.40625,3.644344934278312,32,16.0,15.0,20.0,17.242236024844722,5.502018263232513,161,10.0,4.0,10.0,8.304878048780488,6.97559949083584,82,22.0,19.0,26.0,281,14.0,12.0,20.0,16.17391304347826,6.027604483563655,23,15.0,12.5,19.5,16.73076923076923,5.373511456638514,78,25.0,20.5,25.0,23.41304347826087,5.9575389659993805,46,15.0,12.0,18.0,15.526315789473685,4.404159005003496,57,12.0,10.0,16.0,12.967592592592593,5.226396841503245,216,16.5,14.0,20.0,17.5625,5.513241635674364,16
151,15.0,14.0,20.0,16.46511627906977,3.819429259340934,43,15.0,12.0,20.0,16.54022988505747,5.079266702572796,174,5.0,0.0,10.0,5.552380952380952,6.894787541186114,105,23.0,20.0,26.0,256,13.0,10.0,16.0,15.75,10.755180753640463,24,15.0,14.75,20.0,17.75,6.42343859473115,72,25.0,24.25,25.0,24.0,6.115901840215304,48,13.0,10.0,19.0,15.134615384615385,5.911201882215469,52,13.0,10.0,16.0,13.410138248847927,5.772098315368532,217,15.5,11.5,23.0,18.166666666666668,9.203095658362447,12
152,18.0,14.0,20.0,16.85,4.166653333312,26,16.0,12.0,20.0,17.129943502824858,5.506200688271107,177,5.0,0.0,10.0,6.351648351648351,6.799303275374986,91,23.0,20.0,26.0,272,14.0,10.0,18.0,16.46153846153846,11.389852718067571,39,15.5,12.0,20.5,17.65625,6.657657603234395,64,25.0,22.5,25.0,24.253968253968253,4.902166255746119,63,15.0,12.0,20.0,15.594202898550725,4.606002607147579,69,13.0,10.0,18.0,13.654028436018958,5.365562179674135,211,,,,,,
153,15.0,15.0,20.0,16.72,4.401893531954932,25,16.0,12.5,20.0,16.87741935483871,5.85577246988845,155,2.0,0.0,9.5,4.747252747252747,5.759231057071974,91,22.5,20.0,26.0,290,10.0,9.0,24.0,17.225806451612904,13.812336701705844,31,15.0,13.0,18.0,15.535211267605634,4.686853912550028,71,25.0,24.0,26.0,24.92666666666667,5.057505673389169,45,16.0,13.0,20.0,17.037735849056602,5.964517725525946,53,12.0,10.0,16.0,12.90521327014218,5.4615993930798075,211,16.0,12.5,20.0,17.4,7.632636691022498,15
154,15.0,15.0,20.0,17.374468085106383,4.397354347149441,47,15.0,12.0,20.0,16.448275862068964,5.823529352548334,174,5.0,0.0,10.75,5.795081967213115,6.749274248820227,122,22.0,20.0,26.0,292,14.0,10.0,25.0,17.166666666666668,12.217374007628496,42,15.0,15.0,20.0,17.142857142857142,4.887455170649935,77,25.0,24.0,25.0,23.821428571428573,4.951059180921494,56,14.0,10.0,18.0,14.84375,4.550313960910516,64,13.0,10.0,17.0,13.586497890295359,6.190984695249824,237,16.0,12.0,19.5,16.2,5.028805910838963,10
155,15.5,12.25,20.0,16.210526315789473,4.58055758872357,38,16.0,14.0,20.0,17.434782608695652,5.6033278155660025,161,4.0,0.0,9.5,4.518072289156627,6.6614314834984745,83,23.0,20.0,26.0,297,11.0,10.0,15.5,15.352941176470589,11.546696636205358,34,15.0,15.0,20.0,16.926470588235293,5.1291271739240605,68,25.0,25.0,25.0,24.372549019607842,5.05553472666829,51,15.0,12.0,18.0,15.132075471698114,4.489465172228874,53,13.0,10.0,16.25,13.142857142857142,5.294409242849406,196,14.0,10.0,17.0,15.076923076923077,5.950651763484099,13
156,16.0,15.0,18.0,16.586206896551722,3.375513097286209,29,16.0,14.0,20.0,16.880681818181817,5.348695070859711,176,8.0,1.0,10.0,6.938775510204081,5.807596032873115,98,22.0,20.0,26.0,270,14.0,10.0,22.0,17.162790697674417,11.608556434921983,43,15.0,12.0,20.0,16.043478260869566,5.5873670075202995,69,25.0,22.25,25.0,24.53030303030303,4.849170260410765,66,15.0,12.0,21.0,16.35593220338983,5.984931399556167,59,13.0,10.0,18.0,13.896995708154506,5.877165007172525,233,15.0,12.75,24.5,17.8125,7.035327521397517,16
157,15.0,12.5,19.5,15.738235294117647,4.415812818955295,34,15.0,12.75,20.0,17.17361111111111,6.069907271225342,144,6.0,0.0,10.0,7.020618556701031,7.828872020502192,97,23.0,20.0,26.0,238,10.0,9.5,14.5,14.612903225806452,10.892435966776329,31,15.0,14.0,20.0,16.467741935483872,4.762275740378009,62,25.0,25.0,26.0,25.36777777777778,4.894374734366388,45,16.0,12.0,20.0,16.483870967741936,5.416253424961354,62,12.0,10.0,17.5,13.232323232323232,5.822812275743038,198,14.5,12.25,19.25,16.3,7.888810641239484,10
158,15.0,15.0,20.0,17.080000000000002,5.004071069911705,45,16.0,14.0,20.0,17.55191256830601,5.6341076843549125,183,4.0,0.0,10.0,5.646464646464646,6.421127644805094,99,22.0,20.0,26.0,260,10.0,10.0,17.5,16.657894736842106,12.110474170620607,38,15.0,12.0,16.0,15.507692307692308,4.507365766592073,65,25.0,24.75,25.0,24.466666666666665,4.023097156975367,60,15.0,10.0,18.5,15.916666666666666,6.073816175836496,60,12.0,10.0,17.0,13.314655172413794,5.746457659998457,232,15.0,14.0,19.0,17.727272727272727,6.694638288823514,11
159,15.5,14.0,20.0,17.0,4.4557444424681005,42,16.0,12.0,20.0,16.60112359550562,5.804089623491285,178,4.0,0.0,9.0,5.801980198019802,7.390561280417339,101,23.0,20.0,26.0,240,14.0,10.0,18.5,15.46875,8.918933738528281,32,16.0,13.5,22.5,18.063492063492063,6.382620090661058,63,25.0,22.0,25.0,23.615384615384617,4.661708203929349,52,14.0,10.5,18.0,14.580645161290322,5.804318310736694,62,13.0,10.0,16.0,13.024896265560166,5.3665051563714155,241,15.0,14.0,15.75,15.3,2.94580681270476,10
160,15.0,15.0,19.5,16.205882352941178,4.005900282913798,34,15.0,14.0,20.0,17.01212121212121,6.110754093806602,165,5.0,0.0,12.0,6.696078431372549,7.6608677941943535,102,23.0,20.0,26.0,295,12.0,10.0,19.0,14.465116279069768,7.420527632405942,43,15.0,15.0,20.0,17.19298245614035,5.591570813322585,57,25.0,23.0,25.0,24.672727272727272,4.71032964740318,55,16.0,12.0,20.5,16.34375,5.612397699424725,64,12.0,10.0,18.0,13.823232323232324,6.035770332708468,198,15.0,12.0,21.5,16.833333333333332,6.706011350668452,18
161,18.0,15.0,20.1,17.96896551724138,4.281947441483328,29,16.0,12.0,21.5,16.95364238410596,6.21003247264121,151,4.0,0.0,8.25,4.88,5.946359551792335,100,23.0,20.0,26.5,239,10.0,10.0,14.0,12.564102564102564,7.1480393771000035,39,15.0,14.0,20.0,16.272727272727273,4.447960788912602,44,25.0,25.0,25.5,25.825,3.9670921986790932,40,16.0,14.0,18.0,16.842105263157894,4.641332030317076,38,14.0,10.0,18.0,13.813397129186603,5.709187302412682,209,17.5,14.0,20.0,20.357142857142858,9.950702664459605,14
162,16.0,15.0,20.0,17.209756097560977,5.092337620290351,41,16.0,12.0,20.0,16.551724137931036,5.536549332667019,174,4.0,0.0,10.0,4.977528089887641,6.777264009656726,89,22.0,20.0,26.0,262,10.0,10.0,18.0,14.606060606060606,6.754347645865743,33,16.0,15.0,22.0,17.818181818181817,5.340438158080263,66,25.0,24.0,25.0,24.454545454545453,5.292031217367715,66,15.0,10.0,20.0,15.575342465753424,5.732262032224999,73,12.0,10.0,17.0,13.598984771573605,5.982678993865914,197,15.0,14.0,20.0,17.454545454545453,7.501514998500454,11
163,15.0,12.0,17.0,15.806451612903226,3.7096213179488613,31,15.0,12.0,20.0,17.022727272727273,6.307324128530074,176,5.0,0.0,9.5,5.638297872340425,6.66050962535584,94,23.0,20.0,26.0,253,10.0,10.0,15.75,13.964285714285714,7.446013812310698,28,16.0,15.0,21.0,17.322033898305083,5.299449151485077,59,25.0,25.0,25.0,24.0,4.506785008308152,46,14.0,10.0,19.0,15.472727272727273,5.231155050749611,55,12.0,10.0,18.0,13.63679245283019,6.104552344859334,212,,,,,,
164,18.0,14.0,20.025,17.217857142857145,4.024375136352876,28,17.0,15.0,20.0,17.516666666666666,5.856911441460393,150,5.0,0.0,10.0,5.445544554455446,6.226516277220759,101,23.0,20.0,26.0,301,10.0,10.0,15.0,13.341463414634147,7.4148828584730895,41,15.0,12.0,21.0,17.571428571428573,7.415577078699824,63,25.0,23.5,25.0,24.618181818181817,4.49069370658142,55,15.5,12.0,20.0,16.3125,5.398044913567215,64,14.0,10.0,18.0,13.832460732984293,5.6226228864694425,191,15.0,12.0,18.0,16.72222222222222,7.036088113981547,18
165,16.0,15.0,20.0,17.28205128205128,5.165414936961517,39,16.0,13.0,22.0,17.471337579617835,6.34939983995473,157,3.5,0.0,10.0,5.387755102040816,6.570211835875055,98,23.0,20.0,26.0,249,10.0,10.0,16.0,12.814814814814815,4.472454471858714,27,16.0,15.0,22.0,17.608695652173914,5.5356551790072315,46,25.0,25.0,27.0,25.452380952380953,3.9706384628363196,42,18.0,10.0,20.0,16.5,5.90708193791796,48,14.0,10.0,18.0,13.783783783783784,6.060093696071901,185,,,,,,
166,16.0,15.0,20.0,17.161290322580644,4.676870564765493,31,16.0,12.0,20.0,17.35,6.082452335620422,160,4.0,0.0,10.0,5.577981651376147,7.115832084789485,109,22.0,18.0,26.0,229,12.0,10.0,16.0,12.771428571428572,4.917470142770774,35,15.0,15.0,20.0,17.246153846153845,6.446973052406961,65,25.0,24.0,25.0,24.508474576271187,4.372219831350298,59,14.0,12.0,16.0,14.39655172413793,4.017242028409732,58,13.0,10.0,18.0,13.603174603174603,5.646142580426085,189,14.0,12.5,17.25,15.5,6.047885835308326,14
167,15.0,13.0,22.0,17.307317073170733,5.346044811068386,41,15.0,12.25,20.0,16.95263157894737,5.81667630153863,190,7.0,0.0,14.0,8.022222222222222,8.125390608108146,90,22.0,20.0,26.0,230,10.0,10.0,16.0,13.0,6.745368781616021,29,15.0,13.0,20.0,17.0,5.5368086475875256,65,25.0,25.0,25.0,23.68,4.122808632523243,50,14.0,12.0,18.0,14.587301587301587,4.6372785422644,63,13.0,10.0,18.0,13.571428571428571,5.593035962878415,196,,,,,,
168,17.0,15.0,20.0,16.823529411764707,4.323793145581252,34,17.0,14.0,20.0,17.106770833333332,5.829183304680314,192,5.0,0.0,10.0,6.215189873417722,6.910918314570457,79,23.0,20.0,26.0,300,12.0,10.0,16.0,13.891891891891891,5.48626458522546,37,15.0,13.0,20.0,17.285714285714285,6.523972101531922,63,25.0,23.0,25.0,24.052287581699346,4.181638460922336,51,16.0,12.0,20.0,16.970149253731343,5.736565727072441,67,13.0,10.0,17.0,13.358649789029537,5.53131101629948,237,15.0,12.5,15.75,16.88888888888889,7.136392966699872,18
